category;front;back;front_de;back_de;front_en;back_en;is_bidirectional
B1 Vokabelliste;"absolut; völlig";absolutely — Solar power is absolutely essential for the energy transition.;"absolut; völlig";absolutely — Solar power is absolutely essential for the energy transition.;absolutely — Solar power is absolutely essential for the energy transition.;"absolut; völlig";1
B1 Vokabelliste;akademisch;academic — She wrote an academic paper on wind energy.;akademisch;academic — She wrote an academic paper on wind energy.;academic — She wrote an academic paper on wind energy.;akademisch;1
B1 Vokabelliste;"Zugang; zugreifen";access — Everyone should have access to clean electricity.;"Zugang; zugreifen";access — Everyone should have access to clean electricity.;access — Everyone should have access to clean electricity.;"Zugang; zugreifen";1
B1 Vokabelliste;Unterkunft;accommodation — The hikers found simple accommodation near the lake.;Unterkunft;accommodation — The hikers found simple accommodation near the lake.;accommodation — The hikers found simple accommodation near the lake.;Unterkunft;1
B1 Vokabelliste;"Konto; Bericht";account — Switching to a green energy provider can lower your account costs.;"Konto; Bericht";account — Switching to a green energy provider can lower your account costs.;account — Switching to a green energy provider can lower your account costs.;"Konto; Bericht";1
B1 Vokabelliste;"Leistung; Erfolg";achievement — Reaching 50% renewable power was a huge achievement.;"Leistung; Erfolg";achievement — Reaching 50% renewable power was a huge achievement.;achievement — Reaching 50% renewable power was a huge achievement.;"Leistung; Erfolg";1
B1 Vokabelliste;"Handlung; Akt";act — Turning off the lights was a simple act that saved energy.;"Handlung; Akt";act — Turning off the lights was a simple act that saved energy.;act — Turning off the lights was a simple act that saved energy.;"Handlung; Akt";1
B1 Vokabelliste;"Anzeige; Werbung";ad — The ad promoted a new electric car.;"Anzeige; Werbung";ad — The ad promoted a new electric car.;ad — The ad promoted a new electric car.;"Anzeige; Werbung";1
B1 Vokabelliste;"Ergänzung; Addition";addition — The battery was a useful addition to the solar system.;"Ergänzung; Addition";addition — The battery was a useful addition to the solar system.;addition — The battery was a useful addition to the solar system.;"Ergänzung; Addition";1
B1 Vokabelliste;bewundern;admire — I admire athletes who train every single day.;bewundern;admire — I admire athletes who train every single day.;admire — I admire athletes who train every single day.;bewundern;1
B1 Vokabelliste;"zugeben; einräumen";admit — He had to admit that his old boiler wasted a lot of energy.;"zugeben; einräumen";admit — He had to admit that his old boiler wasted a lot of energy.;admit — He had to admit that his old boiler wasted a lot of energy.;"zugeben; einräumen";1
B1 Vokabelliste;fortgeschritten;advanced — The power plant uses advanced turbine technology.;fortgeschritten;advanced — The power plant uses advanced turbine technology.;advanced — The power plant uses advanced turbine technology.;fortgeschritten;1
B1 Vokabelliste;"raten; beraten";advise — Experts advise insulating your home to save energy.;"raten; beraten";advise — Experts advise insulating your home to save energy.;advise — Experts advise insulating your home to save energy.;"raten; beraten";1
B1 Vokabelliste;sich leisten können;afford — Many families cannot afford high electricity bills.;sich leisten können;afford — Many families cannot afford high electricity bills.;afford — Many families cannot afford high electricity bills.;sich leisten können;1
B1 Vokabelliste;altern;age — Wind turbines can operate for about 20 years before they age out.;altern;age — Wind turbines can operate for about 20 years before they age out.;age — Wind turbines can operate for about 20 years before they age out.;altern;1
B1 Vokabelliste;"im Alter von; gealtert";aged — The aged power lines needed to be replaced.;"im Alter von; gealtert";aged — The aged power lines needed to be replaced.;aged — The aged power lines needed to be replaced.;"im Alter von; gealtert";1
B1 Vokabelliste;"Agent; Vertreter";agent — The agent represented the company in the negotiations.;"Agent; Vertreter";agent — The agent represented the company in the negotiations.;agent — The agent represented the company in the negotiations.;"Agent; Vertreter";1
B1 Vokabelliste;"Vereinbarung; Einigung";agreement — Countries signed an agreement to cut carbon emissions.;"Vereinbarung; Einigung";agreement — Countries signed an agreement to cut carbon emissions.;agreement — Countries signed an agreement to cut carbon emissions.;"Vereinbarung; Einigung";1
B1 Vokabelliste;"voraus; voran";ahead — Denmark is far ahead in offshore wind power.;"voraus; voran";ahead — Denmark is far ahead in offshore wind power.;ahead — Denmark is far ahead in offshore wind power.;"voraus; voran";1
B1 Vokabelliste;"Ziel; zielen";aim — Our aim is to reach climate neutrality by 2045.;"Ziel; zielen";aim — Our aim is to reach climate neutrality by 2045.;aim — Our aim is to reach climate neutrality by 2045.;"Ziel; zielen";1
B1 Vokabelliste;"Alarm; Wecker";alarm — The control room alarm warned of a sudden drop in frequency.;"Alarm; Wecker";alarm — The control room alarm warned of a sudden drop in frequency.;alarm — The control room alarm warned of a sudden drop in frequency.;"Alarm; Wecker";1
B1 Vokabelliste;Album;album — She shared a photo album from her mountain trip.;Album;album — She shared a photo album from her mountain trip.;album — She shared a photo album from her mountain trip.;Album;1
B1 Vokabelliste;Alkohol;alcohol — Alcohol can be used as a biofuel in some engines.;Alkohol;alcohol — Alcohol can be used as a biofuel in some engines.;alcohol — Alcohol can be used as a biofuel in some engines.;Alkohol;1
B1 Vokabelliste;alkoholisch;alcoholic — This drink is alcoholic, so I will not have it before the race.;alkoholisch;alcoholic — This drink is alcoholic, so I will not have it before the race.;alcoholic — This drink is alcoholic, so I will not have it before the race.;alkoholisch;1
B1 Vokabelliste;alternativ;alternative — We need an alternative source of energy on cloudy days.;alternativ;alternative — We need an alternative source of energy on cloudy days.;alternative — We need an alternative source of energy on cloudy days.;alternativ;1
B1 Vokabelliste;erstaunt;amazed — We were amazed by the size of the offshore wind farm.;erstaunt;amazed — We were amazed by the size of the offshore wind farm.;amazed — We were amazed by the size of the offshore wind farm.;erstaunt;1
B1 Vokabelliste;"Ehrgeiz; Ziel";ambition — Her ambition is to design better batteries.;"Ehrgeiz; Ziel";ambition — Her ambition is to design better batteries.;ambition — Her ambition is to design better batteries.;"Ehrgeiz; Ziel";1
B1 Vokabelliste;ehrgeizig;ambitious — Germany has an ambitious plan for renewable energy.;ehrgeizig;ambitious — Germany has an ambitious plan for renewable energy.;ambitious — Germany has an ambitious plan for renewable energy.;ehrgeizig;1
B1 Vokabelliste;analysieren;analyse — Engineers analyse the data from every wind turbine.;analysieren;analyse — Engineers analyse the data from every wind turbine.;analyse — Engineers analyse the data from every wind turbine.;analysieren;1
B1 Vokabelliste;Analyse;analysis — The analysis showed that solar output peaks at noon.;Analyse;analysis — The analysis showed that solar output peaks at noon.;analysis — The analysis showed that solar output peaks at noon.;Analyse;1
B1 Vokabelliste;"ankündigen; bekannt geben";announce — The company will announce a new solar project tomorrow.;"ankündigen; bekannt geben";announce — The company will announce a new solar project tomorrow.;announce — The company will announce a new solar project tomorrow.;"ankündigen; bekannt geben";1
B1 Vokabelliste;"Ankündigung; Durchsage";announcement — The announcement about the power cut surprised everyone.;"Ankündigung; Durchsage";announcement — The announcement about the power cut surprised everyone.;announcement — The announcement about the power cut surprised everyone.;"Ankündigung; Durchsage";1
B1 Vokabelliste;"ärgern; nerven";annoy — Flickering lights from an unstable grid can annoy people.;"ärgern; nerven";annoy — Flickering lights from an unstable grid can annoy people.;annoy — Flickering lights from an unstable grid can annoy people.;"ärgern; nerven";1
B1 Vokabelliste;"genervt; verärgert";annoyed — He was annoyed by the high heating bill.;"genervt; verärgert";annoyed — He was annoyed by the high heating bill.;annoyed — He was annoyed by the high heating bill.;"genervt; verärgert";1
B1 Vokabelliste;"nervig; ärgerlich";annoying — A constant humming from the transformer is annoying.;"nervig; ärgerlich";annoying — A constant humming from the transformer is annoying.;annoying — A constant humming from the transformer is annoying.;"nervig; ärgerlich";1
B1 Vokabelliste;"getrennt; auseinander";apart — The two wind turbines stand far apart.;"getrennt; auseinander";apart — The two wind turbines stand far apart.;apart — The two wind turbines stand far apart.;"getrennt; auseinander";1
B1 Vokabelliste;sich entschuldigen;apologize — The provider had to apologize for the blackout.;sich entschuldigen;apologize — The provider had to apologize for the blackout.;apologize — The provider had to apologize for the blackout.;sich entschuldigen;1
B1 Vokabelliste;"Bewerbung; Anwendung";application — She sent an application for a job in the energy sector.;"Bewerbung; Anwendung";application — She sent an application for a job in the energy sector.;application — She sent an application for a job in the energy sector.;"Bewerbung; Anwendung";1
B1 Vokabelliste;Termin;appointment — I have an appointment with the solar panel installer.;Termin;appointment — I have an appointment with the solar panel installer.;appointment — I have an appointment with the solar panel installer.;Termin;1
B1 Vokabelliste;"schätzen; würdigen";appreciate — I really appreciate your help with the project.;"schätzen; würdigen";appreciate — I really appreciate your help with the project.;appreciate — I really appreciate your help with the project.;"schätzen; würdigen";1
B1 Vokabelliste;ungefähr;approximately — A wind turbine runs at full power approximately 2,000 hours a year.;ungefähr;approximately — A wind turbine runs at full power approximately 2,000 hours a year.;approximately — A wind turbine runs at full power approximately 2,000 hours a year.;ungefähr;1
B1 Vokabelliste;"verhaften; Festnahme";arrest — The police had to arrest the trespasser at the power station.;"verhaften; Festnahme";arrest — The police had to arrest the trespasser at the power station.;arrest — The police had to arrest the trespasser at the power station.;"verhaften; Festnahme";1
B1 Vokabelliste;Ankunft;arrival — The arrival of cheap solar power changed the market.;Ankunft;arrival — The arrival of cheap solar power changed the market.;arrival — The arrival of cheap solar power changed the market.;Ankunft;1
B1 Vokabelliste;"Aufgabe; Arbeitsauftrag";assignment — Her assignment was to calculate the grid losses.;"Aufgabe; Arbeitsauftrag";assignment — Her assignment was to calculate the grid losses.;assignment — Her assignment was to calculate the grid losses.;"Aufgabe; Arbeitsauftrag";1
B1 Vokabelliste;"helfen; unterstützen";assist — Batteries assist the grid when demand is high.;"helfen; unterstützen";assist — Batteries assist the grid when demand is high.;assist — Batteries assist the grid when demand is high.;"helfen; unterstützen";1
B1 Vokabelliste;Atmosphäre;atmosphere — Burning coal releases CO2 into the atmosphere.;Atmosphäre;atmosphere — Burning coal releases CO2 into the atmosphere.;atmosphere — Burning coal releases CO2 into the atmosphere.;Atmosphäre;1
B1 Vokabelliste;"anhängen; befestigen";attach — Attach the solar panel firmly to the roof.;"anhängen; befestigen";attach — Attach the solar panel firmly to the roof.;attach — Attach the solar panel firmly to the roof.;"anhängen; befestigen";1
B1 Vokabelliste;"Einstellung; Haltung";attitude — A positive attitude helps athletes win.;"Einstellung; Haltung";attitude — A positive attitude helps athletes win.;attitude — A positive attitude helps athletes win.;"Einstellung; Haltung";1
B1 Vokabelliste;anziehen;attract — Clean energy jobs attract many young people.;anziehen;attract — Clean energy jobs attract many young people.;attract — Clean energy jobs attract many young people.;anziehen;1
B1 Vokabelliste;"Attraktion; Anziehung";attraction — The old hydropower dam is a popular tourist attraction.;"Attraktion; Anziehung";attraction — The old hydropower dam is a popular tourist attraction.;attraction — The old hydropower dam is a popular tourist attraction.;"Attraktion; Anziehung";1
B1 Vokabelliste;"Behörde; Autorität";authority — The energy authority regulates the power grid.;"Behörde; Autorität";authority — The energy authority regulates the power grid.;authority — The energy authority regulates the power grid.;"Behörde; Autorität";1
B1 Vokabelliste;"im Durchschnitt betragen; durchschnittlich erreichen";average — Household electricity use averages about 3,000 kWh per year.;"im Durchschnitt betragen; durchschnittlich erreichen";average — Household electricity use averages about 3,000 kWh per year.;average — Household electricity use averages about 3,000 kWh per year.;"im Durchschnitt betragen; durchschnittlich erreichen";1
B1 Vokabelliste;"auszeichnen; Preis verleihen";award — The jury will award the prize to the best energy project.;"auszeichnen; Preis verleihen";award — The jury will award the prize to the best energy project.;award — The jury will award the prize to the best energy project.;"auszeichnen; Preis verleihen";1
B1 Vokabelliste;sich einer Sache bewusst sein;aware — People are becoming more aware of their energy use.;sich einer Sache bewusst sein;aware — People are becoming more aware of their energy use.;aware — People are becoming more aware of their energy use.;sich einer Sache bewusst sein;1
B1 Vokabelliste;rückwärts;backwards — Surplus solar power can make an old meter run backwards.;rückwärts;backwards — Surplus solar power can make an old meter run backwards.;backwards — Surplus solar power can make an old meter run backwards.;rückwärts;1
B1 Vokabelliste;backen;bake — We use the oven to bake bread on sunny days with cheap solar power.;backen;bake — We use the oven to bake bread on sunny days with cheap solar power.;bake — We use the oven to bake bread on sunny days with cheap solar power.;backen;1
B1 Vokabelliste;"Gleichgewicht; ausgleichen";balance — The grid must keep a balance between supply and demand.;"Gleichgewicht; ausgleichen";balance — The grid must keep a balance between supply and demand.;balance — The grid must keep a balance between supply and demand.;"Gleichgewicht; ausgleichen";1
B1 Vokabelliste;"Verbot; verbieten";ban — Several cities plan to ban old oil heating systems.;"Verbot; verbieten";ban — Several cities plan to ban old oil heating systems.;ban — Several cities plan to ban old oil heating systems.;"Verbot; verbieten";1
B1 Vokabelliste;Ufer;bank (river) — Willows grow along the bank of the river near the small hydropower plant.;Ufer;bank (river) — Willows grow along the bank of the river near the small hydropower plant.;bank (river) — Willows grow along the bank of the river near the small hydropower plant.;Ufer;1
B1 Vokabelliste;"Basis; auf etwas stützen; auf etwas basieren";base — The wind turbine stands on a huge concrete base.;"Basis; auf etwas stützen; auf etwas basieren";base — The wind turbine stands on a huge concrete base.;base — The wind turbine stands on a huge concrete base.;"Basis; auf etwas stützen; auf etwas basieren";1
B1 Vokabelliste;"grundlegend; einfach";basic — Understanding voltage is a basic part of electrical engineering.;"grundlegend; einfach";basic — Understanding voltage is a basic part of electrical engineering.;basic — Understanding voltage is a basic part of electrical engineering.;"grundlegend; einfach";1
B1 Vokabelliste;Grundlage;basis — Forecasts form the basis for grid planning.;Grundlage;basis — Forecasts form the basis for grid planning.;basis — Forecasts form the basis for grid planning.;Grundlage;1
B1 Vokabelliste;"Batterie; Akku";battery — The home battery stores solar power for the evening.;"Batterie; Akku";battery — The home battery stores solar power for the evening.;battery — The home battery stores solar power for the evening.;"Batterie; Akku";1
B1 Vokabelliste;"Schlacht; Kampf";battle — Cities face a battle against rising energy costs.;"Schlacht; Kampf";battle — Cities face a battle against rising energy costs.;battle — Cities face a battle against rising energy costs.;"Schlacht; Kampf";1
B1 Vokabelliste;Schönheit;beauty — The beauty of the mountains attracts many hikers.;Schönheit;beauty — The beauty of the mountains attracts many hikers.;beauty — The beauty of the mountains attracts many hikers.;Schönheit;1
B1 Vokabelliste;Biene;bee — A single bee can visit thousands of flowers in a day.;Biene;bee — A single bee can visit thousands of flowers in a day.;bee — A single bee can visit thousands of flowers in a day.;Biene;1
B1 Vokabelliste;"Glaube; Überzeugung";belief — There is a strong belief that renewables will dominate.;"Glaube; Überzeugung";belief — There is a strong belief that renewables will dominate.;belief — There is a strong belief that renewables will dominate.;"Glaube; Überzeugung";1
B1 Vokabelliste;"Glocke; Klingel";bell — The old church bell rings every hour in the village.;"Glocke; Klingel";bell — The old church bell rings every hour in the village.;bell — The old church bell rings every hour in the village.;"Glocke; Klingel";1
B1 Vokabelliste;"biegen; Biegung";bend — The river makes a sharp bend near the dam.;"biegen; Biegung";bend — The river makes a sharp bend near the dam.;bend — The river makes a sharp bend near the dam.;"biegen; Biegung";1
B1 Vokabelliste;"nützen; profitieren";benefit — Local communities can benefit from new wind projects.;"nützen; profitieren";benefit — Local communities can benefit from new wind projects.;benefit — Local communities can benefit from new wind projects.;"nützen; profitieren";1
B1 Vokabelliste;etwas Besseres;better — We need something better than this old heating system.;etwas Besseres;better — We need something better than this old heating system.;better — We need something better than this old heating system.;etwas Besseres;1
B1 Vokabelliste;"beißen; Biss";bite — A mosquito bite is itchy but harmless.;"beißen; Biss";bite — A mosquito bite is itchy but harmless.;bite — A mosquito bite is itchy but harmless.;"beißen; Biss";1
B1 Vokabelliste;"Block; blockieren";block — A fallen tree can block a power line.;"Block; blockieren";block — A fallen tree can block a power line.;block — A fallen tree can block a power line.;"Block; blockieren";1
B1 Vokabelliste;"einsteigen; an Bord gehen";board — We boarded the ferry to the island early in the morning.;"einsteigen; an Bord gehen";board — We boarded the ferry to the island early in the morning.;board — We boarded the ferry to the island early in the morning.;"einsteigen; an Bord gehen";1
B1 Vokabelliste;"Bombe; bombardieren";bomb — The old factory was once damaged by a bomb.;"Bombe; bombardieren";bomb — The old factory was once damaged by a bomb.;bomb — The old factory was once damaged by a bomb.;"Bombe; bombardieren";1
B1 Vokabelliste;Grenze;border — The power line crosses the border into the neighbouring country.;Grenze;border — The power line crosses the border into the neighbouring country.;border — The power line crosses the border into the neighbouring country.;Grenze;1
B1 Vokabelliste;"stören; sich die Mühe machen";bother — Don't bother leaving lights on in empty rooms.;"stören; sich die Mühe machen";bother — Don't bother leaving lights on in empty rooms.;bother — Don't bother leaving lights on in empty rooms.;"stören; sich die Mühe machen";1
B1 Vokabelliste;"Ast; Zweigstelle";branch — A branch fell on the overhead line during the storm.;"Ast; Zweigstelle";branch — A branch fell on the overhead line during the storm.;branch — A branch fell on the overhead line during the storm.;"Ast; Zweigstelle";1
B1 Vokabelliste;"Marke; mit einer Marke kennzeichnen; als etwas bezeichnen";brand — This brand of solar panel is known for high efficiency.;"Marke; mit einer Marke kennzeichnen; als etwas bezeichnen";brand — This brand of solar panel is known for high efficiency.;brand — This brand of solar panel is known for high efficiency.;"Marke; mit einer Marke kennzeichnen; als etwas bezeichnen";1
B1 Vokabelliste;mutig;brave — The firefighters were brave during the forest fire.;mutig;brave — The firefighters were brave during the forest fire.;brave — The firefighters were brave during the forest fire.;mutig;1
B1 Vokabelliste;Atem;breath — Take a deep breath before the big race.;Atem;breath — Take a deep breath before the big race.;breath — Take a deep breath before the big race.;Atem;1
B1 Vokabelliste;atmen;breathe — It is easier to breathe in clean mountain air.;atmen;breathe — It is easier to breathe in clean mountain air.;breathe — It is easier to breathe in clean mountain air.;atmen;1
B1 Vokabelliste;Atmung;breathing — Steady breathing helps runners keep their pace.;Atmung;breathing — Steady breathing helps runners keep their pace.;breathing — Steady breathing helps runners keep their pace.;Atmung;1
B1 Vokabelliste;Braut;bride — The bride wore a long white dress.;Braut;bride — The bride wore a long white dress.;bride — The bride wore a long white dress.;Braut;1
B1 Vokabelliste;Blase;bubble — A gas bubble rose slowly through the water.;Blase;bubble — A gas bubble rose slowly through the water.;bubble — A gas bubble rose slowly through the water.;Blase;1
B1 Vokabelliste;begraben;bury — Engineers sometimes bury power cables underground.;begraben;bury — Engineers sometimes bury power cables underground.;bury — Engineers sometimes bury power cables underground.;begraben;1
B1 Vokabelliste;"vorbei; in der Nähe";by — We cycled by the wind farm on our way home.;"vorbei; in der Nähe";by — We cycled by the wind farm on our way home.;by — We cycled by the wind farm on our way home.;"vorbei; in der Nähe";1
B1 Vokabelliste;"ruhig; beruhigen; Ruhe";calm — The sea was calm, so the offshore turbines turned slowly.;"ruhig; beruhigen; Ruhe";calm — The sea was calm, so the offshore turbines turned slowly.;calm — The sea was calm, so the offshore turbines turned slowly.;"ruhig; beruhigen; Ruhe";1
B1 Vokabelliste;"Kampagne; Kampagne führen";campaign — The campaign encouraged people to save energy.;"Kampagne; Kampagne führen";campaign — The campaign encouraged people to save energy.;campaign — The campaign encouraged people to save energy.;"Kampagne; Kampagne führen";1
B1 Vokabelliste;"Campus; Hochschulgelände";campus — The university campus is powered partly by solar panels.;"Campus; Hochschulgelände";campus — The university campus is powered partly by solar panels.;campus — The university campus is powered partly by solar panels.;"Campus; Hochschulgelände";1
B1 Vokabelliste;"Kandidat; Kandidatin";candidate — She is a strong candidate for the engineering job.;"Kandidat; Kandidatin";candidate — She is a strong candidate for the engineering job.;candidate — She is a strong candidate for the engineering job.;"Kandidat; Kandidatin";1
B1 Vokabelliste;"Kappe; Mütze";cap — She wore a cap during the sunny hike.;"Kappe; Mütze";cap — She wore a cap during the sunny hike.;cap — She wore a cap during the sunny hike.;"Kappe; Mütze";1
B1 Vokabelliste;"Kapitän; Mannschaftsführer";captain — The team captain led the players onto the field.;"Kapitän; Mannschaftsführer";captain — The team captain led the players onto the field.;captain — The team captain led the players onto the field.;"Kapitän; Mannschaftsführer";1
B1 Vokabelliste;"unvorsichtig; nachlässig";careless — A careless mistake caused the short circuit.;"unvorsichtig; nachlässig";careless — A careless mistake caused the short circuit.;careless — A careless mistake caused the short circuit.;"unvorsichtig; nachlässig";1
B1 Vokabelliste;Kategorie;category — Hydropower falls into the category of renewable energy.;Kategorie;category — Hydropower falls into the category of renewable energy.;category — Hydropower falls into the category of renewable energy.;Kategorie;1
B1 Vokabelliste;Decke;ceiling — The lamp hangs from the ceiling.;Decke;ceiling — The lamp hangs from the ceiling.;ceiling — The lamp hangs from the ceiling.;Decke;1
B1 Vokabelliste;Feier;celebration — There was a big celebration after the marathon.;Feier;celebration — There was a big celebration after the marathon.;celebration — There was a big celebration after the marathon.;Feier;1
B1 Vokabelliste;zentral;central — The central control room manages the whole grid.;zentral;central — The central control room manages the whole grid.;central — The central control room manages the whole grid.;zentral;1
B1 Vokabelliste;"zentrieren; in den Mittelpunkt stellen";centre — Please centre the title above the chart.;"zentrieren; in den Mittelpunkt stellen";centre — Please centre the title above the chart.;centre — Please centre the title above the chart.;"zentrieren; in den Mittelpunkt stellen";1
B1 Vokabelliste;"Zeremonie; Feier";ceremony — The opening ceremony of the wind farm drew a large crowd.;"Zeremonie; Feier";ceremony — The opening ceremony of the wind farm drew a large crowd.;ceremony — The opening ceremony of the wind farm drew a large crowd.;"Zeremonie; Feier";1
B1 Vokabelliste;Kette;chain — Energy flows through a chain from the power plant to the socket.;Kette;chain — Energy flows through a chain from the power plant to the socket.;chain — Energy flows through a chain from the power plant to the socket.;Kette;1
B1 Vokabelliste;Herausforderung;challenge — Storing renewable energy is a major challenge.;Herausforderung;challenge — Storing renewable energy is a major challenge.;challenge — Storing renewable energy is a major challenge.;Herausforderung;1
B1 Vokabelliste;"Meister; Champion";champion — She became the national swimming champion.;"Meister; Champion";champion — She became the national swimming champion.;champion — She became the national swimming champion.;"Meister; Champion";1
B1 Vokabelliste;"Kanal; Sender";channel — Water flows through a channel to drive the turbine.;"Kanal; Sender";channel — Water flows through a channel to drive the turbine.;channel — Water flows through a channel to drive the turbine.;"Kanal; Sender";1
B1 Vokabelliste;Kapitel;chapter — The first chapter explains how a generator works.;Kapitel;chapter — The first chapter explains how a generator works.;chapter — The first chapter explains how a generator works.;Kapitel;1
B1 Vokabelliste;"Gebühr; berechnen; aufladen";charge — You can charge an electric car overnight with cheap power.;"Gebühr; berechnen; aufladen";charge — You can charge an electric car overnight with cheap power.;charge — You can charge an electric car overnight with cheap power.;"Gebühr; berechnen; aufladen";1
B1 Vokabelliste;"billig; günstig";cheap — Solar power has become very cheap in recent years.;"billig; günstig";cheap — Solar power has become very cheap in recent years.;cheap — Solar power has become very cheap in recent years.;"billig; günstig";1
B1 Vokabelliste;"betrügen; Betrüger";cheat — He was caught trying to cheat in the race.;"betrügen; Betrüger";cheat — He was caught trying to cheat in the race.;cheat — He was caught trying to cheat in the race.;"betrügen; Betrüger";1
B1 Vokabelliste;fröhlich;cheerful — The runners stayed cheerful despite the rain.;fröhlich;cheerful — The runners stayed cheerful despite the rain.;cheerful — The runners stayed cheerful despite the rain.;fröhlich;1
B1 Vokabelliste;"chemisch; Chemikalie";chemical — A battery stores energy in chemical form.;"chemisch; Chemikalie";chemical — A battery stores energy in chemical form.;chemical — A battery stores energy in chemical form.;"chemisch; Chemikalie";1
B1 Vokabelliste;"Brust; Truhe";chest — After the sprint, his chest was heaving.;"Brust; Truhe";chest — After the sprint, his chest was heaving.;chest — After the sprint, his chest was heaving.;"Brust; Truhe";1
B1 Vokabelliste;Kindheit;childhood — She spent her childhood near a small hydropower plant.;Kindheit;childhood — She spent her childhood near a small hydropower plant.;childhood — She spent her childhood near a small hydropower plant.;Kindheit;1
B1 Vokabelliste;"behaupten; Anspruch";claim — The company claims that its new battery lasts longer.;"behaupten; Anspruch";claim — The company claims that its new battery lasts longer.;claim — The company claims that its new battery lasts longer.;"behaupten; Anspruch";1
B1 Vokabelliste;"Klausel; Nebensatz";clause — The contract had a clause about the electricity price.;"Klausel; Nebensatz";clause — The contract had a clause about the electricity price.;clause — The contract had a clause about the electricity price.;"Klausel; Nebensatz";1
B1 Vokabelliste;"klären; freimachen";clear — Please clear the path before the race starts.;"klären; freimachen";clear — Please clear the path before the race starts.;clear — Please clear the path before the race starts.;"klären; freimachen";1
B1 Vokabelliste;"klicken; Klick";click — Click the button to see your energy usage.;"klicken; Klick";click — Click the button to see your energy usage.;click — Click the button to see your energy usage.;"klicken; Klick";1
B1 Vokabelliste;"Kunde; Klient";client — The energy consultant visited an important client.;"Kunde; Klient";client — The energy consultant visited an important client.;client — The energy consultant visited an important client.;"Kunde; Klient";1
B1 Vokabelliste;"Aufstieg; Kletterpartie";climb — The climb to the top took three hours.;"Aufstieg; Kletterpartie";climb — The climb to the top took three hours.;climb — The climb to the top took three hours.;"Aufstieg; Kletterpartie";1
B1 Vokabelliste;"nah; dicht";close — The wind farm is close to the coast.;"nah; dicht";close — The wind farm is close to the coast.;close — The wind farm is close to the coast.;"nah; dicht";1
B1 Vokabelliste;"Stoff; Tuch";cloth — She wiped the solar panel with a soft cloth.;"Stoff; Tuch";cloth — She wiped the solar panel with a soft cloth.;cloth — She wiped the solar panel with a soft cloth.;"Stoff; Tuch";1
B1 Vokabelliste;"Hinweis; Anhaltspunkt";clue — The flickering lights were a clue to the grid problem.;"Hinweis; Anhaltspunkt";clue — The flickering lights were a clue to the grid problem.;clue — The flickering lights were a clue to the grid problem.;"Hinweis; Anhaltspunkt";1
B1 Vokabelliste;"trainieren; coachen";coach — She coaches a local running group.;"trainieren; coachen";coach — She coaches a local running group.;coach — She coaches a local running group.;"trainieren; coachen";1
B1 Vokabelliste;Kohle;coal — Coal power plants release a lot of CO2.;Kohle;coal — Coal power plants release a lot of CO2.;coal — Coal power plants release a lot of CO2.;Kohle;1
B1 Vokabelliste;Münze;coin — A small hydropower turbine can be thinner than a coin at its edge.;Münze;coin — A small hydropower turbine can be thinner than a coin at its edge.;coin — A small hydropower turbine can be thinner than a coin at its edge.;Münze;1
B1 Vokabelliste;Sammlung;collection — The museum has a collection of old electric meters.;Sammlung;collection — The museum has a collection of old electric meters.;collection — The museum has a collection of old electric meters.;Sammlung;1
B1 Vokabelliste;farbig;coloured — The map used coloured areas to show wind strength.;farbig;coloured — The map used coloured areas to show wind strength.;coloured — The map used coloured areas to show wind strength.;farbig;1
B1 Vokabelliste;"kombinieren; verbinden";combine — We can combine wind and solar for a steadier supply.;"kombinieren; verbinden";combine — We can combine wind and solar for a steadier supply.;combine — We can combine wind and solar for a steadier supply.;"kombinieren; verbinden";1
B1 Vokabelliste;kommentieren;comment — Experts commented on the new energy law.;kommentieren;comment — Experts commented on the new energy law.;comment — Experts commented on the new energy law.;kommentieren;1
B1 Vokabelliste;"kommerziell; Werbespot";commercial — The commercial showed an electric car charging at home.;"kommerziell; Werbespot";commercial — The commercial showed an electric car charging at home.;commercial — The commercial showed an electric car charging at home.;"kommerziell; Werbespot";1
B1 Vokabelliste;"begehen; sich verpflichten";commit — The country committed to cutting emissions.;"begehen; sich verpflichten";commit — The country committed to cutting emissions.;commit — The country committed to cutting emissions.;"begehen; sich verpflichten";1
B1 Vokabelliste;Kommunikation;communication — Good communication is vital in the control room.;Kommunikation;communication — Good communication is vital in the control room.;communication — Good communication is vital in the control room.;Kommunikation;1
B1 Vokabelliste;Vergleich;comparison — A comparison showed that wind was cheaper than gas.;Vergleich;comparison — A comparison showed that wind was cheaper than gas.;comparison — A comparison showed that wind was cheaper than gas.;Vergleich;1
B1 Vokabelliste;"Wettbewerber; Konkurrent";competitor — Each competitor finished the triathlon exhausted.;"Wettbewerber; Konkurrent";competitor — Each competitor finished the triathlon exhausted.;competitor — Each competitor finished the triathlon exhausted.;"Wettbewerber; Konkurrent";1
B1 Vokabelliste;"wettbewerbsfähig; ehrgeizig";competitive — Solar power is now competitive with fossil fuels.;"wettbewerbsfähig; ehrgeizig";competitive — Solar power is now competitive with fossil fuels.;competitive — Solar power is now competitive with fossil fuels.;"wettbewerbsfähig; ehrgeizig";1
B1 Vokabelliste;Beschwerde;complaint — The customer made a complaint about the high bill.;Beschwerde;complaint — The customer made a complaint about the high bill.;complaint — The customer made a complaint about the high bill.;Beschwerde;1
B1 Vokabelliste;"komplex; kompliziert";complex — The power grid is a highly complex system.;"komplex; kompliziert";complex — The power grid is a highly complex system.;complex — The power grid is a highly complex system.;"komplex; kompliziert";1
B1 Vokabelliste;sich konzentrieren;concentrate — I need to concentrate on the data analysis.;sich konzentrieren;concentrate — I need to concentrate on the data analysis.;concentrate — I need to concentrate on the data analysis.;sich konzentrieren;1
B1 Vokabelliste;"schlussfolgern; abschließen";conclude — We can conclude that renewables are growing fast.;"schlussfolgern; abschließen";conclude — We can conclude that renewables are growing fast.;conclude — We can conclude that renewables are growing fast.;"schlussfolgern; abschließen";1
B1 Vokabelliste;"Schlussfolgerung; Abschluss";conclusion — The report's conclusion was clear: insulate first.;"Schlussfolgerung; Abschluss";conclusion — The report's conclusion was clear: insulate first.;conclusion — The report's conclusion was clear: insulate first.;"Schlussfolgerung; Abschluss";1
B1 Vokabelliste;"selbstbewusst; zuversichtlich";confident — She felt confident before the final match.;"selbstbewusst; zuversichtlich";confident — She felt confident before the final match.;confident — She felt confident before the final match.;"selbstbewusst; zuversichtlich";1
B1 Vokabelliste;bestätigen;confirm — Please confirm your energy contract by email.;bestätigen;confirm — Please confirm your energy contract by email.;confirm — Please confirm your energy contract by email.;bestätigen;1
B1 Vokabelliste;verwirren;confuse — People often confuse power and energy.;verwirren;confuse — People often confuse power and energy.;confuse — People often confuse power and energy.;verwirren;1
B1 Vokabelliste;verwirrt;confused — He was confused by the difference between kW and kWh.;verwirrt;confused — He was confused by the difference between kW and kWh.;confused — He was confused by the difference between kW and kWh.;verwirrt;1
B1 Vokabelliste;Verbindung;connection — Every wind farm needs a connection to the grid.;Verbindung;connection — Every wind farm needs a connection to the grid.;connection — Every wind farm needs a connection to the grid.;Verbindung;1
B1 Vokabelliste;"Folge; Konsequenz";consequence — A blackout is a serious consequence of grid failure.;"Folge; Konsequenz";consequence — A blackout is a serious consequence of grid failure.;consequence — A blackout is a serious consequence of grid failure.;"Folge; Konsequenz";1
B1 Vokabelliste;bestehen aus;consist — A battery can consist of many small cells.;bestehen aus;consist — A battery can consist of many small cells.;consist — A battery can consist of many small cells.;bestehen aus;1
B1 Vokabelliste;"verbrauchen; konsumieren";consume — Heat pumps consume less energy than oil heaters.;"verbrauchen; konsumieren";consume — Heat pumps consume less energy than oil heaters.;consume — Heat pumps consume less energy than oil heaters.;"verbrauchen; konsumieren";1
B1 Vokabelliste;"Verbraucher; Konsument";consumer — Each consumer can choose a green electricity supplier.;"Verbraucher; Konsument";consumer — Each consumer can choose a green electricity supplier.;consumer — Each consumer can choose a green electricity supplier.;"Verbraucher; Konsument";1
B1 Vokabelliste;"Kontakt; kontaktieren";contact — Please contact the energy provider if you have questions.;"Kontakt; kontaktieren";contact — Please contact the energy provider if you have questions.;contact — Please contact the energy provider if you have questions.;"Kontakt; kontaktieren";1
B1 Vokabelliste;"Behälter; Container";container — Large battery storage often fits inside a shipping container.;"Behälter; Container";container — Large battery storage often fits inside a shipping container.;container — Large battery storage often fits inside a shipping container.;"Behälter; Container";1
B1 Vokabelliste;Inhalt;content — The report's content focused on wind power.;Inhalt;content — The report's content focused on wind power.;content — The report's content focused on wind power.;Inhalt;1
B1 Vokabelliste;"andauernd; kontinuierlich";continuous — A nuclear plant provides a continuous supply of power.;"andauernd; kontinuierlich";continuous — A nuclear plant provides a continuous supply of power.;continuous — A nuclear plant provides a continuous supply of power.;"andauernd; kontinuierlich";1
B1 Vokabelliste;"Gegensatz; gegenüberstellen; kontrastieren";contrast — In contrast to coal, wind produces no CO2 while running.;"Gegensatz; gegenüberstellen; kontrastieren";contrast — In contrast to coal, wind produces no CO2 while running.;contrast — In contrast to coal, wind produces no CO2 while running.;"Gegensatz; gegenüberstellen; kontrastieren";1
B1 Vokabelliste;"praktisch; bequem";convenient — Charging at home is very convenient for drivers.;"praktisch; bequem";convenient — Charging at home is very convenient for drivers.;convenient — Charging at home is very convenient for drivers.;"praktisch; bequem";1
B1 Vokabelliste;überzeugen;convince — Lower bills convince people to go solar.;überzeugen;convince — Lower bills convince people to go solar.;convince — Lower bills convince people to go solar.;überzeugen;1
B1 Vokabelliste;"abkühlen; kühlen";cool — A fan helps cool the battery during charging.;"abkühlen; kühlen";cool — A fan helps cool the battery during charging.;cool — A fan helps cool the battery during charging.;"abkühlen; kühlen";1
B1 Vokabelliste;Kostüm;costume — The runners wore funny costumes for the charity race.;Kostüm;costume — The runners wore funny costumes for the charity race.;costume — The runners wore funny costumes for the charity race.;Kostüm;1
B1 Vokabelliste;"Landhaus; kleines Haus";cottage — The small cottage is heated by a wood stove.;"Landhaus; kleines Haus";cottage — The small cottage is heated by a wood stove.;cottage — The small cottage is heated by a wood stove.;"Landhaus; kleines Haus";1
B1 Vokabelliste;Baumwolle;cotton — She wore a light cotton shirt for the hike.;Baumwolle;cotton — She wore a light cotton shirt for the hike.;cotton — She wore a light cotton shirt for the hike.;Baumwolle;1
B1 Vokabelliste;"Zählung; Anzahl";count — The final count showed 200 participants.;"Zählung; Anzahl";count — The final count showed 200 participants.;count — The final count showed 200 participants.;"Zählung; Anzahl";1
B1 Vokabelliste;"Landschaft; ländliche Gegend";countryside — Many wind farms are built in the open countryside.;"Landschaft; ländliche Gegend";countryside — Many wind farms are built in the open countryside.;countryside — Many wind farms are built in the open countryside.;"Landschaft; ländliche Gegend";1
B1 Vokabelliste;"Gericht; Spielfeld";court — The tennis court was wet after the rain.;"Gericht; Spielfeld";court — The tennis court was wet after the rain.;court — The tennis court was wet after the rain.;"Gericht; Spielfeld";1
B1 Vokabelliste;"Abdeckung; Deckel";cover — The battery has a protective cover.;"Abdeckung; Deckel";cover — The battery has a protective cover.;cover — The battery has a protective cover.;"Abdeckung; Deckel";1
B1 Vokabelliste;bedeckt;covered — The field was covered in solar panels.;bedeckt;covered — The field was covered in solar panels.;covered — The field was covered in solar panels.;bedeckt;1
B1 Vokabelliste;cremefarben;cream — She wore a cream jacket on the walk.;cremefarben;cream — She wore a cream jacket on the walk.;cream — She wore a cream jacket on the walk.;cremefarben;1
B1 Vokabelliste;kriminell;criminal — Stealing power is a criminal act.;kriminell;criminal — Stealing power is a criminal act.;criminal — Stealing power is a criminal act.;kriminell;1
B1 Vokabelliste;grausam;cruel — The cruel storm damaged many power lines.;grausam;cruel — The cruel storm damaged many power lines.;cruel — The cruel storm damaged many power lines.;grausam;1
B1 Vokabelliste;kulturell;cultural — The old dam has great cultural value.;kulturell;cultural — The old dam has great cultural value.;cultural — The old dam has great cultural value.;kulturell;1
B1 Vokabelliste;Währung;currency — Each country uses its own currency to pay for energy.;Währung;currency — Each country uses its own currency to pay for energy.;currency — Each country uses its own currency to pay for energy.;Währung;1
B1 Vokabelliste;"aktuell; gegenwärtig";current — The current electricity price is lower than yesterday.;"aktuell; gegenwärtig";current — The current electricity price is lower than yesterday.;current — The current electricity price is lower than yesterday.;"aktuell; gegenwärtig";1
B1 Vokabelliste;"derzeit; momentan";currently — The grid is currently running on 60% renewables.;"derzeit; momentan";currently — The grid is currently running on 60% renewables.;currently — The grid is currently running on 60% renewables.;"derzeit; momentan";1
B1 Vokabelliste;Vorhang;curtain — She closed the curtain to keep the heat in.;Vorhang;curtain — She closed the curtain to keep the heat in.;curtain — She closed the curtain to keep the heat in.;Vorhang;1
B1 Vokabelliste;"Brauch; Gewohnheit";custom — It is a custom to switch off lights when leaving a room.;"Brauch; Gewohnheit";custom — It is a custom to switch off lights when leaving a room.;custom — It is a custom to switch off lights when leaving a room.;"Brauch; Gewohnheit";1
B1 Vokabelliste;Schnitt;cut — He had a small cut on his hand after fixing the fence.;Schnitt;cut — He had a small cut on his hand after fixing the fence.;cut — He had a small cut on his hand after fixing the fence.;Schnitt;1
B1 Vokabelliste;täglich;daily — The daily demand for electricity peaks in the evening.;täglich;daily — The daily demand for electricity peaks in the evening.;daily — The daily demand for electricity peaks in the evening.;täglich;1
B1 Vokabelliste;"Schaden; beschädigen";damage — The storm caused serious damage to the power lines.;"Schaden; beschädigen";damage — The storm caused serious damage to the power lines.;damage — The storm caused serious damage to the power lines.;"Schaden; beschädigen";1
B1 Vokabelliste;"Geschäft; Vereinbarung";deal — The company signed a deal to buy wind power.;"Geschäft; Vereinbarung";deal — The company signed a deal to buy wind power.;deal — The company signed a deal to buy wind power.;"Geschäft; Vereinbarung";1
B1 Vokabelliste;Jahrzehnt;decade — Solar prices fell sharply over the last decade.;Jahrzehnt;decade — Solar prices fell sharply over the last decade.;decade — Solar prices fell sharply over the last decade.;Jahrzehnt;1
B1 Vokabelliste;"dekorieren; schmücken";decorate — They decorate the finish line before the marathon.;"dekorieren; schmücken";decorate — They decorate the finish line before the marathon.;decorate — They decorate the finish line before the marathon.;"dekorieren; schmücken";1
B1 Vokabelliste;tief;deep — The lake is very deep near the dam wall.;tief;deep — The lake is very deep near the dam wall.;deep — The lake is very deep near the dam wall.;tief;1
B1 Vokabelliste;definieren;define — Scientists define power as energy per unit of time.;definieren;define — Scientists define power as energy per unit of time.;define — Scientists define power as energy per unit of time.;definieren;1
B1 Vokabelliste;"bestimmt; eindeutig";definite — There is a definite trend towards electric cars.;"bestimmt; eindeutig";definite — There is a definite trend towards electric cars.;definite — There is a definite trend towards electric cars.;"bestimmt; eindeutig";1
B1 Vokabelliste;Definition;definition — The definition of a kilowatt-hour confuses many people.;Definition;definition — The definition of a kilowatt-hour confuses many people.;definition — The definition of a kilowatt-hour confuses many people.;Definition;1
B1 Vokabelliste;"liefern; zustellen";deliver — The grid must deliver power to every home.;"liefern; zustellen";deliver — The grid must deliver power to every home.;deliver — The grid must deliver power to every home.;"liefern; zustellen";1
B1 Vokabelliste;"Abfahrt; Abreise";departure — Our departure for the mountains is at six in the morning.;"Abfahrt; Abreise";departure — Our departure for the mountains is at six in the morning.;departure — Our departure for the mountains is at six in the morning.;"Abfahrt; Abreise";1
B1 Vokabelliste;trotz;despite — Despite the clouds, the solar panels still produced power.;trotz;despite — Despite the clouds, the solar panels still produced power.;despite — Despite the clouds, the solar panels still produced power.;trotz;1
B1 Vokabelliste;"Ziel; Reiseziel";destination — The hikers reached their destination by sunset.;"Ziel; Reiseziel";destination — The hikers reached their destination by sunset.;destination — The hikers reached their destination by sunset.;"Ziel; Reiseziel";1
B1 Vokabelliste;"bestimmen; feststellen";determine — Weather can determine how much wind power is produced.;"bestimmen; feststellen";determine — Weather can determine how much wind power is produced.;determine — Weather can determine how much wind power is produced.;"bestimmen; feststellen";1
B1 Vokabelliste;entschlossen;determined — She was determined to finish the race.;entschlossen;determined — She was determined to finish the race.;determined — She was determined to finish the race.;entschlossen;1
B1 Vokabelliste;Entwicklung;development — The development of better batteries is crucial.;Entwicklung;development — The development of better batteries is crucial.;development — The development of better batteries is crucial.;Entwicklung;1
B1 Vokabelliste;Diagramm;diagram — The diagram shows how a generator works.;Diagramm;diagram — The diagram shows how a generator works.;diagram — The diagram shows how a generator works.;Diagramm;1
B1 Vokabelliste;Diamant;diamond — The medal sparkled like a diamond.;Diamant;diamond — The medal sparkled like a diamond.;diamond — The medal sparkled like a diamond.;Diamant;1
B1 Vokabelliste;Schwierigkeit;difficulty — Storing power for winter is a real difficulty.;Schwierigkeit;difficulty — Storing power for winter is a real difficulty.;difficulty — Storing power for winter is a real difficulty.;Schwierigkeit;1
B1 Vokabelliste;"leiten; direkt";direct — The control system directs electricity to the battery.;"leiten; direkt";direct — The control system directs electricity to the battery.;direct — The control system directs electricity to the battery.;"leiten; direkt";1
B1 Vokabelliste;"direkt; unmittelbar";directly — The wind turns the blades directly, without any fuel.;"direkt; unmittelbar";directly — The wind turns the blades directly, without any fuel.;directly — The wind turns the blades directly, without any fuel.;"direkt; unmittelbar";1
B1 Vokabelliste;"Schmutz; Erde";dirt — A layer of dirt can reduce a solar panel's output.;"Schmutz; Erde";dirt — A layer of dirt can reduce a solar panel's output.;dirt — A layer of dirt can reduce a solar panel's output.;"Schmutz; Erde";1
B1 Vokabelliste;Nachteil;disadvantage — A disadvantage of wind power is that it is not constant.;Nachteil;disadvantage — A disadvantage of wind power is that it is not constant.;disadvantage — A disadvantage of wind power is that it is not constant.;Nachteil;1
B1 Vokabelliste;enttäuscht;disappointed — He was disappointed by his slow race time.;enttäuscht;disappointed — He was disappointed by his slow race time.;disappointed — He was disappointed by his slow race time.;enttäuscht;1
B1 Vokabelliste;enttäuschend;disappointing — The low wind made the output disappointing.;enttäuschend;disappointing — The low wind made the output disappointing.;disappointing — The low wind made the output disappointing.;enttäuschend;1
B1 Vokabelliste;Rabatt;discount — You can get a discount for charging at night.;Rabatt;discount — You can get a discount for charging at night.;discount — You can get a discount for charging at night.;Rabatt;1
B1 Vokabelliste;"nicht mögen; Abneigung";dislike — Some people dislike the look of wind turbines.;"nicht mögen; Abneigung";dislike — Some people dislike the look of wind turbines.;dislike — Some people dislike the look of wind turbines.;"nicht mögen; Abneigung";1
B1 Vokabelliste;"teilen; aufteilen";divide — We divide the yearly energy by the hours to get average power.;"teilen; aufteilen";divide — We divide the yearly energy by the hours to get average power.;divide — We divide the yearly energy by the hours to get average power.;"teilen; aufteilen";1
B1 Vokabelliste;Dokumentarfilm;documentary — The documentary explained how the power grid works.;Dokumentarfilm;documentary — The documentary explained how the power grid works.;documentary — The documentary explained how the power grid works.;Dokumentarfilm;1
B1 Vokabelliste;spenden;donate — They decided to donate the old solar panels to a school.;spenden;donate — They decided to donate the old solar panels to a school.;donate — They decided to donate the old solar panels to a school.;spenden;1
B1 Vokabelliste;doppelt;double — The new cable can carry double the power of the old one.;doppelt;double — The new cable can carry double the power of the old one.;double — The new cable can carry double the power of the old one.;doppelt;1
B1 Vokabelliste;"Zweifel; bezweifeln";doubt — There is no doubt that renewables are growing.;"Zweifel; bezweifeln";doubt — There is no doubt that renewables are growing.;doubt — There is no doubt that renewables are growing.;"Zweifel; bezweifeln";1
B1 Vokabelliste;"angezogen; gekleidet";dressed — She got dressed quickly for the morning run.;"angezogen; gekleidet";dressed — She got dressed quickly for the morning run.;dressed — She got dressed quickly for the morning run.;"angezogen; gekleidet";1
B1 Vokabelliste;"Tropfen; Rückgang";drop — A sudden drop in frequency can destabilise the grid.;"Tropfen; Rückgang";drop — A sudden drop in frequency can destabilise the grid.;drop — A sudden drop in frequency can destabilise the grid.;"Tropfen; Rückgang";1
B1 Vokabelliste;Trommel;drum — The cable was wound onto a large drum.;Trommel;drum — The cable was wound onto a large drum.;drum — The cable was wound onto a large drum.;Trommel;1
B1 Vokabelliste;betrunken;drunk — He was too drunk to drive, so he walked home.;betrunken;drunk — He was too drunk to drive, so he walked home.;drunk — He was too drunk to drive, so he walked home.;betrunken;1
B1 Vokabelliste;"fällig; erwartet";due — The power bill is due at the end of the month.;"fällig; erwartet";due — The power bill is due at the end of the month.;due — The power bill is due at the end of the month.;"fällig; erwartet";1
B1 Vokabelliste;Staub;dust — Dust on the panels lowers their performance.;Staub;dust — Dust on the panels lowers their performance.;dust — Dust on the panels lowers their performance.;Staub;1
B1 Vokabelliste;"Pflicht; Dienst";duty — It is the operator's duty to keep the grid stable.;"Pflicht; Dienst";duty — It is the operator's duty to keep the grid stable.;duty — It is the operator's duty to keep the grid stable.;"Pflicht; Dienst";1
B1 Vokabelliste;Erdbeben;earthquake — An earthquake can damage power stations.;Erdbeben;earthquake — An earthquake can damage power stations.;earthquake — An earthquake can damage power stations.;Erdbeben;1
B1 Vokabelliste;östlich;eastern — Strong winds blow across the eastern coast.;östlich;eastern — Strong winds blow across the eastern coast.;eastern — Strong winds blow across the eastern coast.;östlich;1
B1 Vokabelliste;wirtschaftlich;economic — Solar power brings economic benefits to the region.;wirtschaftlich;economic — Solar power brings economic benefits to the region.;economic — Solar power brings economic benefits to the region.;wirtschaftlich;1
B1 Vokabelliste;Wirtschaft;economy — A stable energy supply is vital for the economy.;Wirtschaft;economy — A stable energy supply is vital for the economy.;economy — A stable energy supply is vital for the economy.;Wirtschaft;1
B1 Vokabelliste;"Rand; Kante";edge — The turbine blade is sharp at the edge.;"Rand; Kante";edge — The turbine blade is sharp at the edge.;edge — The turbine blade is sharp at the edge.;"Rand; Kante";1
B1 Vokabelliste;"Redakteur; Herausgeber";editor — The editor reviewed the article about wind power.;"Redakteur; Herausgeber";editor — The editor reviewed the article about wind power.;editor — The editor reviewed the article about wind power.;"Redakteur; Herausgeber";1
B1 Vokabelliste;"bilden; erziehen";educate — Schools educate children about saving energy.;"bilden; erziehen";educate — Schools educate children about saving energy.;educate — Schools educate children about saving energy.;"bilden; erziehen";1
B1 Vokabelliste;gebildet;educated — An educated public supports the energy transition.;gebildet;educated — An educated public supports the energy transition.;educated — An educated public supports the energy transition.;gebildet;1
B1 Vokabelliste;"lehrreich; pädagogisch";educational — The wind farm offers educational tours.;"lehrreich; pädagogisch";educational — The wind farm offers educational tours.;educational — The wind farm offers educational tours.;"lehrreich; pädagogisch";1
B1 Vokabelliste;"wirksam; effektiv";effective — Insulation is an effective way to save energy.;"wirksam; effektiv";effective — Insulation is an effective way to save energy.;effective — Insulation is an effective way to save energy.;"wirksam; effektiv";1
B1 Vokabelliste;"wirksam; effektiv";effectively — Heat pumps use electricity very effectively.;"wirksam; effektiv";effectively — Heat pumps use electricity very effectively.;effectively — Heat pumps use electricity very effectively.;"wirksam; effektiv";1
B1 Vokabelliste;"Anstrengung; Aufwand";effort — Saving energy takes effort from everyone.;"Anstrengung; Aufwand";effort — Saving energy takes effort from everyone.;effort — Saving energy takes effort from everyone.;"Anstrengung; Aufwand";1
B1 Vokabelliste;Wahl;election — Energy policy was a key topic in the election.;Wahl;election — Energy policy was a key topic in the election.;election — Energy policy was a key topic in the election.;Wahl;1
B1 Vokabelliste;"Element; Bestandteil";element — Hydrogen is the lightest chemical element.;"Element; Bestandteil";element — Hydrogen is the lightest chemical element.;element — Hydrogen is the lightest chemical element.;"Element; Bestandteil";1
B1 Vokabelliste;"verlegen; peinlich berührt";embarrassed — She felt embarrassed about her high energy bill.;"verlegen; peinlich berührt";embarrassed — She felt embarrassed about her high energy bill.;embarrassed — She felt embarrassed about her high energy bill.;"verlegen; peinlich berührt";1
B1 Vokabelliste;peinlich;embarrassing — Tripping at the finish line was embarrassing.;peinlich;embarrassing — Tripping at the finish line was embarrassing.;embarrassing — Tripping at the finish line was embarrassing.;peinlich;1
B1 Vokabelliste;Notfall;emergency — The backup generator starts in an emergency.;Notfall;emergency — The backup generator starts in an emergency.;emergency — The backup generator starts in an emergency.;Notfall;1
B1 Vokabelliste;"Gefühl; Emotion";emotion — Winning the race filled her with emotion.;"Gefühl; Emotion";emotion — Winning the race filled her with emotion.;emotion — Winning the race filled her with emotion.;"Gefühl; Emotion";1
B1 Vokabelliste;"Beschäftigung; Arbeitsverhältnis";employment — The wind industry creates a lot of employment.;"Beschäftigung; Arbeitsverhältnis";employment — The wind industry creates a lot of employment.;employment — The wind industry creates a lot of employment.;"Beschäftigung; Arbeitsverhältnis";1
B1 Vokabelliste;leeren;empty — Please empty the water tank before maintenance.;leeren;empty — Please empty the water tank before maintenance.;empty — Please empty the water tank before maintenance.;leeren;1
B1 Vokabelliste;"ermutigen; fördern";encourage — Lower prices encourage people to use green power.;"ermutigen; fördern";encourage — Lower prices encourage people to use green power.;encourage — Lower prices encourage people to use green power.;"ermutigen; fördern";1
B1 Vokabelliste;Feind;enemy — CO2 emissions are the enemy of a stable climate.;Feind;enemy — CO2 emissions are the enemy of a stable climate.;enemy — CO2 emissions are the enemy of a stable climate.;Feind;1
B1 Vokabelliste;"verlobt; beschäftigt";engaged — The engineer was fully engaged in the project.;"verlobt; beschäftigt";engaged — The engineer was fully engaged in the project.;engaged — The engineer was fully engaged in the project.;"verlobt; beschäftigt";1
B1 Vokabelliste;"Ingenieurwesen; Technik";engineering — She studies electrical engineering at university.;"Ingenieurwesen; Technik";engineering — She studies electrical engineering at university.;engineering — She studies electrical engineering at university.;"Ingenieurwesen; Technik";1
B1 Vokabelliste;unterhalten;entertain — The band played to entertain the marathon crowd.;unterhalten;entertain — The band played to entertain the marathon crowd.;entertain — The band played to entertain the marathon crowd.;unterhalten;1
B1 Vokabelliste;Unterhaltung;entertainment — The festival offered food and entertainment for runners.;Unterhaltung;entertainment — The festival offered food and entertainment for runners.;entertainment — The festival offered food and entertainment for runners.;Unterhaltung;1
B1 Vokabelliste;"Eingang; Eintritt";entrance — The entrance to the power plant is strictly guarded.;"Eingang; Eintritt";entrance — The entrance to the power plant is strictly guarded.;entrance — The entrance to the power plant is strictly guarded.;"Eingang; Eintritt";1
B1 Vokabelliste;"Eintrag; Eintritt";entry — Entry to the hiking trail is free.;"Eintrag; Eintritt";entry — Entry to the hiking trail is free.;entry — Entry to the hiking trail is free.;"Eintrag; Eintritt";1
B1 Vokabelliste;"Umwelt-; ökologisch";environmental — Wind power has clear environmental benefits.;"Umwelt-; ökologisch";environmental — Wind power has clear environmental benefits.;environmental — Wind power has clear environmental benefits.;"Umwelt-; ökologisch";1
B1 Vokabelliste;"Folge; Episode";episode — The next episode explains how solar cells work.;"Folge; Episode";episode — The next episode explains how solar cells work.;episode — The next episode explains how solar cells work.;"Folge; Episode";1
B1 Vokabelliste;"gleich; gleich sein; entsprechen";equal — Supply and demand must stay equal in the grid.;"gleich; gleich sein; entsprechen";equal — Supply and demand must stay equal in the grid.;equal — Supply and demand must stay equal in the grid.;"gleich; gleich sein; entsprechen";1
B1 Vokabelliste;gleichermaßen;equally — The power was shared equally between two regions.;gleichermaßen;equally — The power was shared equally between two regions.;equally — The power was shared equally between two regions.;gleichermaßen;1
B1 Vokabelliste;"fliehen; Flucht";escape — Hikers found a path to escape the storm.;"fliehen; Flucht";escape — Hikers found a path to escape the storm.;escape — Hikers found a path to escape the storm.;"fliehen; Flucht";1
B1 Vokabelliste;"wesentlich; notwendig";essential — Grids are essential for the energy transition.;"wesentlich; notwendig";essential — Grids are essential for the energy transition.;essential — Grids are essential for the energy transition.;"wesentlich; notwendig";1
B1 Vokabelliste;"schließlich; letztendlich";eventually — Coal plants will eventually be replaced by renewables.;"schließlich; letztendlich";eventually — Coal plants will eventually be replaced by renewables.;eventually — Coal plants will eventually be replaced by renewables.;"schließlich; letztendlich";1
B1 Vokabelliste;"untersuchen; prüfen";examine — Engineers examine the turbine for damage.;"untersuchen; prüfen";examine — Engineers examine the turbine for damage.;examine — Engineers examine the turbine for damage.;"untersuchen; prüfen";1
B1 Vokabelliste;außer;except — Every day was sunny except Monday.;außer;except — Every day was sunny except Monday.;except — Every day was sunny except Monday.;außer;1
B1 Vokabelliste;"Austausch; austauschen";exchange — We exchange data with the other team every week.;"Austausch; austauschen";exchange — We exchange data with the other team every week.;exchange — We exchange data with the other team every week.;"Austausch; austauschen";1
B1 Vokabelliste;"Aufregung; Begeisterung";excitement — There was great excitement at the start of the race.;"Aufregung; Begeisterung";excitement — There was great excitement at the start of the race.;excitement — There was great excitement at the start of the race.;"Aufregung; Begeisterung";1
B1 Vokabelliste;Ausstellung;exhibition — The exhibition showed the history of electricity.;Ausstellung;exhibition — The exhibition showed the history of electricity.;exhibition — The exhibition showed the history of electricity.;Ausstellung;1
B1 Vokabelliste;"erweitern; sich ausdehnen";expand — The country plans to expand its wind power capacity.;"erweitern; sich ausdehnen";expand — The country plans to expand its wind power capacity.;expand — The country plans to expand its wind power capacity.;"erweitern; sich ausdehnen";1
B1 Vokabelliste;erwartet;expected — Output was lower than expected because of the clouds.;erwartet;expected — Output was lower than expected because of the clouds.;expected — Output was lower than expected because of the clouds.;erwartet;1
B1 Vokabelliste;Expedition;expedition — The expedition crossed the glacier on foot.;Expedition;expedition — The expedition crossed the glacier on foot.;expedition — The expedition crossed the glacier on foot.;Expedition;1
B1 Vokabelliste;"erleben; erfahren";experience — She experienced a power cut during the storm.;"erleben; erfahren";experience — She experienced a power cut during the storm.;experience — She experienced a power cut during the storm.;"erleben; erfahren";1
B1 Vokabelliste;erfahren;experienced — An experienced climber led the group up the peak.;erfahren;experienced — An experienced climber led the group up the peak.;experienced — An experienced climber led the group up the peak.;erfahren;1
B1 Vokabelliste;experimentieren;experiment — Students experiment with small solar cells in the lab.;experimentieren;experiment — Students experiment with small solar cells in the lab.;experiment — Students experiment with small solar cells in the lab.;experimentieren;1
B1 Vokabelliste;explodieren;explode — If overheated, a battery can explode.;explodieren;explode — If overheated, a battery can explode.;explode — If overheated, a battery can explode.;explodieren;1
B1 Vokabelliste;"erkunden; erforschen";explore — They set out to explore the mountain trail.;"erkunden; erforschen";explore — They set out to explore the mountain trail.;explore — They set out to explore the mountain trail.;"erkunden; erforschen";1
B1 Vokabelliste;Explosion;explosion — A gas explosion damaged the old power plant.;Explosion;explosion — A gas explosion damaged the old power plant.;explosion — A gas explosion damaged the old power plant.;Explosion;1
B1 Vokabelliste;"Export; exportieren";export — The country can export surplus wind power.;"Export; exportieren";export — The country can export surplus wind power.;export — The country can export surplus wind power.;"Export; exportieren";1
B1 Vokabelliste;"zusätzlich; Extra";extra — Solar panels can give you extra power at midday.;"zusätzlich; Extra";extra — Solar panels can give you extra power at midday.;extra — Solar panels can give you extra power at midday.;"zusätzlich; Extra";1
B1 Vokabelliste;"sich stellen; gegenüberstehen";face — We must face the challenge of climate change.;"sich stellen; gegenüberstehen";face — We must face the challenge of climate change.;face — We must face the challenge of climate change.;"sich stellen; gegenüberstehen";1
B1 Vokabelliste;"ziemlich; einigermaßen";fairly — The weather was fairly windy, good for the turbines.;"ziemlich; einigermaßen";fairly — The weather was fairly windy, good for the turbines.;fairly — The weather was fairly windy, good for the turbines.;"ziemlich; einigermaßen";1
B1 Vokabelliste;"vertraut; bekannt";familiar — The humming of a transformer is a familiar sound.;"vertraut; bekannt";familiar — The humming of a transformer is a familiar sound.;familiar — The humming of a transformer is a familiar sound.;"vertraut; bekannt";1
B1 Vokabelliste;"Lust haben auf; schick";fancy — She didn't fancy running in the rain.;"Lust haben auf; schick";fancy — She didn't fancy running in the rain.;fancy — She didn't fancy running in the rain.;"Lust haben auf; schick";1
B1 Vokabelliste;weit entfernt;far — The wind farm is far out at sea.;weit entfernt;far — The wind farm is far out at sea.;far — The wind farm is far out at sea.;weit entfernt;1
B1 Vokabelliste;faszinierend;fascinating — It is fascinating how a generator turns motion into power.;faszinierend;fascinating — It is fascinating how a generator turns motion into power.;fascinating — It is fascinating how a generator turns motion into power.;faszinierend;1
B1 Vokabelliste;modisch;fashionable — Electric cars have become quite fashionable.;modisch;fashionable — Electric cars have become quite fashionable.;fashionable — Electric cars have become quite fashionable.;modisch;1
B1 Vokabelliste;"befestigen; schließen";fasten — Fasten the solar panel before the storm arrives.;"befestigen; schließen";fasten — Fasten the solar panel before the storm arrives.;fasten — Fasten the solar panel before the storm arrives.;"befestigen; schließen";1
B1 Vokabelliste;"Gefallen; Gunst";favour — Could you do me a favour and check the data?;"Gefallen; Gunst";favour — Could you do me a favour and check the data?;favour — Could you do me a favour and check the data?;"Gefallen; Gunst";1
B1 Vokabelliste;fürchten;fear — Some residents fear higher electricity prices.;fürchten;fear — Some residents fear higher electricity prices.;fear — Some residents fear higher electricity prices.;fürchten;1
B1 Vokabelliste;"aufweisen; darstellen";feature — The new app features an interactive energy chart.;"aufweisen; darstellen";feature — The new app features an interactive energy chart.;feature — The new app features an interactive energy chart.;"aufweisen; darstellen";1
B1 Vokabelliste;Zaun;fence — A fence surrounds the power substation.;Zaun;fence — A fence surrounds the power substation.;fence — A fence surrounds the power substation.;Zaun;1
B1 Vokabelliste;"Kämpfen; Kampf";fighting — The fighting lasted for several hours.;"Kämpfen; Kampf";fighting — The fighting lasted for several hours.;fighting — The fighting lasted for several hours.;"Kämpfen; Kampf";1
B1 Vokabelliste;"Datei; Akte";file — Please save the energy report in one file.;"Datei; Akte";file — Please save the energy report in one file.;file — Please save the energy report in one file.;"Datei; Akte";1
B1 Vokabelliste;finanziell;financial — Solar panels bring long-term financial savings.;finanziell;financial — Solar panels bring long-term financial savings.;financial — Solar panels bring long-term financial savings.;finanziell;1
B1 Vokabelliste;"feuern; entlassen";fire — The company had to fire an employee who repeatedly ignored safety rules.;"feuern; entlassen";fire — The company had to fire an employee who repeatedly ignored safety rules.;fire — The company had to fire an employee who repeatedly ignored safety rules.;"feuern; entlassen";1
B1 Vokabelliste;"Fitness; körperliche Verfassung";fitness — Running improves both fitness and mood.;"Fitness; körperliche Verfassung";fitness — Running improves both fitness and mood.;fitness — Running improves both fitness and mood.;"Fitness; körperliche Verfassung";1
B1 Vokabelliste;"fest; repariert";fixed — The broken inverter is fixed now.;"fest; repariert";fixed — The broken inverter is fixed now.;fixed — The broken inverter is fixed now.;"fest; repariert";1
B1 Vokabelliste;Flagge;flag — A flag marked the start of the mountain race.;Flagge;flag — A flag marked the start of the mountain race.;flag — A flag marked the start of the mountain race.;Flagge;1
B1 Vokabelliste;"Überschwemmung; überfluten";flood — A flood can damage a riverside power plant.;"Überschwemmung; überfluten";flood — A flood can damage a riverside power plant.;flood — A flood can damage a riverside power plant.;"Überschwemmung; überfluten";1
B1 Vokabelliste;Mehl;flour — We used local flour to bake bread after the hike.;Mehl;flour — We used local flour to bake bread after the hike.;flour — We used local flour to bake bread after the hike.;Mehl;1
B1 Vokabelliste;"fließen; Fluss";flow — Electric current can only flow in a closed circuit.;"fließen; Fluss";flow — Electric current can only flow in a closed circuit.;flow — Electric current can only flow in a closed circuit.;"fließen; Fluss";1
B1 Vokabelliste;falten;fold — Fold the map before you start the hike.;falten;fold — Fold the map before you start the hike.;fold — Fold the map before you start the hike.;falten;1
B1 Vokabelliste;"Leute; Volks-";folk — Local folk gathered to watch the wind farm open.;"Leute; Volks-";folk — Local folk gathered to watch the wind farm open.;folk — Local folk gathered to watch the wind farm open.;"Leute; Volks-";1
B1 Vokabelliste;Folgendes;following — Please remember the following: switch off the power first.;Folgendes;following — Please remember the following: switch off the power first.;following — Please remember the following: switch off the power first.;Folgendes;1
B1 Vokabelliste;"Kraft; zwingen";force — The wind's force turns the turbine blades.;"Kraft; zwingen";force — The wind's force turns the turbine blades.;force — The wind's force turns the turbine blades.;"Kraft; zwingen";1
B1 Vokabelliste;für immer;forever — No battery can store energy forever.;für immer;forever — No battery can store energy forever.;forever — No battery can store energy forever.;für immer;1
B1 Vokabelliste;"Rahmen; einrahmen";frame — The solar panel sits in an aluminium frame.;"Rahmen; einrahmen";frame — The solar panel sits in an aluminium frame.;frame — The solar panel sits in an aluminium frame.;"Rahmen; einrahmen";1
B1 Vokabelliste;"frieren; einfrieren";freeze — Water in the pipes can freeze in winter.;"frieren; einfrieren";freeze — Water in the pipes can freeze in winter.;freeze — Water in the pipes can freeze in winter.;"frieren; einfrieren";1
B1 Vokabelliste;häufig;frequently — The grid frequency is checked very frequently.;häufig;frequently — The grid frequency is checked very frequently.;frequently — The grid frequency is checked very frequently.;häufig;1
B1 Vokabelliste;Freundschaft;friendship — A strong friendship formed during the long trek.;Freundschaft;friendship — A strong friendship formed during the long trek.;friendship — A strong friendship formed during the long trek.;Freundschaft;1
B1 Vokabelliste;erschrecken;frighten — Loud thunder can frighten the hikers.;erschrecken;frighten — Loud thunder can frighten the hikers.;frighten — Loud thunder can frighten the hikers.;erschrecken;1
B1 Vokabelliste;verängstigt;frightened — The children were frightened by the sudden blackout.;verängstigt;frightened — The children were frightened by the sudden blackout.;frightened — The children were frightened by the sudden blackout.;verängstigt;1
B1 Vokabelliste;beängstigend;frightening — A grid collapse is a frightening scenario.;beängstigend;frightening — A grid collapse is a frightening scenario.;frightening — A grid collapse is a frightening scenario.;beängstigend;1
B1 Vokabelliste;"gefroren; tiefgekühlt";frozen — The mountain lake was completely frozen.;"gefroren; tiefgekühlt";frozen — The mountain lake was completely frozen.;frozen — The mountain lake was completely frozen.;"gefroren; tiefgekühlt";1
B1 Vokabelliste;braten;fry — We fried vegetables on the electric stove.;braten;fry — We fried vegetables on the electric stove.;fry — We fried vegetables on the electric stove.;braten;1
B1 Vokabelliste;"Kraftstoff; Brennstoff";fuel — Fossil fuel burns and releases CO2.;"Kraftstoff; Brennstoff";fuel — Fossil fuel burns and releases CO2.;fuel — Fossil fuel burns and releases CO2.;"Kraftstoff; Brennstoff";1
B1 Vokabelliste;Funktion;function — The main function of the grid is to deliver power.;Funktion;function — The main function of the grid is to deliver power.;function — The main function of the grid is to deliver power.;Funktion;1
B1 Vokabelliste;Fell;fur — The fox's fur kept it warm in the snow.;Fell;fur — The fox's fur kept it warm in the snow.;fur — The fox's fur kept it warm in the snow.;Fell;1
B1 Vokabelliste;"weiter; zusätzlich";further — We need further research into energy storage.;"weiter; zusätzlich";further — We need further research into energy storage.;further — We need further research into energy storage.;"weiter; zusätzlich";1
B1 Vokabelliste;"Garage; Werkstatt";garage — He charges his electric car in the garage.;"Garage; Werkstatt";garage — He charges his electric car in the garage.;garage — He charges his electric car in the garage.;"Garage; Werkstatt";1
B1 Vokabelliste;"sammeln; sich versammeln";gather — Clouds gather before the afternoon storm.;"sammeln; sich versammeln";gather — Clouds gather before the afternoon storm.;gather — Clouds gather before the afternoon storm.;"sammeln; sich versammeln";1
B1 Vokabelliste;im Allgemeinen;generally — Wind is generally stronger at sea than on land.;im Allgemeinen;generally — Wind is generally stronger at sea than on land.;generally — Wind is generally stronger at sea than on land.;im Allgemeinen;1
B1 Vokabelliste;Generation;generation — My generation is growing up with renewable energy.;Generation;generation — My generation is growing up with renewable energy.;generation — My generation is growing up with renewable energy.;Generation;1
B1 Vokabelliste;großzügig;generous — The company made a generous donation to the race.;großzügig;generous — The company made a generous donation to the race.;generous — The company made a generous donation to the race.;großzügig;1
B1 Vokabelliste;"sanft; freundlich";gentle — A gentle breeze slowly turned the small turbine.;"sanft; freundlich";gentle — A gentle breeze slowly turned the small turbine.;gentle — A gentle breeze slowly turned the small turbine.;"sanft; freundlich";1
B1 Vokabelliste;Herr;gentleman — The old gentleman explained how the mill worked.;Herr;gentleman — The old gentleman explained how the mill worked.;gentleman — The old gentleman explained how the mill worked.;Herr;1
B1 Vokabelliste;"Geist; Gespenst";ghost — The abandoned power plant looked like a ghost town.;"Geist; Gespenst";ghost — The abandoned power plant looked like a ghost town.;ghost — The abandoned power plant looked like a ghost town.;"Geist; Gespenst";1
B1 Vokabelliste;"riesig; Riese";giant — The giant offshore turbine can power thousands of homes.;"riesig; Riese";giant — The giant offshore turbine can power thousands of homes.;giant — The giant offshore turbine can power thousands of homes.;"riesig; Riese";1
B1 Vokabelliste;froh;glad — I'm glad we switched to a green energy supplier.;froh;glad — I'm glad we switched to a green energy supplier.;glad — I'm glad we switched to a green energy supplier.;froh;1
B1 Vokabelliste;"global; weltweit";global — Global demand for electricity keeps rising.;"global; weltweit";global — Global demand for electricity keeps rising.;global — Global demand for electricity keeps rising.;"global; weltweit";1
B1 Vokabelliste;Handschuh;glove — She wore a thick glove to touch the icy rope.;Handschuh;glove — She wore a thick glove to touch the icy rope.;glove — She wore a thick glove to touch the icy rope.;Handschuh;1
B1 Vokabelliste;"Versuch; Zug";go — I'll have a go at solving the problem.;"Versuch; Zug";go — I'll have a go at solving the problem.;go — I'll have a go at solving the problem.;"Versuch; Zug";1
B1 Vokabelliste;Waren;goods — Electric trucks can deliver goods with zero emissions.;Waren;goods — Electric trucks can deliver goods with zero emissions.;goods — Electric trucks can deliver goods with zero emissions.;Waren;1
B1 Vokabelliste;"Note; Stufe";grade — She received a good grade for her energy project.;"Note; Stufe";grade — She received a good grade for her energy project.;grade — She received a good grade for her energy project.;"Note; Stufe";1
B1 Vokabelliste;"Absolvent; Absolventin; einen Abschluss machen";graduate — She will graduate in renewable energy engineering.;"Absolvent; Absolventin; einen Abschluss machen";graduate — She will graduate in renewable energy engineering.;graduate — She will graduate in renewable energy engineering.;"Absolvent; Absolventin; einen Abschluss machen";1
B1 Vokabelliste;"Korn; Getreide";grain — Local grain was ground in the old water mill.;"Korn; Getreide";grain — Local grain was ground in the old water mill.;grain — Local grain was ground in the old water mill.;"Korn; Getreide";1
B1 Vokabelliste;dankbar;grateful — We are grateful for a stable power supply.;dankbar;grateful — We are grateful for a stable power supply.;grateful — We are grateful for a stable power supply.;dankbar;1
B1 Vokabelliste;Wachstum;growth — The growth of solar power has been enormous.;Wachstum;growth — The growth of solar power has been enormous.;growth — The growth of solar power has been enormous.;Wachstum;1
B1 Vokabelliste;"Wache; bewachen";guard — A guard protects the power station at night.;"Wache; bewachen";guard — A guard protects the power station at night.;guard — A guard protects the power station at night.;"Wache; bewachen";1
B1 Vokabelliste;schuldig;guilty — He felt guilty about leaving the lights on.;schuldig;guilty — He felt guilty about leaving the lights on.;guilty — He felt guilty about leaving the lights on.;schuldig;1
B1 Vokabelliste;"übergeben; reichen";hand — Please hand me the voltage meter.;"übergeben; reichen";hand — Please hand me the voltage meter.;hand — Please hand me the voltage meter.;"übergeben; reichen";1
B1 Vokabelliste;hängen;hang — Power cables hang between the tall pylons.;hängen;hang — Power cables hang between the tall pylons.;hang — Power cables hang between the tall pylons.;hängen;1
B1 Vokabelliste;"Glück; Zufriedenheit";happiness — Crossing the finish line brought her great happiness.;"Glück; Zufriedenheit";happiness — Crossing the finish line brought her great happiness.;happiness — Crossing the finish line brought her great happiness.;"Glück; Zufriedenheit";1
B1 Vokabelliste;kaum;hardly — On a calm day the turbines hardly move.;kaum;hardly — On a calm day the turbines hardly move.;hardly — On a calm day the turbines hardly move.;kaum;1
B1 Vokabelliste;Hass;hate — There was a lot of hate in the online comments about the wind farm.;Hass;hate — There was a lot of hate in the online comments about the wind farm.;hate — There was a lot of hate in the online comments about the wind farm.;Hass;1
B1 Vokabelliste;"leiten; sich begeben";head — She heads the data analysis team.;"leiten; sich begeben";head — She heads the data analysis team.;head — She heads the data analysis team.;"leiten; sich begeben";1
B1 Vokabelliste;Schlagzeile;headline — The headline announced a record in solar power.;Schlagzeile;headline — The headline announced a record in solar power.;headline — The headline announced a record in solar power.;Schlagzeile;1
B1 Vokabelliste;Heizung;heating — A heat pump provides efficient heating.;Heizung;heating — A heat pump provides efficient heating.;heating — A heat pump provides efficient heating.;Heizung;1
B1 Vokabelliste;"stark; schwer";heavily — It rained heavily during the mountain race.;"stark; schwer";heavily — It rained heavily during the mountain race.;heavily — It rained heavily during the mountain race.;"stark; schwer";1
B1 Vokabelliste;Hubschrauber;helicopter — A helicopter inspects the offshore wind turbines.;Hubschrauber;helicopter — A helicopter inspects the offshore wind turbines.;helicopter — A helicopter inspects the offshore wind turbines.;Hubschrauber;1
B1 Vokabelliste;"hervorheben; Höhepunkt";highlight — The highlight of the trip was the glacier.;"hervorheben; Höhepunkt";highlight — The highlight of the trip was the glacier.;highlight — The highlight of the trip was the glacier.;"hervorheben; Höhepunkt";1
B1 Vokabelliste;"sehr; hochgradig";highly — Hydropower is a highly flexible source of energy.;"sehr; hochgradig";highly — Hydropower is a highly flexible source of energy.;highly — Hydropower is a highly flexible source of energy.;"sehr; hochgradig";1
B1 Vokabelliste;"einstellen; mieten";hire — You can hire an electric bike for the trail.;"einstellen; mieten";hire — You can hire an electric bike for the trail.;hire — You can hire an electric bike for the trail.;"einstellen; mieten";1
B1 Vokabelliste;historisch bedeutsam;historic — The opening of the first power plant was a historic moment.;historisch bedeutsam;historic — The opening of the first power plant was a historic moment.;historic — The opening of the first power plant was a historic moment.;historisch bedeutsam;1
B1 Vokabelliste;"historisch; geschichtlich";historical — The museum shows the historical growth of the grid.;"historisch; geschichtlich";historical — The museum shows the historical growth of the grid.;historical — The museum shows the historical growth of the grid.;"historisch; geschichtlich";1
B1 Vokabelliste;ehrlich;honest — An honest label shows the real energy use.;ehrlich;honest — An honest label shows the real energy use.;honest — An honest label shows the real energy use.;ehrlich;1
B1 Vokabelliste;schrecklich;horrible — The horrible storm knocked out the power.;schrecklich;horrible — The horrible storm knocked out the power.;horrible — The horrible storm knocked out the power.;schrecklich;1
B1 Vokabelliste;"Horror; Entsetzen";horror — To his horror, the battery was already empty.;"Horror; Entsetzen";horror — To his horror, the battery was already empty.;horror — To his horror, the battery was already empty.;"Horror; Entsetzen";1
B1 Vokabelliste;Gastgeber;host — Our host showed us the guest room.;Gastgeber;host — Our host showed us the guest room.;host — Our host showed us the guest room.;Gastgeber;1
B1 Vokabelliste;jagen;hunt — Foxes hunt at night.;jagen;hunt — Foxes hunt at night.;hunt — Foxes hunt at night.;jagen;1
B1 Vokabelliste;Hurrikan;hurricane — A hurricane can destroy offshore wind turbines.;Hurrikan;hurricane — A hurricane can destroy offshore wind turbines.;hurricane — A hurricane can destroy offshore wind turbines.;Hurrikan;1
B1 Vokabelliste;"Eile; sich beeilen";hurry — Hurry up, the race is about to start.;"Eile; sich beeilen";hurry — Hurry up, the race is about to start.;hurry — Hurry up, the race is about to start.;"Eile; sich beeilen";1
B1 Vokabelliste;Identität;identity — Each power plant has its own identity in the system.;Identität;identity — Each power plant has its own identity in the system.;identity — Each power plant has its own identity in the system.;Identität;1
B1 Vokabelliste;ignorieren;ignore — You should not ignore a rising energy bill.;ignorieren;ignore — You should not ignore a rising energy bill.;ignore — You should not ignore a rising energy bill.;ignorieren;1
B1 Vokabelliste;illegal;illegal — It is illegal to connect to the grid without permission.;illegal;illegal — It is illegal to connect to the grid without permission.;illegal — It is illegal to connect to the grid without permission.;illegal;1
B1 Vokabelliste;"imaginär; erfunden";imaginary — An imaginary line divides the two control areas.;"imaginär; erfunden";imaginary — An imaginary line divides the two control areas.;imaginary — An imaginary line divides the two control areas.;"imaginär; erfunden";1
B1 Vokabelliste;"sofortig; unmittelbar";immediate — A blackout needs an immediate response.;"sofortig; unmittelbar";immediate — A blackout needs an immediate response.;immediate — A blackout needs an immediate response.;"sofortig; unmittelbar";1
B1 Vokabelliste;"Einwanderer; Einwanderin";immigrant — The immigrant engineer helped design the wind farm.;"Einwanderer; Einwanderin";immigrant — The immigrant engineer helped design the wind farm.;immigrant — The immigrant engineer helped design the wind farm.;"Einwanderer; Einwanderin";1
B1 Vokabelliste;"Auswirkung; beeinflussen";impact — Wind power has a small impact on the environment.;"Auswirkung; beeinflussen";impact — Wind power has a small impact on the environment.;impact — Wind power has a small impact on the environment.;"Auswirkung; beeinflussen";1
B1 Vokabelliste;"Import; importieren";import — The country has to import gas for its power plants.;"Import; importieren";import — The country has to import gas for its power plants.;import — The country has to import gas for its power plants.;"Import; importieren";1
B1 Vokabelliste;"Bedeutung; Wichtigkeit";importance — The importance of grid stability cannot be overstated.;"Bedeutung; Wichtigkeit";importance — The importance of grid stability cannot be overstated.;importance — The importance of grid stability cannot be overstated.;"Bedeutung; Wichtigkeit";1
B1 Vokabelliste;Eindruck;impression — The huge turbine made a strong impression on us.;Eindruck;impression — The huge turbine made a strong impression on us.;impression — The huge turbine made a strong impression on us.;Eindruck;1
B1 Vokabelliste;beeindruckend;impressive — The solar farm is truly impressive in size.;beeindruckend;impressive — The solar farm is truly impressive in size.;impressive — The solar farm is truly impressive in size.;beeindruckend;1
B1 Vokabelliste;Verbesserung;improvement — Better insulation is a cheap improvement.;Verbesserung;improvement — Better insulation is a cheap improvement.;improvement — Better insulation is a cheap improvement.;Verbesserung;1
B1 Vokabelliste;"unglaublich; äußerst";incredibly — The new battery charges incredibly fast.;"unglaublich; äußerst";incredibly — The new battery charges incredibly fast.;incredibly — The new battery charges incredibly fast.;"unglaublich; äußerst";1
B1 Vokabelliste;"tatsächlich; in der Tat";indeed — Wind power is indeed cheaper than it used to be.;"tatsächlich; in der Tat";indeed — Wind power is indeed cheaper than it used to be.;indeed — Wind power is indeed cheaper than it used to be.;"tatsächlich; in der Tat";1
B1 Vokabelliste;"anzeigen; hindeuten";indicate — A rising frequency can indicate a power surplus.;"anzeigen; hindeuten";indicate — A rising frequency can indicate a power surplus.;indicate — A rising frequency can indicate a power surplus.;"anzeigen; hindeuten";1
B1 Vokabelliste;indirekt;indirect — Sunlight provides energy in an indirect way through plants.;indirekt;indirect — Sunlight provides energy in an indirect way through plants.;indirect — Sunlight provides energy in an indirect way through plants.;indirekt;1
B1 Vokabelliste;"Innen-; für Innenräume";indoor — The indoor track is used for winter training.;"Innen-; für Innenräume";indoor — The indoor track is used for winter training.;indoor — The indoor track is used for winter training.;"Innen-; für Innenräume";1
B1 Vokabelliste;drinnen;indoors — On stormy days the athletes train indoors.;drinnen;indoors — On stormy days the athletes train indoors.;indoors — On stormy days the athletes train indoors.;drinnen;1
B1 Vokabelliste;"Einfluss; beeinflussen";influence — Weather has a big influence on solar output.;"Einfluss; beeinflussen";influence — Weather has a big influence on solar output.;influence — Weather has a big influence on solar output.;"Einfluss; beeinflussen";1
B1 Vokabelliste;"Zutat; Bestandteil";ingredient — Flour is the main ingredient in bread.;"Zutat; Bestandteil";ingredient — Flour is the main ingredient in bread.;ingredient — Flour is the main ingredient in bread.;"Zutat; Bestandteil";1
B1 Vokabelliste;verletzen;injure — A fall on the icy trail can injure a hiker.;verletzen;injure — A fall on the icy trail can injure a hiker.;injure — A fall on the icy trail can injure a hiker.;verletzen;1
B1 Vokabelliste;verletzt;injured — The injured runner had to leave the race.;verletzt;injured — The injured runner had to leave the race.;injured — The injured runner had to leave the race.;verletzt;1
B1 Vokabelliste;unschuldig;innocent — The innocent swan swam near the hydropower dam.;unschuldig;innocent — The innocent swan swam near the hydropower dam.;innocent — The innocent swan swam near the hydropower dam.;unschuldig;1
B1 Vokabelliste;Intelligenz;intelligence — Artificial intelligence helps balance the power grid.;Intelligenz;intelligence — Artificial intelligence helps balance the power grid.;intelligence — Artificial intelligence helps balance the power grid.;Intelligenz;1
B1 Vokabelliste;beabsichtigen;intend — We intend to install solar panels this year.;beabsichtigen;intend — We intend to install solar panels this year.;intend — We intend to install solar panels this year.;beabsichtigen;1
B1 Vokabelliste;Absicht;intention — Their intention is to reach climate neutrality.;Absicht;intention — Their intention is to reach climate neutrality.;intention — Their intention is to reach climate neutrality.;Absicht;1
B1 Vokabelliste;investieren;invest — Many countries invest heavily in wind power.;investieren;invest — Many countries invest heavily in wind power.;invest — Many countries invest heavily in wind power.;investieren;1
B1 Vokabelliste;"untersuchen; ermitteln";investigate — Engineers investigate the cause of the blackout.;"untersuchen; ermitteln";investigate — Engineers investigate the cause of the blackout.;investigate — Engineers investigate the cause of the blackout.;"untersuchen; ermitteln";1
B1 Vokabelliste;"beteiligt; verwickelt";involved — Many companies are involved in the wind project.;"beteiligt; verwickelt";involved — Many companies are involved in the wind project.;involved — Many companies are involved in the wind project.;"beteiligt; verwickelt";1
B1 Vokabelliste;"Eisen; bügeln";iron — Iron is used in the core of a transformer.;"Eisen; bügeln";iron — Iron is used in the core of a transformer.;iron — Iron is used in the core of a transformer.;"Eisen; bügeln";1
B1 Vokabelliste;"Thema; Problem; Ausgabe";issue — Storing power for winter is a key issue.;"Thema; Problem; Ausgabe";issue — Storing power for winter is a key issue.;issue — Storing power for winter is a key issue.;"Thema; Problem; Ausgabe";1
B1 Vokabelliste;"IT; Informationstechnik";IT — The IT team keeps the control room computers running.;"IT; Informationstechnik";IT — The IT team keeps the control room computers running.;IT — The IT team keeps the control room computers running.;"IT; Informationstechnik";1
B1 Vokabelliste;"Zeitschrift; Journal";journal — She published her findings in a science journal.;"Zeitschrift; Journal";journal — She published her findings in a science journal.;journal — She published her findings in a science journal.;"Zeitschrift; Journal";1
B1 Vokabelliste;"Richter; beurteilen";judge — It is hard to judge the wind a day in advance.;"Richter; beurteilen";judge — It is hard to judge the wind a day in advance.;judge — It is hard to judge the wind a day in advance.;"Richter; beurteilen";1
B1 Vokabelliste;"begeistert; interessiert";keen — She is keen on cycling to work every day.;"begeistert; interessiert";keen — She is keen on cycling to work every day.;keen — She is keen on cycling to work every day.;"begeistert; interessiert";1
B1 Vokabelliste;"eingeben; eintippen";key — Please key in the code before you continue.;"eingeben; eintippen";key — Please key in the code before you continue.;key — Please key in the code before you continue.;"eingeben; eintippen";1
B1 Vokabelliste;Tastatur;keyboard — He typed the report on his keyboard.;Tastatur;keyboard — He typed the report on his keyboard.;keyboard — He typed the report on his keyboard.;Tastatur;1
B1 Vokabelliste;"treten; Tritt";kick — A strong kick sent the ball into the goal.;"treten; Tritt";kick — A strong kick sent the ball into the goal.;kick — A strong kick sent the ball into the goal.;"treten; Tritt";1
B1 Vokabelliste;Tötung;killing — The killing of protected animals is illegal.;Tötung;killing — The killing of protected animals is illegal.;killing — The killing of protected animals is illegal.;Tötung;1
B1 Vokabelliste;"freundlich; nett";kind — It was kind of her to help with the project.;"freundlich; nett";kind — It was kind of her to help with the project.;kind — It was kind of her to help with the project.;"freundlich; nett";1
B1 Vokabelliste;"küssen; Kuss";kiss — She gave the winner a kiss on the cheek.;"küssen; Kuss";kiss — She gave the winner a kiss on the cheek.;kiss — She gave the winner a kiss on the cheek.;"küssen; Kuss";1
B1 Vokabelliste;"Klopfen; Schlag";knock — There was a loud knock at the door.;"Klopfen; Schlag";knock — There was a loud knock at the door.;knock — There was a loud knock at the door.;"Klopfen; Schlag";1
B1 Vokabelliste;"Etikett; beschriften";label — The label shows the appliance's energy use.;"Etikett; beschriften";label — The label shows the appliance's energy use.;label — The label shows the appliance's energy use.;"Etikett; beschriften";1
B1 Vokabelliste;Labor;laboratory — New batteries are tested in the laboratory.;Labor;laboratory — New batteries are tested in the laboratory.;laboratory — New batteries are tested in the laboratory.;Labor;1
B1 Vokabelliste;"Mangel; fehlen";lack — A lack of wind lowers the turbines' output.;"Mangel; fehlen";lack — A lack of wind lowers the turbines' output.;lack — A lack of wind lowers the turbines' output.;"Mangel; fehlen";1
B1 Vokabelliste;"neueste; aktuellste";latest — The latest turbines are far more efficient.;"neueste; aktuellste";latest — The latest turbines are far more efficient.;latest — The latest turbines are far more efficient.;"neueste; aktuellste";1
B1 Vokabelliste;legen;lay — Workers lay the power cable underground.;legen;lay — Workers lay the power cable underground.;lay — Workers lay the power cable underground.;legen;1
B1 Vokabelliste;Schicht;layer — A layer of snow covered the solar panels.;Schicht;layer — A layer of snow covered the solar panels.;layer — A layer of snow covered the solar panels.;Schicht;1
B1 Vokabelliste;"Führung; Vorsprung";lead — Our team took the lead after the first kilometre.;"Führung; Vorsprung";lead — Our team took the lead after the first kilometre.;lead — Our team took the lead after the first kilometre.;"Führung; Vorsprung";1
B1 Vokabelliste;führend;leading — Denmark is a leading country in wind power.;führend;leading — Denmark is a leading country in wind power.;leading — Denmark is a leading country in wind power.;führend;1
B1 Vokabelliste;Blatt;leaf — A single leaf turns sunlight into energy.;Blatt;leaf — A single leaf turns sunlight into energy.;leaf — A single leaf turns sunlight into energy.;Blatt;1
B1 Vokabelliste;Leder;leather — The climber's boots were made of strong leather.;Leder;leather — The climber's boots were made of strong leather.;leather — The climber's boots were made of strong leather.;Leder;1
B1 Vokabelliste;"legal; rechtlich";legal — It is legal to sell your surplus solar power.;"legal; rechtlich";legal — It is legal to sell your surplus solar power.;legal — It is legal to sell your surplus solar power.;"legal; rechtlich";1
B1 Vokabelliste;Freizeit;leisure — Hiking is a popular leisure activity.;Freizeit;leisure — Hiking is a popular leisure activity.;leisure — Hiking is a popular leisure activity.;Freizeit;1
B1 Vokabelliste;Länge;length — The length of the power line is over 100 kilometres.;Länge;length — The length of the power line is over 100 kilometres.;length — The length of the power line is over 100 kilometres.;Länge;1
B1 Vokabelliste;"eben; waagerecht";level — Make sure the solar panel frame is level before you fix it.;"eben; waagerecht";level — Make sure the solar panel frame is level before you fix it.;level — Make sure the solar panel frame is level before you fix it.;"eben; waagerecht";1
B1 Vokabelliste;"lügen; Lüge";lie — Don't lie about the results.;"lügen; Lüge";lie — Don't lie about the results.;lie — Don't lie about the results.;"lügen; Lüge";1
B1 Vokabelliste;"Vorliebe; Gefallen";like — The survey asked about people's likes and dislikes.;"Vorliebe; Gefallen";like — The survey asked about people's likes and dislikes.;like — The survey asked about people's likes and dislikes.;"Vorliebe; Gefallen";1
B1 Vokabelliste;"Grenze; begrenzen";limit — There is a limit to how much power a line can carry.;"Grenze; begrenzen";limit — There is a limit to how much power a line can carry.;limit — There is a limit to how much power a line can carry.;"Grenze; begrenzen";1
B1 Vokabelliste;Lippe;lip — She bit her lip nervously before the race.;Lippe;lip — She bit her lip nervously before the race.;lip — She bit her lip nervously before the race.;Lippe;1
B1 Vokabelliste;"Flüssigkeit; flüssig";liquid — The battery contains a special liquid.;"Flüssigkeit; flüssig";liquid — The battery contains a special liquid.;liquid — The battery contains a special liquid.;"Flüssigkeit; flüssig";1
B1 Vokabelliste;Literatur;literature — The scientific literature on wind power is growing.;Literatur;literature — The scientific literature on wind power is growing.;literature — The scientific literature on wind power is growing.;Literatur;1
B1 Vokabelliste;"live; direkt";live — The interview was broadcast live from the wind farm.;"live; direkt";live — The interview was broadcast live from the wind farm.;live — The interview was broadcast live from the wind farm.;"live; direkt";1
B1 Vokabelliste;"lebend; Lebensunterhalt";living — She earns her living as an engineer.;"lebend; Lebensunterhalt";living — She earns her living as an engineer.;living — She earns her living as an engineer.;"lebend; Lebensunterhalt";1
B1 Vokabelliste;"Einheimischer; örtlicher Bewohner";local — A local showed us the fastest path to the lake.;"Einheimischer; örtlicher Bewohner";local — A local showed us the fastest path to the lake.;local — A local showed us the fastest path to the lake.;"Einheimischer; örtlicher Bewohner";1
B1 Vokabelliste;"finden; lokalisieren";locate — Engineers tried to locate the fault in the cable.;"finden; lokalisieren";locate — Engineers tried to locate the fault in the cable.;locate — Engineers tried to locate the fault in the cable.;"finden; lokalisieren";1
B1 Vokabelliste;"gelegen; befindlich";located — The power plant is located near the river.;"gelegen; befindlich";located — The power plant is located near the river.;located — The power plant is located near the river.;"gelegen; befindlich";1
B1 Vokabelliste;"Ort; Standort";location — The location of a wind farm affects its output.;"Ort; Standort";location — The location of a wind farm affects its output.;location — The location of a wind farm affects its output.;"Ort; Standort";1
B1 Vokabelliste;einsam;lonely — The lighthouse stood lonely on the windy coast.;einsam;lonely — The lighthouse stood lonely on the windy coast.;lonely — The lighthouse stood lonely on the windy coast.;einsam;1
B1 Vokabelliste;Verlust;loss — Long power lines cause some energy loss.;Verlust;loss — Long power lines cause some energy loss.;loss — Long power lines cause some energy loss.;Verlust;1
B1 Vokabelliste;Luxus;luxury — A constant power supply is a luxury we take for granted.;Luxus;luxury — A constant power supply is a luxury we take for granted.;luxury — A constant power supply is a luxury we take for granted.;Luxus;1
B1 Vokabelliste;"verrückt; wütend";mad — He was mad about the sudden rise in energy prices.;"verrückt; wütend";mad — He was mad about the sudden rise in energy prices.;mad — He was mad about the sudden rise in energy prices.;"verrückt; wütend";1
B1 Vokabelliste;"Magie; magisch";magic — Turning sunlight into power almost feels like magic.;"Magie; magisch";magic — Turning sunlight into power almost feels like magic.;magic — Turning sunlight into power almost feels like magic.;"Magie; magisch";1
B1 Vokabelliste;hauptsächlich;mainly — The region runs mainly on hydropower.;hauptsächlich;mainly — The region runs mainly on hydropower.;mainly — The region runs mainly on hydropower.;hauptsächlich;1
B1 Vokabelliste;Einkaufszentrum;mall — The shopping mall installed solar panels on its roof.;Einkaufszentrum;mall — The shopping mall installed solar panels on its roof.;mall — The shopping mall installed solar panels on its roof.;Einkaufszentrum;1
B1 Vokabelliste;"Management; Leitung";management — Good load management keeps the grid stable.;"Management; Leitung";management — Good load management keeps the grid stable.;management — Good load management keeps the grid stable.;"Management; Leitung";1
B1 Vokabelliste;vermarkten;market — The company markets its batteries across Europe.;vermarkten;market — The company markets its batteries across Europe.;market — The company markets its batteries across Europe.;vermarkten;1
B1 Vokabelliste;Marketing;marketing — The marketing focused on clean, green energy.;Marketing;marketing — The marketing focused on clean, green energy.;marketing — The marketing focused on clean, green energy.;Marketing;1
B1 Vokabelliste;Ehe;marriage — Their marriage took place near the mountain lake.;Ehe;marriage — Their marriage took place near the mountain lake.;marriage — Their marriage took place near the mountain lake.;Ehe;1
B1 Vokabelliste;"inzwischen; währenddessen";meanwhile — Meanwhile, the wind picked up and the turbines sped up.;"inzwischen; währenddessen";meanwhile — Meanwhile, the wind picked up and the turbines sped up.;meanwhile — Meanwhile, the wind picked up and the turbines sped up.;"inzwischen; währenddessen";1
B1 Vokabelliste;"messen; Maß";measure — We measure energy in kilowatt-hours.;"messen; Maß";measure — We measure energy in kilowatt-hours.;measure — We measure energy in kilowatt-hours.;"messen; Maß";1
B1 Vokabelliste;"mittel; mittelgroß";medium — The town is served by a medium-voltage grid.;"mittel; mittelgroß";medium — The town is served by a medium-voltage grid.;medium — The town is served by a medium-voltage grid.;"mittel; mittelgroß";1
B1 Vokabelliste;"geistig; psychisch";mental — Long races test both physical and mental strength.;"geistig; psychisch";mental — Long races test both physical and mental strength.;mental — Long races test both physical and mental strength.;"geistig; psychisch";1
B1 Vokabelliste;Erwähnung;mention — The report made no mention of the grid losses.;Erwähnung;mention — The report made no mention of the grid losses.;mention — The report made no mention of the grid losses.;Erwähnung;1
B1 Vokabelliste;"Unordnung; Chaos";mess — The tangled cables were a real mess.;"Unordnung; Chaos";mess — The tangled cables were a real mess.;mess — The tangled cables were a real mess.;"Unordnung; Chaos";1
B1 Vokabelliste;"mild; leicht";mild — A mild winter means lower heating demand.;"mild; leicht";mild — A mild winter means lower heating demand.;mild — A mild winter means lower heating demand.;"mild; leicht";1
B1 Vokabelliste;"Bergwerk; Grube";mine — Coal is dug out of a deep mine.;"Bergwerk; Grube";mine — Coal is dug out of a deep mine.;mine — Coal is dug out of a deep mine.;"Bergwerk; Grube";1
B1 Vokabelliste;"mischen; Mischung";mix — The energy mix includes wind, solar and gas.;"mischen; Mischung";mix — The energy mix includes wind, solar and gas.;mix — The energy mix includes wind, solar and gas.;"mischen; Mischung";1
B1 Vokabelliste;Mischung;mixture — The power comes from a mixture of sources.;Mischung;mixture — The power comes from a mixture of sources.;mixture — The power comes from a mixture of sources.;Mischung;1
B1 Vokabelliste;Stimmung;mood — A sunny morning run lifts my mood.;Stimmung;mood — A sunny morning run lifts my mood.;mood — A sunny morning run lifts my mood.;Stimmung;1
B1 Vokabelliste;"Bewegung; Zug";move — That move gave our team the lead.;"Bewegung; Zug";move — That move gave our team the lead.;move — That move gave our team the lead.;"Bewegung; Zug";1
B1 Vokabelliste;Schlamm;mud — After the rain the trail was thick with mud.;Schlamm;mud — After the rain the trail was thick with mud.;mud — After the rain the trail was thick with mud.;Schlamm;1
B1 Vokabelliste;"Mord; ermorden";murder — The detective solved the murder in the old mill.;"Mord; ermorden";murder — The detective solved the murder in the old mill.;murder — The detective solved the murder in the old mill.;"Mord; ermorden";1
B1 Vokabelliste;Muskel;muscle — Strong leg muscles help runners climb hills.;Muskel;muscle — Strong leg muscles help runners climb hills.;muscle — Strong leg muscles help runners climb hills.;Muskel;1
B1 Vokabelliste;Musical;musical — We watched a musical at the theatre.;Musical;musical — We watched a musical at the theatre.;musical — We watched a musical at the theatre.;Musical;1
B1 Vokabelliste;"Geheimnis; Rätsel";mystery — The cause of the blackout was a mystery at first.;"Geheimnis; Rätsel";mystery — The cause of the blackout was a mystery at first.;mystery — The cause of the blackout was a mystery at first.;"Geheimnis; Rätsel";1
B1 Vokabelliste;"Nagel; Fingernagel";nail — She hit the nail to fix the fence post.;"Nagel; Fingernagel";nail — She hit the nail to fix the fence post.;nail — She hit the nail to fix the fence post.;"Nagel; Fingernagel";1
B1 Vokabelliste;"Erzählung; erzählerisch";narrative — The documentary told the narrative of the energy transition.;"Erzählung; erzählerisch";narrative — The documentary told the narrative of the energy transition.;narrative — The documentary told the narrative of the energy transition.;"Erzählung; erzählerisch";1
B1 Vokabelliste;Nation;nation — The whole nation relies on a stable power grid.;Nation;nation — The whole nation relies on a stable power grid.;nation — The whole nation relies on a stable power grid.;Nation;1
B1 Vokabelliste;"einheimisch; Einheimischer; Einheimische; Muttersprachler; Muttersprachlerin";native — Native plants grow around the solar farm.;"einheimisch; Einheimischer; Einheimische; Muttersprachler; Muttersprachlerin";native — Native plants grow around the solar farm.;native — Native plants grow around the solar farm.;"einheimisch; Einheimischer; Einheimische; Muttersprachler; Muttersprachlerin";1
B1 Vokabelliste;"natürlich; selbstverständlich";naturally — Rivers naturally provide energy for hydropower.;"natürlich; selbstverständlich";naturally — Rivers naturally provide energy for hydropower.;naturally — Rivers naturally provide energy for hydropower.;"natürlich; selbstverständlich";1
B1 Vokabelliste;notwendigerweise;necessarily — More turbines do not necessarily mean more power.;notwendigerweise;necessarily — More turbines do not necessarily mean more power.;necessarily — More turbines do not necessarily mean more power.;notwendigerweise;1
B1 Vokabelliste;"brauchen; müssen";need — Cities need a reliable supply of electricity.;"brauchen; müssen";need — Cities need a reliable supply of electricity.;need — Cities need a reliable supply of electricity.;"brauchen; müssen";1
B1 Vokabelliste;Nadel;needle — The meter's needle pointed to full power.;Nadel;needle — The meter's needle pointed to full power.;needle — The meter's needle pointed to full power.;Nadel;1
B1 Vokabelliste;"Nachbarschaft; Viertel";neighbourhood — The whole neighbourhood switched to solar power.;"Nachbarschaft; Viertel";neighbourhood — The whole neighbourhood switched to solar power.;neighbourhood — The whole neighbourhood switched to solar power.;"Nachbarschaft; Viertel";1
B1 Vokabelliste;"auch nicht; weder";neither — Neither coal nor oil is good for the climate.;"auch nicht; weder";neither — Neither coal nor oil is good for the climate.;neither — Neither coal nor oil is good for the climate.;"auch nicht; weder";1
B1 Vokabelliste;Netz;net — A fishing net was caught near the offshore turbine.;Netz;net — A fishing net was caught near the offshore turbine.;net — A fishing net was caught near the offshore turbine.;Netz;1
B1 Vokabelliste;das Nächste;next — Let's move on to the next.;das Nächste;next — Let's move on to the next.;next — Let's move on to the next.;das Nächste;1
B1 Vokabelliste;"noch; auch nicht";nor — The battery was neither full nor empty.;"noch; auch nicht";nor — The battery was neither full nor empty.;nor — The battery was neither full nor empty.;"noch; auch nicht";1
B1 Vokabelliste;"Normalzustand; Normalität";normal — After the repair, everything returned to normal.;"Normalzustand; Normalität";normal — After the repair, everything returned to normal.;normal — After the repair, everything returned to normal.;"Normalzustand; Normalität";1
B1 Vokabelliste;nördlich;northern — Strong winds blow across the northern sea.;nördlich;northern — Strong winds blow across the northern sea.;northern — Strong winds blow across the northern sea.;nördlich;1
B1 Vokabelliste;"notieren; bemerken";note — I noted the peak value in the table.;"notieren; bemerken";note — I noted the peak value in the table.;note — I noted the peak value in the table.;"notieren; bemerken";1
B1 Vokabelliste;"nun da; jetzt, wo";now — Now that the wind has picked up, the turbines are producing more power.;"nun da; jetzt, wo";now — Now that the wind has picked up, the turbines are producing more power.;now — Now that the wind has picked up, the turbines are producing more power.;"nun da; jetzt, wo";1
B1 Vokabelliste;"nuklear; Kern-";nuclear — A nuclear plant runs almost continuously.;"nuklear; Kern-";nuclear — A nuclear plant runs almost continuously.;nuclear — A nuclear plant runs almost continuously.;"nuklear; Kern-";1
B1 Vokabelliste;offensichtlich;obvious — It is obvious that the sun doesn't shine at night.;offensichtlich;obvious — It is obvious that the sun doesn't shine at night.;obvious — It is obvious that the sun doesn't shine at night.;offensichtlich;1
B1 Vokabelliste;offensichtlich;obviously — Obviously, wind turbines need wind to work.;offensichtlich;obviously — Obviously, wind turbines need wind to work.;obviously — Obviously, wind turbines need wind to work.;offensichtlich;1
B1 Vokabelliste;"Gelegenheit; Anlass";occasion — The opening of the solar park was a special occasion.;"Gelegenheit; Anlass";occasion — The opening of the solar park was a special occasion.;occasion — The opening of the solar park was a special occasion.;"Gelegenheit; Anlass";1
B1 Vokabelliste;"vorkommen; geschehen";occur — Blackouts occur when supply and demand don't match.;"vorkommen; geschehen";occur — Blackouts occur when supply and demand don't match.;occur — Blackouts occur when supply and demand don't match.;"vorkommen; geschehen";1
B1 Vokabelliste;"seltsam; ungerade";odd — It felt odd when all the lights suddenly went out.;"seltsam; ungerade";odd — It felt odd when all the lights suddenly went out.;odd — It felt odd when all the lights suddenly went out.;"seltsam; ungerade";1
B1 Vokabelliste;offiziell;official — The official report was published yesterday.;offiziell;official — The official report was published yesterday.;official — The official report was published yesterday.;offiziell;1
B1 Vokabelliste;altmodisch;old-fashioned — Old-fashioned bulbs waste a lot of energy.;altmodisch;old-fashioned — Old-fashioned bulbs waste a lot of energy.;old-fashioned — Old-fashioned bulbs waste a lot of energy.;altmodisch;1
B1 Vokabelliste;"sobald; nachdem";once — Once the sun sets, solar output drops to zero.;"sobald; nachdem";once — Once the sun sets, solar output drops to zero.;once — Once the sun sets, solar output drops to zero.;"sobald; nachdem";1
B1 Vokabelliste;"Betrieb; Operation";operation — The power plant is in full operation.;"Betrieb; Operation";operation — The power plant is in full operation.;operation — The power plant is in full operation.;"Betrieb; Operation";1
B1 Vokabelliste;organisiert;organized — The race was very well organized.;organisiert;organized — The race was very well organized.;organized — The race was very well organized.;organisiert;1
B1 Vokabelliste;"Organisator; Veranstalter";organizer — The organizer thanked all the runners.;"Organisator; Veranstalter";organizer — The organizer thanked all the runners.;organizer — The organizer thanked all the runners.;"Organisator; Veranstalter";1
B1 Vokabelliste;Original;original — This is the original, not a copy.;Original;original — This is the original, not a copy.;original — This is the original, not a copy.;Original;1
B1 Vokabelliste;ursprünglich;originally — The dam was originally built a hundred years ago.;ursprünglich;originally — The dam was originally built a hundred years ago.;originally — The dam was originally built a hundred years ago.;ursprünglich;1
B1 Vokabelliste;sollte;ought — We ought to insulate our homes to save energy.;sollte;ought — We ought to insulate our homes to save energy.;ought — We ought to insulate our homes to save energy.;sollte;1
B1 Vokabelliste;"unserer; unsere; unseres";ours — This clean energy future is ours to build.;"unserer; unsere; unseres";ours — This clean energy future is ours to build.;ours — This clean energy future is ours to build.;"unserer; unsere; unseres";1
B1 Vokabelliste;"Freiluft-; Außen-; für draußen";outdoor — Running is a healthy outdoor activity.;"Freiluft-; Außen-; für draußen";outdoor — Running is a healthy outdoor activity.;outdoor — Running is a healthy outdoor activity.;"Freiluft-; Außen-; für draußen";1
B1 Vokabelliste;draußen;outdoors — On sunny days we love training outdoors.;draußen;outdoors — On sunny days we love training outdoors.;outdoors — On sunny days we love training outdoors.;draußen;1
B1 Vokabelliste;"Packung; Rudel";pack — A pack of wolves lives in the forest.;"Packung; Rudel";pack — A pack of wolves lives in the forest.;pack — A pack of wolves lives in the forest.;"Packung; Rudel";1
B1 Vokabelliste;"Paket; Packung";package — The package included a small solar panel and a battery.;"Paket; Packung";package — The package included a small solar panel and a battery.;package — The package included a small solar panel and a battery.;"Paket; Packung";1
B1 Vokabelliste;schmerzhaft;painful — The last kilometre of the race was painful.;schmerzhaft;painful — The last kilometre of the race was painful.;painful — The last kilometre of the race was painful.;schmerzhaft;1
B1 Vokabelliste;blass;pale — The runner looked pale after the long race.;blass;pale — The runner looked pale after the long race.;pale — The runner looked pale after the long race.;blass;1
B1 Vokabelliste;Pfanne;pan — He heated the pan on an electric stove.;Pfanne;pan — He heated the pan on an electric stove.;pan — He heated the pan on an electric stove.;Pfanne;1
B1 Vokabelliste;teilnehmen;participate — Thousands participate in the city marathon.;teilnehmen;participate — Thousands participate in the city marathon.;participate — Thousands participate in the city marathon.;teilnehmen;1
B1 Vokabelliste;"besonders; insbesondere";particularly — Offshore wind is particularly strong in winter.;"besonders; insbesondere";particularly — Offshore wind is particularly strong in winter.;particularly — Offshore wind is particularly strong in winter.;"besonders; insbesondere";1
B1 Vokabelliste;"Pass; Ausweis; bestandene Prüfung";pass — You need a valid pass to enter the site.;"Pass; Ausweis; bestandene Prüfung";pass — You need a valid pass to enter the site.;pass — You need a valid pass to enter the site.;"Pass; Ausweis; bestandene Prüfung";1
B1 Vokabelliste;Leidenschaft;passion — Her passion for cycling keeps her fit.;Leidenschaft;passion — Her passion for cycling keeps her fit.;passion — Her passion for cycling keeps her fit.;Leidenschaft;1
B1 Vokabelliste;"Pfad; Weg";path — A narrow path led up to the mountain hut.;"Pfad; Weg";path — A narrow path led up to the mountain hut.;path — A narrow path led up to the mountain hut.;"Pfad; Weg";1
B1 Vokabelliste;Zahlung;payment — The payment for the electricity is due monthly.;Zahlung;payment — The payment for the electricity is due monthly.;payment — The payment for the electricity is due monthly.;Zahlung;1
B1 Vokabelliste;"friedlich; ruhig";peaceful — The lake behind the dam was calm and peaceful.;"friedlich; ruhig";peaceful — The lake behind the dam was calm and peaceful.;peaceful — The lake behind the dam was calm and peaceful.;"friedlich; ruhig";1
B1 Vokabelliste;Prozentsatz;percentage — A large percentage of power now comes from wind.;Prozentsatz;percentage — A large percentage of power now comes from wind.;percentage — A large percentage of power now comes from wind.;Prozentsatz;1
B1 Vokabelliste;"vollkommen; genau";perfectly — The new turbine runs perfectly in strong wind.;"vollkommen; genau";perfectly — The new turbine runs perfectly in strong wind.;perfectly — The new turbine runs perfectly in strong wind.;"vollkommen; genau";1
B1 Vokabelliste;"Leistung; Aufführung";performance — Cold weather can affect a battery's performance.;"Leistung; Aufführung";performance — Cold weather can affect a battery's performance.;performance — Cold weather can affect a battery's performance.;"Leistung; Aufführung";1
B1 Vokabelliste;persönlich;personally — Personally, I prefer solar power.;persönlich;personally — Personally, I prefer solar power.;personally — Personally, I prefer solar power.;persönlich;1
B1 Vokabelliste;"überreden; überzeugen";persuade — Lower bills persuade people to install solar panels.;"überreden; überzeugen";persuade — Lower bills persuade people to install solar panels.;persuade — Lower bills persuade people to install solar panels.;"überreden; überzeugen";1
B1 Vokabelliste;"Fotograf; Fotografin";photographer — The photographer captured the wind farm at sunset.;"Fotograf; Fotografin";photographer — The photographer captured the wind farm at sunset.;photographer — The photographer captured the wind farm at sunset.;"Fotograf; Fotografin";1
B1 Vokabelliste;Fotografie;photography — Her photography shows the beauty of the mountains.;Fotografie;photography — Her photography shows the beauty of the mountains.;photography — Her photography shows the beauty of the mountains.;Fotografie;1
B1 Vokabelliste;"Stecknadel; anheften";pin — A small pin held the two wires together.;"Stecknadel; anheften";pin — A small pin held the two wires together.;pin — A small pin held the two wires together.;"Stecknadel; anheften";1
B1 Vokabelliste;"Rohr; Pfeife";pipe — Hot water flows through the pipe to the radiator.;"Rohr; Pfeife";pipe — Hot water flows through the pipe to the radiator.;pipe — Hot water flows through the pipe to the radiator.;"Rohr; Pfeife";1
B1 Vokabelliste;"platzieren; stellen";place — Please place the sensor next to the battery.;"platzieren; stellen";place — Please place the sensor next to the battery.;place — Please place the sensor next to the battery.;"platzieren; stellen";1
