category;front;back;front_de;back_de;front_en;back_en;is_bidirectional
B2 Vokabelliste;"aufgeben; verlassen";abandon — The company abandoned plans to build a new coal plant.;"aufgeben; verlassen";abandon — The company abandoned plans to build a new coal plant.;abandon — The company abandoned plans to build a new coal plant.;"aufgeben; verlassen";1
B2 Vokabelliste;"absolut; uneingeschränkt";absolute — Accurate measurements require absolute precision.;"absolut; uneingeschränkt";absolute — Accurate measurements require absolute precision.;absolute — Accurate measurements require absolute precision.;"absolut; uneingeschränkt";1
B2 Vokabelliste;"Akademiker; Hochschulangehöriger";academic — The academic published a study on offshore wind.;"Akademiker; Hochschulangehöriger";academic — The academic published a study on offshore wind.;academic — The academic published a study on offshore wind.;"Akademiker; Hochschulangehöriger";1
B2 Vokabelliste;"akzeptabel; annehmbar";acceptable — The proposed noise level was considered acceptable.;"akzeptabel; annehmbar";acceptable — The proposed noise level was considered acceptable.;acceptable — The proposed noise level was considered acceptable.;"akzeptabel; annehmbar";1
B2 Vokabelliste;begleiten;accompany — A technician will accompany us during the site visit.;begleiten;accompany — A technician will accompany us during the site visit.;accompany — A technician will accompany us during the site visit.;begleiten;1
B2 Vokabelliste;"erklären; ausmachen";account — Weather conditions account for much of the variation in solar output.;"erklären; ausmachen";account — Weather conditions account for much of the variation in solar output.;account — Weather conditions account for much of the variation in solar output.;"erklären; ausmachen";1
B2 Vokabelliste;"genau; präzise";accurate — Accurate forecasts help grid operators plan ahead.;"genau; präzise";accurate — Accurate forecasts help grid operators plan ahead.;accurate — Accurate forecasts help grid operators plan ahead.;"genau; präzise";1
B2 Vokabelliste;beschuldigen;accuse — Residents accused the company of ignoring local concerns.;beschuldigen;accuse — Residents accused the company of ignoring local concerns.;accuse — Residents accused the company of ignoring local concerns.;beschuldigen;1
B2 Vokabelliste;"anerkennen; bestätigen";acknowledge — The report acknowledges the limits of the data.;"anerkennen; bestätigen";acknowledge — The report acknowledges the limits of the data.;acknowledge — The report acknowledges the limits of the data.;"anerkennen; bestätigen";1
B2 Vokabelliste;"erwerben; sich aneignen";acquire — Students acquire practical skills during the internship.;"erwerben; sich aneignen";acquire — Students acquire practical skills during the internship.;acquire — Students acquire practical skills during the internship.;"erwerben; sich aneignen";1
B2 Vokabelliste;"tatsächlich; wirklich";actual — The actual power output was lower than predicted.;"tatsächlich; wirklich";actual — The actual power output was lower than predicted.;actual — The actual power output was lower than predicted.;"tatsächlich; wirklich";1
B2 Vokabelliste;anpassen;adapt — Power grids must adapt to more renewable energy.;anpassen;adapt — Power grids must adapt to more renewable energy.;adapt — Power grids must adapt to more renewable energy.;anpassen;1
B2 Vokabelliste;zusätzlich;additional — The project needs additional data before the analysis can begin.;zusätzlich;additional — The project needs additional data before the analysis can begin.;additional — The project needs additional data before the analysis can begin.;zusätzlich;1
B2 Vokabelliste;"ansprechen; behandeln";address — The meeting will address concerns about the new wind farm.;"ansprechen; behandeln";address — The meeting will address concerns about the new wind farm.;address — The meeting will address concerns about the new wind farm.;"ansprechen; behandeln";1
B2 Vokabelliste;Verwaltung;administration — The local administration approved the solar project.;Verwaltung;administration — The local administration approved the solar project.;administration — The local administration approved the solar project.;Verwaltung;1
B2 Vokabelliste;"übernehmen; adoptieren";adopt — Many companies adopt more efficient technologies.;"übernehmen; adoptieren";adopt — Many companies adopt more efficient technologies.;adopt — Many companies adopt more efficient technologies.;"übernehmen; adoptieren";1
B2 Vokabelliste;"Fortschritt; voranbringen; im Voraus";advance — Battery technology continues to advance rapidly.;"Fortschritt; voranbringen; im Voraus";advance — Battery technology continues to advance rapidly.;advance — Battery technology continues to advance rapidly.;"Fortschritt; voranbringen; im Voraus";1
B2 Vokabelliste;"Angelegenheit; Affäre";affair — The matter became a public affair after the report was released.;"Angelegenheit; Affäre";affair — The matter became a public affair after the report was released.;affair — The matter became a public affair after the report was released.;"Angelegenheit; Affäre";1
B2 Vokabelliste;"danach; anschließend";afterwards — We analysed the data and discussed the results afterwards.;"danach; anschließend";afterwards — We analysed the data and discussed the results afterwards.;afterwards — We analysed the data and discussed the results afterwards.;"danach; anschließend";1
B2 Vokabelliste;"Agentur; Behörde";agency — The environmental agency published new guidelines.;"Agentur; Behörde";agency — The environmental agency published new guidelines.;agency — The environmental agency published new guidelines.;"Agentur; Behörde";1
B2 Vokabelliste;Tagesordnung;agenda — Grid expansion was the first item on the agenda.;Tagesordnung;agenda — Grid expansion was the first item on the agenda.;agenda — Grid expansion was the first item on the agenda.;Tagesordnung;1
B2 Vokabelliste;aggressiv;aggressive — The company adopted an aggressive growth strategy.;aggressiv;aggressive — The company adopted an aggressive growth strategy.;aggressive — The company adopted an aggressive growth strategy.;aggressiv;1
B2 Vokabelliste;"Hilfe; helfen";aid — The new software can aid engineers in detecting faults.;"Hilfe; helfen";aid — The new software can aid engineers in detecting faults.;aid — The new software can aid engineers in detecting faults.;"Hilfe; helfen";1
B2 Vokabelliste;"Flugzeug; Luftfahrzeug";aircraft — The research aircraft measured wind speeds offshore.;"Flugzeug; Luftfahrzeug";aircraft — The research aircraft measured wind speeds offshore.;aircraft — The research aircraft measured wind speeds offshore.;"Flugzeug; Luftfahrzeug";1
B2 Vokabelliste;alarmieren;alarm — A sudden frequency drop can alarm the control-room staff.;alarmieren;alarm — A sudden frequency drop can alarm the control-room staff.;alarm — A sudden frequency drop can alarm the control-room staff.;alarmieren;1
B2 Vokabelliste;verändern;alter — A small change in temperature can alter battery performance.;verändern;alter — A small change in temperature can alter battery performance.;alter — A small change in temperature can alter battery performance.;verändern;1
B2 Vokabelliste;sich belaufen auf;amount — The total investment amounts to five million euros.;sich belaufen auf;amount — The total investment amounts to five million euros.;amount — The total investment amounts to five million euros.;sich belaufen auf;1
B2 Vokabelliste;"Wut; Ärger";anger — Rising energy prices caused public anger.;"Wut; Ärger";anger — Rising energy prices caused public anger.;anger — Rising energy prices caused public anger.;"Wut; Ärger";1
B2 Vokabelliste;"Winkel; Blickwinkel";angle — The panels were installed at an optimal angle.;"Winkel; Blickwinkel";angle — The panels were installed at an optimal angle.;angle — The panels were installed at an optimal angle.;"Winkel; Blickwinkel";1
B2 Vokabelliste;Jahrestag;anniversary — The institute celebrated its fiftieth anniversary.;Jahrestag;anniversary — The institute celebrated its fiftieth anniversary.;anniversary — The institute celebrated its fiftieth anniversary.;Jahrestag;1
B2 Vokabelliste;jährlich;annual — The annual electricity demand is shown in the report.;jährlich;annual — The annual electricity demand is shown in the report.;annual — The annual electricity demand is shown in the report.;jährlich;1
B2 Vokabelliste;"ängstlich; besorgt";anxious — She felt anxious before presenting her project.;"ängstlich; besorgt";anxious — She felt anxious before presenting her project.;anxious — She felt anxious before presenting her project.;"ängstlich; besorgt";1
B2 Vokabelliste;"offensichtlich; scheinbar";apparent — The apparent improvement disappeared after we checked the raw data.;"offensichtlich; scheinbar";apparent — The apparent improvement disappeared after we checked the raw data.;apparent — The apparent improvement disappeared after we checked the raw data.;"offensichtlich; scheinbar";1
B2 Vokabelliste;anscheinend;apparently — The turbine apparently stopped because of a sensor fault.;anscheinend;apparently — The turbine apparently stopped because of a sensor fault.;apparently — The turbine apparently stopped because of a sensor fault.;anscheinend;1
B2 Vokabelliste;"Appell; Berufung; appellieren; ansprechen";appeal — The local group appealed for stronger protection of the wetland.;"Appell; Berufung; appellieren; ansprechen";appeal — The local group appealed for stronger protection of the wetland.;appeal — The local group appealed for stronger protection of the wetland.;"Appell; Berufung; appellieren; ansprechen";1
B2 Vokabelliste;"Ansatz; sich nähern";approach — We need a different approach to analysing the data.;"Ansatz; sich nähern";approach — We need a different approach to analysing the data.;approach — We need a different approach to analysing the data.;"Ansatz; sich nähern";1
B2 Vokabelliste;"angemessen; passend";appropriate — Solar panels are not appropriate for every roof.;"angemessen; passend";appropriate — Solar panels are not appropriate for every roof.;appropriate — Solar panels are not appropriate for every roof.;"angemessen; passend";1
B2 Vokabelliste;"Zustimmung; Genehmigung";approval — The project cannot start without official approval.;"Zustimmung; Genehmigung";approval — The project cannot start without official approval.;approval — The project cannot start without official approval.;"Zustimmung; Genehmigung";1
B2 Vokabelliste;"genehmigen; zustimmen";approve — The council may approve the new transmission line next month.;"genehmigen; zustimmen";approve — The council may approve the new transmission line next month.;approve — The council may approve the new transmission line next month.;"genehmigen; zustimmen";1
B2 Vokabelliste;"entstehen; sich ergeben";arise — Problems can arise when forecasts are inaccurate.;"entstehen; sich ergeben";arise — Problems can arise when forecasts are inaccurate.;arise — Problems can arise when forecasts are inaccurate.;"entstehen; sich ergeben";1
B2 Vokabelliste;bewaffnet;armed — Armed guards protected the restricted facility.;bewaffnet;armed — Armed guards protected the restricted facility.;armed — Armed guards protected the restricted facility.;bewaffnet;1
B2 Vokabelliste;Waffen;arms — The treaty limits the trade in arms.;Waffen;arms — The treaty limits the trade in arms.;arms — The treaty limits the trade in arms.;Waffen;1
B2 Vokabelliste;künstlich;artificial — The test used artificial light instead of sunlight.;künstlich;artificial — The test used artificial light instead of sunlight.;artificial — The test used artificial light instead of sunlight.;künstlich;1
B2 Vokabelliste;künstlerisch;artistic — The map combines scientific data with an artistic design.;künstlerisch;artistic — The map combines scientific data with an artistic design.;artistic — The map combines scientific data with an artistic design.;künstlerisch;1
B2 Vokabelliste;beschämt;ashamed — He felt ashamed after blaming a colleague unfairly.;beschämt;ashamed — He felt ashamed after blaming a colleague unfairly.;ashamed — He felt ashamed after blaming a colleague unfairly.;beschämt;1
B2 Vokabelliste;Aspekt;aspect — Cost is only one aspect of the energy transition.;Aspekt;aspect — Cost is only one aspect of the energy transition.;aspect — Cost is only one aspect of the energy transition.;Aspekt;1
B2 Vokabelliste;"beurteilen; einschätzen";assess — Engineers assess the condition of the cable every year.;"beurteilen; einschätzen";assess — Engineers assess the condition of the cable every year.;assess — Engineers assess the condition of the cable every year.;"beurteilen; einschätzen";1
B2 Vokabelliste;"Bewertung; Beurteilung";assessment — The environmental assessment identified several sensitive habitats.;"Bewertung; Beurteilung";assessment — The environmental assessment identified several sensitive habitats.;assessment — The environmental assessment identified several sensitive habitats.;"Bewertung; Beurteilung";1
B2 Vokabelliste;"verbinden; in Verbindung bringen";associate — Many people associate wind turbines with the energy transition.;"verbinden; in Verbindung bringen";associate — Many people associate wind turbines with the energy transition.;associate — Many people associate wind turbines with the energy transition.;"verbinden; in Verbindung bringen";1
B2 Vokabelliste;"verbunden; zugehörig";associated — High temperatures are associated with lower battery efficiency.;"verbunden; zugehörig";associated — High temperatures are associated with lower battery efficiency.;associated — High temperatures are associated with lower battery efficiency.;"verbunden; zugehörig";1
B2 Vokabelliste;"Verband; Zusammenhang";association — The local conservation association joined the discussion.;"Verband; Zusammenhang";association — The local conservation association joined the discussion.;association — The local conservation association joined the discussion.;"Verband; Zusammenhang";1
B2 Vokabelliste;"annehmen; voraussetzen";assume — We should not assume that every forecast error has the same cause.;"annehmen; voraussetzen";assume — We should not assume that every forecast error has the same cause.;assume — We should not assume that every forecast error has the same cause.;"annehmen; voraussetzen";1
B2 Vokabelliste;"Versuch; versuchen";attempt — The team made another attempt to repair the sensor.;"Versuch; versuchen";attempt — The team made another attempt to repair the sensor.;attempt — The team made another attempt to repair the sensor.;"Versuch; versuchen";1
B2 Vokabelliste;unterstützen;back — Several experts back the proposal for faster grid expansion.;unterstützen;back — Several experts back the proposal for faster grid expansion.;back — Several experts back the proposal for faster grid expansion.;unterstützen;1
B2 Vokabelliste;Bakterien;bacteria — Certain bacteria can produce biogas from organic waste.;Bakterien;bacteria — Certain bacteria can produce biogas from organic waste.;bacteria — Certain bacteria can produce biogas from organic waste.;Bakterien;1
B2 Vokabelliste;"sperren; hindern";bar — Safety rules bar visitors from entering the control room alone.;"sperren; hindern";bar — Safety rules bar visitors from entering the control room alone.;bar — Safety rules bar visitors from entering the control room alone.;"sperren; hindern";1
B2 Vokabelliste;"Barriere; Hindernis";barrier — High costs remain a barrier to some energy projects.;"Barriere; Hindernis";barrier — High costs remain a barrier to some energy projects.;barrier — High costs remain a barrier to some energy projects.;"Barriere; Hindernis";1
B2 Vokabelliste;"grundsätzlich; im Wesentlichen";basically — The system is basically a large network of connected components.;"grundsätzlich; im Wesentlichen";basically — The system is basically a large network of connected components.;basically — The system is basically a large network of connected components.;"grundsätzlich; im Wesentlichen";1
B2 Vokabelliste;kämpfen;battle — Firefighters battle the forest fire throughout the night.;kämpfen;battle — Firefighters battle the forest fire throughout the night.;battle — Firefighters battle the forest fire throughout the night.;kämpfen;1
B2 Vokabelliste;"ertragen; aushalten";bear — The old bridge cannot bear the weight of the new equipment.;"ertragen; aushalten";bear — The old bridge cannot bear the weight of the new equipment.;bear — The old bridge cannot bear the weight of the new equipment.;"ertragen; aushalten";1
B2 Vokabelliste;"Schlag; Takt";beat — The runner tried to beat her personal best.;"Schlag; Takt";beat — The runner tried to beat her personal best.;beat — The runner tried to beat her personal best.;"Schlag; Takt";1
B2 Vokabelliste;"betteln; bitten";beg — I would never beg a company to hire me.;"betteln; bitten";beg — I would never beg a company to hire me.;beg — I would never beg a company to hire me.;"betteln; bitten";1
B2 Vokabelliste;"Wesen; Dasein";being — Every living being depends on energy.;"Wesen; Dasein";being — Every living being depends on energy.;being — Every living being depends on energy.;"Wesen; Dasein";1
B2 Vokabelliste;"gebogen; verbogen";bent — The cable was bent too sharply during installation.;"gebogen; verbogen";bent — The cable was bent too sharply during installation.;bent — The cable was bent too sharply during installation.;"gebogen; verbogen";1
B2 Vokabelliste;"wetten; Wette";bet — I bet solar generation will be higher tomorrow.;"wetten; Wette";bet — I bet solar generation will be higher tomorrow.;bet — I bet solar generation will be higher tomorrow.;"wetten; Wette";1
B2 Vokabelliste;"jenseits; über ... hinaus";beyond — The effects of climate change go beyond rising temperatures.;"jenseits; über ... hinaus";beyond — The effects of climate change go beyond rising temperatures.;beyond — The effects of climate change go beyond rising temperatures.;"jenseits; über ... hinaus";1
B2 Vokabelliste;in Rechnung stellen;bill — The contractor will bill the company for the repair.;in Rechnung stellen;bill — The contractor will bill the company for the repair.;bill — The contractor will bill the company for the repair.;in Rechnung stellen;1
B2 Vokabelliste;"bitter; verbittert";bitter — The dispute left a bitter atmosphere in the team.;"bitter; verbittert";bitter — The dispute left a bitter atmosphere in the team.;bitter — The dispute left a bitter atmosphere in the team.;"bitter; verbittert";1
B2 Vokabelliste;"beschuldigen; Schuld";blame — It is too simple to blame one factor for the blackout.;"beschuldigen; Schuld";blame — It is too simple to blame one factor for the blackout.;blame — It is too simple to blame one factor for the blackout.;"beschuldigen; Schuld";1
B2 Vokabelliste;blind;blind — Dense fog made the driver almost blind to the road ahead.;blind;blind — Dense fog made the driver almost blind to the road ahead.;blind — Dense fog made the driver almost blind to the road ahead.;blind;1
B2 Vokabelliste;"Bindung; Verbindung";bond — Shared goals can create a strong bond within a team.;"Bindung; Verbindung";bond — Shared goals can create a strong bond within a team.;bond — Shared goals can create a strong bond within a team.;"Bindung; Verbindung";1
B2 Vokabelliste;grenzen an;border — The nature reserve borders a large solar farm.;grenzen an;border — The nature reserve borders a large solar farm.;border — The nature reserve borders a large solar farm.;grenzen an;1
B2 Vokabelliste;Brust;breast — The bird had a bright red breast.;Brust;breast — The bird had a bright red breast.;breast — The bird had a bright red breast.;Brust;1
B2 Vokabelliste;"kurz; knapp";brief — The manager gave us a brief update on the project.;"kurz; knapp";brief — The manager gave us a brief update on the project.;brief — The manager gave us a brief update on the project.;"kurz; knapp";1
B2 Vokabelliste;"breit; umfassend";broad — The study takes a broad view of the energy system.;"breit; umfassend";broad — The study takes a broad view of the energy system.;broad — The study takes a broad view of the energy system.;"breit; umfassend";1
B2 Vokabelliste;"senden; Sendung";broadcast — The debate will be broadcast live online.;"senden; Sendung";broadcast — The debate will be broadcast live online.;broadcast — The debate will be broadcast live online.;"senden; Sendung";1
B2 Vokabelliste;"Budget; Etat";budget — The project stayed within its original budget.;"Budget; Etat";budget — The project stayed within its original budget.;budget — The project stayed within its original budget.;"Budget; Etat";1
B2 Vokabelliste;"Kugel; Geschoss";bullet — The museum displayed an old bullet found near the site.;"Kugel; Geschoss";bullet — The museum displayed an old bullet found near the site.;bullet — The museum displayed an old bullet found near the site.;"Kugel; Geschoss";1
B2 Vokabelliste;"Bündel; Gruppe";bunch — A bunch of cables ran beneath the control desk.;"Bündel; Gruppe";bunch — A bunch of cables ran beneath the control desk.;bunch — A bunch of cables ran beneath the control desk.;"Bündel; Gruppe";1
B2 Vokabelliste;"Brandwunde; Verbrennung";burn — He treated a small burn after touching the hot pipe.;"Brandwunde; Verbrennung";burn — He treated a small burn after touching the hot pipe.;burn — He treated a small burn after touching the hot pipe.;"Brandwunde; Verbrennung";1
B2 Vokabelliste;Busch;bush — A bird was nesting in the bush beside the trail.;Busch;bush — A bird was nesting in the bush beside the trail.;bush — A bird was nesting in the bush beside the trail.;Busch;1
B2 Vokabelliste;außer;but — Everyone but the project manager had already left.;außer;but — Everyone but the project manager had already left.;but — Everyone but the project manager had already left.;außer;1
B2 Vokabelliste;Kabel;cable — The offshore cable carries electricity to the mainland.;Kabel;cable — The offshore cable carries electricity to the mainland.;cable — The offshore cable carries electricity to the mainland.;Kabel;1
B2 Vokabelliste;berechnen;calculate — We used Excel to calculate the forecast error.;berechnen;calculate — We used Excel to calculate the forecast error.;calculate — We used Excel to calculate the forecast error.;berechnen;1
B2 Vokabelliste;"absagen; stornieren";cancel — Heavy snow forced the organisers to cancel the race.;"absagen; stornieren";cancel — Heavy snow forced the organisers to cancel the race.;cancel — Heavy snow forced the organisers to cancel the race.;"absagen; stornieren";1
B2 Vokabelliste;Krebs;cancer — The study examines links between air pollution and cancer.;Krebs;cancer — The study examines links between air pollution and cancer.;cancer — The study examines links between air pollution and cancer.;Krebs;1
B2 Vokabelliste;fähig;capable — Modern batteries are capable of responding within seconds.;fähig;capable — Modern batteries are capable of responding within seconds.;capable — Modern batteries are capable of responding within seconds.;fähig;1
B2 Vokabelliste;"Kapazität; Fähigkeit";capacity — The new line will increase the grid's transmission capacity.;"Kapazität; Fähigkeit";capacity — The new line will increase the grid's transmission capacity.;capacity — The new line will increase the grid's transmission capacity.;"Kapazität; Fähigkeit";1
B2 Vokabelliste;"einfangen; Gefangennahme; Aufnahme";capture — The sensor can capture changes in wind speed every second.;"einfangen; Gefangennahme; Aufnahme";capture — The sensor can capture changes in wind speed every second.;capture — The sensor can capture changes in wind speed every second.;"einfangen; Gefangennahme; Aufnahme";1
B2 Vokabelliste;"Besetzung; werfen";cast — The fishermen cast their nets near the coast.;"Besetzung; werfen";cast — The fishermen cast their nets near the coast.;cast — The fishermen cast their nets near the coast.;"Besetzung; werfen";1
B2 Vokabelliste;"Fang; Haken";catch — The safety catch prevents the door from opening accidentally.;"Fang; Haken";catch — The safety catch prevents the door from opening accidentally.;catch — The safety catch prevents the door from opening accidentally.;"Fang; Haken";1
B2 Vokabelliste;Zelle;cell — A solar cell converts sunlight directly into electricity.;Zelle;cell — A solar cell converts sunlight directly into electricity.;cell — A solar cell converts sunlight directly into electricity.;Zelle;1
B2 Vokabelliste;"anketten; verbinden";chain — The workers chained the gate before leaving the site.;"anketten; verbinden";chain — The workers chained the gate before leaving the site.;chain — The workers chained the gate before leaving the site.;"anketten; verbinden";1
B2 Vokabelliste;den Vorsitz führen;chair — She will chair the meeting on grid expansion.;den Vorsitz führen;chair — She will chair the meeting on grid expansion.;chair — She will chair the meeting on grid expansion.;den Vorsitz führen;1
B2 Vokabelliste;Vorsitzender;chairman — The chairman opened the annual meeting.;Vorsitzender;chairman — The chairman opened the annual meeting.;chairman — The chairman opened the annual meeting.;Vorsitzender;1
B2 Vokabelliste;herausfordern;challenge — New weather patterns challenge traditional forecasting models.;herausfordern;challenge — New weather patterns challenge traditional forecasting models.;challenge — New weather patterns challenge traditional forecasting models.;herausfordern;1
B2 Vokabelliste;"Merkmal; charakteristisch";characteristic — Variability is a characteristic of wind and solar power.;"Merkmal; charakteristisch";characteristic — Variability is a characteristic of wind and solar power.;characteristic — Variability is a characteristic of wind and solar power.;"Merkmal; charakteristisch";1
B2 Vokabelliste;"aufzeichnen; darstellen";chart — We chart monthly electricity demand to identify seasonal patterns.;"aufzeichnen; darstellen";chart — We chart monthly electricity demand to identify seasonal patterns.;chart — We chart monthly electricity demand to identify seasonal patterns.;"aufzeichnen; darstellen";1
B2 Vokabelliste;"wichtigste/r; leitend; Leiter/in";chief — The chief engineer approved the final design.;"wichtigste/r; leitend; Leiter/in";chief — The chief engineer approved the final design.;chief — The chief engineer approved the final design.;"wichtigste/r; leitend; Leiter/in";1
B2 Vokabelliste;Umstand;circumstance — Under these circumstances, delaying the project makes sense.;Umstand;circumstance — Under these circumstances, delaying the project makes sense.;circumstance — Under these circumstances, delaying the project makes sense.;Umstand;1
B2 Vokabelliste;zitieren;cite — The report cites data from the federal network agency.;zitieren;cite — The report cites data from the federal network agency.;cite — The report cites data from the federal network agency.;zitieren;1
B2 Vokabelliste;Bürger;citizen — Every citizen can take part in the public consultation.;Bürger;citizen — Every citizen can take part in the public consultation.;citizen — Every citizen can take part in the public consultation.;Bürger;1
B2 Vokabelliste;zivil;civil — Civil society groups joined the debate.;zivil;civil — Civil society groups joined the debate.;civil — Civil society groups joined the debate.;zivil;1
B2 Vokabelliste;"klassisch; Klassiker";classic — The bicycle has a classic steel frame.;"klassisch; Klassiker";classic — The bicycle has a classic steel frame.;classic — The bicycle has a classic steel frame.;"klassisch; Klassiker";1
B2 Vokabelliste;"Ende; Abschluss";close — The meeting came to a close after two hours.;"Ende; Abschluss";close — The meeting came to a close after two hours.;close — The meeting came to a close after two hours.;"Ende; Abschluss";1
B2 Vokabelliste;"genau; eng";closely — Grid operators monitor frequency closely.;"genau; eng";closely — Grid operators monitor frequency closely.;closely — Grid operators monitor frequency closely.;"genau; eng";1
B2 Vokabelliste;"zusammenbrechen; Zusammenbruch";collapse — A sudden voltage drop can cause parts of the system to collapse.;"zusammenbrechen; Zusammenbruch";collapse — A sudden voltage drop can cause parts of the system to collapse.;collapse — A sudden voltage drop can cause parts of the system to collapse.;"zusammenbrechen; Zusammenbruch";1
B2 Vokabelliste;Kombination;combination — A combination of wind, solar and storage can reduce emissions.;Kombination;combination — A combination of wind, solar and storage can reduce emissions.;combination — A combination of wind, solar and storage can reduce emissions.;Kombination;1
B2 Vokabelliste;"Trost; Komfort; trösten";comfort — Good insulation improves comfort while reducing heating demand.;"Trost; Komfort; trösten";comfort — Good insulation improves comfort while reducing heating demand.;comfort — Good insulation improves comfort while reducing heating demand.;"Trost; Komfort; trösten";1
B2 Vokabelliste;"Befehl; befehlen";command — The operator gave the command to disconnect the line.;"Befehl; befehlen";command — The operator gave the command to disconnect the line.;command — The operator gave the command to disconnect the line.;"Befehl; befehlen";1
B2 Vokabelliste;"Kommission; beauftragen";commission — The ministry commissioned a study on energy storage.;"Kommission; beauftragen";commission — The ministry commissioned a study on energy storage.;commission — The ministry commissioned a study on energy storage.;"Kommission; beauftragen";1
B2 Vokabelliste;"Verpflichtung; Engagement";commitment — The company made a long-term commitment to renewable energy.;"Verpflichtung; Engagement";commitment — The company made a long-term commitment to renewable energy.;commitment — The company made a long-term commitment to renewable energy.;"Verpflichtung; Engagement";1
B2 Vokabelliste;"Ausschuss; Komitee";committee — The committee will review the planning application.;"Ausschuss; Komitee";committee — The committee will review the planning application.;committee — The committee will review the planning application.;"Ausschuss; Komitee";1
B2 Vokabelliste;"üblicherweise; häufig";commonly — Lithium-ion batteries are commonly used in electric vehicles.;"üblicherweise; häufig";commonly — Lithium-ion batteries are commonly used in electric vehicles.;commonly — Lithium-ion batteries are commonly used in electric vehicles.;"üblicherweise; häufig";1
B2 Vokabelliste;"Komplex; Gebäudekomplex";complex — The research centre is part of a large building complex.;"Komplex; Gebäudekomplex";complex — The research centre is part of a large building complex.;complex — The research centre is part of a large building complex.;"Komplex; Gebäudekomplex";1
B2 Vokabelliste;kompliziert;complicated — Electricity markets can seem complicated at first.;kompliziert;complicated — Electricity markets can seem complicated at first.;complicated — Electricity markets can seem complicated at first.;kompliziert;1
B2 Vokabelliste;"Bestandteil; Komponente";component — The inverter is an essential component of a solar system.;"Bestandteil; Komponente";component — The inverter is an essential component of a solar system.;component — The inverter is an essential component of a solar system.;"Bestandteil; Komponente";1
B2 Vokabelliste;Konzentration;concentration — The CO2 concentration in the atmosphere continues to rise.;Konzentration;concentration — The CO2 concentration in the atmosphere continues to rise.;concentration — The CO2 concentration in the atmosphere continues to rise.;Konzentration;1
B2 Vokabelliste;"Konzept; Begriff";concept — The concept of balancing supply and demand is central to grid operation.;"Konzept; Begriff";concept — The concept of balancing supply and demand is central to grid operation.;concept — The concept of balancing supply and demand is central to grid operation.;"Konzept; Begriff";1
B2 Vokabelliste;"Sorge; betreffen";concern — Noise is a common concern near proposed wind farms.;"Sorge; betreffen";concern — Noise is a common concern near proposed wind farms.;concern — Noise is a common concern near proposed wind farms.;"Sorge; betreffen";1
B2 Vokabelliste;"besorgt; beteiligt";concerned — Residents are concerned about the impact on wildlife.;"besorgt; beteiligt";concerned — Residents are concerned about the impact on wildlife.;concerned — Residents are concerned about the impact on wildlife.;"besorgt; beteiligt";1
B2 Vokabelliste;"durchführen; Verhalten";conduct — The team will conduct a detailed site survey.;"durchführen; Verhalten";conduct — The team will conduct a detailed site survey.;conduct — The team will conduct a detailed site survey.;"durchführen; Verhalten";1
B2 Vokabelliste;"Vertrauen; Selbstvertrauen";confidence — Regular practice gave her more confidence in English.;"Vertrauen; Selbstvertrauen";confidence — Regular practice gave her more confidence in English.;confidence — Regular practice gave her more confidence in English.;"Vertrauen; Selbstvertrauen";1
B2 Vokabelliste;"Konflikt; in Konflikt stehen";conflict — Grid expansion can conflict with local conservation goals.;"Konflikt; in Konflikt stehen";conflict — Grid expansion can conflict with local conservation goals.;conflict — Grid expansion can conflict with local conservation goals.;"Konflikt; in Konflikt stehen";1
B2 Vokabelliste;verwirrend;confusing — The first version of the chart was too confusing.;verwirrend;confusing — The first version of the chart was too confusing.;confusing — The first version of the chart was too confusing.;verwirrend;1
B2 Vokabelliste;bewusst;conscious — More consumers are conscious of their electricity use.;bewusst;conscious — More consumers are conscious of their electricity use.;conscious — More consumers are conscious of their electricity use.;bewusst;1
B2 Vokabelliste;"konservativ; Konservativer";conservative — We used a conservative estimate for future demand.;"konservativ; Konservativer";conservative — We used a conservative estimate for future demand.;conservative — We used a conservative estimate for future demand.;"konservativ; Konservativer";1
B2 Vokabelliste;"Überlegung; Berücksichtigung";consideration — Biodiversity deserves careful consideration during site planning.;"Überlegung; Berücksichtigung";consideration — Biodiversity deserves careful consideration during site planning.;consideration — Biodiversity deserves careful consideration during site planning.;"Überlegung; Berücksichtigung";1
B2 Vokabelliste;"konsistent; gleichbleibend";consistent — The measurements were consistent across all three sensors.;"konsistent; gleichbleibend";consistent — The measurements were consistent across all three sensors.;consistent — The measurements were consistent across all three sensors.;"konsistent; gleichbleibend";1
B2 Vokabelliste;"konstant; dauerhaft";constant — Grid frequency should remain nearly constant.;"konstant; dauerhaft";constant — Grid frequency should remain nearly constant.;constant — Grid frequency should remain nearly constant.;"konstant; dauerhaft";1
B2 Vokabelliste;ständig;constantly — Electricity supply and demand are constantly changing.;ständig;constantly — Electricity supply and demand are constantly changing.;constantly — Electricity supply and demand are constantly changing.;ständig;1
B2 Vokabelliste;"konstruieren; errichten";construct — The company plans to construct a new substation.;"konstruieren; errichten";construct — The company plans to construct a new substation.;construct — The company plans to construct a new substation.;"konstruieren; errichten";1
B2 Vokabelliste;"Bau; Konstruktion";construction — Construction of the wind farm will begin next spring.;"Bau; Konstruktion";construction — Construction of the wind farm will begin next spring.;construction — Construction of the wind farm will begin next spring.;"Bau; Konstruktion";1
B2 Vokabelliste;zeitgenössisch;contemporary — The museum combines contemporary design with industrial history.;zeitgenössisch;contemporary — The museum combines contemporary design with industrial history.;contemporary — The museum combines contemporary design with industrial history.;zeitgenössisch;1
B2 Vokabelliste;"Wettbewerb; anfechten";contest — She entered a photography contest about changing landscapes.;"Wettbewerb; anfechten";contest — She entered a photography contest about changing landscapes.;contest — She entered a photography contest about changing landscapes.;"Wettbewerb; anfechten";1
B2 Vokabelliste;"Vertrag; sich zusammenziehen";contract — The company signed a contract for six months.;"Vertrag; sich zusammenziehen";contract — The company signed a contract for six months.;contract — The company signed a contract for six months.;"Vertrag; sich zusammenziehen";1
B2 Vokabelliste;beitragen;contribute — Flexible demand can contribute to grid stability.;beitragen;contribute — Flexible demand can contribute to grid stability.;contribute — Flexible demand can contribute to grid stability.;beitragen;1
B2 Vokabelliste;Beitrag;contribution — Wind power makes a major contribution to renewable generation.;Beitrag;contribution — Wind power makes a major contribution to renewable generation.;contribution — Wind power makes a major contribution to renewable generation.;Beitrag;1
B2 Vokabelliste;umwandeln;convert — An inverter converts direct current into alternating current.;umwandeln;convert — An inverter converts direct current into alternating current.;convert — An inverter converts direct current into alternating current.;umwandeln;1
B2 Vokabelliste;überzeugt;convinced — I am convinced that the second method is more accurate.;überzeugt;convinced — I am convinced that the second method is more accurate.;convinced — I am convinced that the second method is more accurate.;überzeugt;1
B2 Vokabelliste;"Kern; zentral";core — Data analysis is a core part of the project.;"Kern; zentral";core — Data analysis is a core part of the project.;core — Data analysis is a core part of the project.;"Kern; zentral";1
B2 Vokabelliste;"unternehmerisch; Firmen-";corporate — The company published its corporate climate strategy.;"unternehmerisch; Firmen-";corporate — The company published its corporate climate strategy.;corporate — The company published its corporate climate strategy.;"unternehmerisch; Firmen-";1
B2 Vokabelliste;"Rat; Gremium";council — The local council discussed the planning application.;"Rat; Gremium";council — The local council discussed the planning application.;council — The local council discussed the planning application.;"Rat; Gremium";1
B2 Vokabelliste;"Landkreis; Grafschaft";county — The solar park is located in a rural county.;"Landkreis; Grafschaft";county — The solar park is located in a rural county.;county — The solar park is located in a rural county.;"Landkreis; Grafschaft";1
B2 Vokabelliste;Mut;courage — It takes courage to present an unpopular result.;Mut;courage — It takes courage to present an unpopular result.;courage — It takes courage to present an unpopular result.;Mut;1
B2 Vokabelliste;"Absturz; Unfall; abstürzen";crash — A software crash interrupted the data analysis.;"Absturz; Unfall; abstürzen";crash — A software crash interrupted the data analysis.;crash — A software crash interrupted the data analysis.;"Absturz; Unfall; abstürzen";1
B2 Vokabelliste;"Schöpfung; Erstellung";creation — The creation of new habitats was part of the solar project.;"Schöpfung; Erstellung";creation — The creation of new habitats was part of the solar project.;creation — The creation of new habitats was part of the solar project.;"Schöpfung; Erstellung";1
B2 Vokabelliste;Lebewesen;creature — Even a small creature can play an important role in an ecosystem.;Lebewesen;creature — Even a small creature can play an important role in an ecosystem.;creature — Even a small creature can play an important role in an ecosystem.;Lebewesen;1
B2 Vokabelliste;"anrechnen; zuschreiben";credit — The team credited better forecasts with reducing balancing costs.;"anrechnen; zuschreiben";credit — The team credited better forecasts with reducing balancing costs.;credit — The team credited better forecasts with reducing balancing costs.;"anrechnen; zuschreiben";1
B2 Vokabelliste;"Besatzung; Team";crew — A maintenance crew inspected the offshore turbine.;"Besatzung; Team";crew — A maintenance crew inspected the offshore turbine.;crew — A maintenance crew inspected the offshore turbine.;"Besatzung; Team";1
B2 Vokabelliste;Krise;crisis — The energy crisis changed how many households use electricity.;Krise;crisis — The energy crisis changed how many households use electricity.;crisis — The energy crisis changed how many households use electricity.;Krise;1
B2 Vokabelliste;Kriterium;criterion — Cost is not the only criterion for choosing a technology.;Kriterium;criterion — Cost is not the only criterion for choosing a technology.;criterion — Cost is not the only criterion for choosing a technology.;Kriterium;1
B2 Vokabelliste;Kritiker;critic — A critic of the project questioned its environmental benefits.;Kritiker;critic — A critic of the project questioned its environmental benefits.;critic — A critic of the project questioned its environmental benefits.;Kritiker;1
B2 Vokabelliste;"kritisch; entscheidend";critical — Accurate forecasts are critical for secure grid operation.;"kritisch; entscheidend";critical — Accurate forecasts are critical for secure grid operation.;critical — Accurate forecasts are critical for secure grid operation.;"kritisch; entscheidend";1
B2 Vokabelliste;Kritik;criticism — The plan received criticism from local residents.;Kritik;criticism — The plan received criticism from local residents.;criticism — The plan received criticism from local residents.;Kritik;1
B2 Vokabelliste;kritisieren;criticize — Experts criticize the study for using outdated data.;kritisieren;criticize — Experts criticize the study for using outdated data.;criticize — Experts criticize the study for using outdated data.;kritisieren;1
B2 Vokabelliste;"Ernte; Nutzpflanze";crop — The farmer grows a different crop between the solar rows.;"Ernte; Nutzpflanze";crop — The farmer grows a different crop between the solar rows.;crop — The farmer grows a different crop between the solar rows.;"Ernte; Nutzpflanze";1
B2 Vokabelliste;entscheidend;crucial — Reliable data is crucial for good decisions.;entscheidend;crucial — Reliable data is crucial for good decisions.;crucial — Reliable data is crucial for good decisions.;entscheidend;1
B2 Vokabelliste;"Schrei; Weinen";cry — We heard the cry of a bird from the forest.;"Schrei; Weinen";cry — We heard the cry of a bird from the forest.;cry — We heard the cry of a bird from the forest.;"Schrei; Weinen";1
B2 Vokabelliste;"heilen; Heilmittel";cure — There is no simple cure for every grid problem.;"heilen; Heilmittel";cure — There is no simple cure for every grid problem.;cure — There is no simple cure for every grid problem.;"heilen; Heilmittel";1
B2 Vokabelliste;"Strom; Strömung";current — Electric current flows through the cable.;"Strom; Strömung";current — Electric current flows through the cable.;current — Electric current flows through the cable.;"Strom; Strömung";1
B2 Vokabelliste;"Kurve; sich krümmen";curve — The demand curve rises sharply in the evening.;"Kurve; sich krümmen";curve — The demand curve rises sharply in the evening.;curve — The demand curve rises sharply in the evening.;"Kurve; sich krümmen";1
B2 Vokabelliste;"gebogen; gekrümmt";curved — The river follows a curved path through the valley.;"gebogen; gekrümmt";curved — The river follows a curved path through the valley.;curved — The river follows a curved path through the valley.;"gebogen; gekrümmt";1
B2 Vokabelliste;"datieren; ausgehen mit";date — Researchers date the wooden structure to the nineteenth century.;"datieren; ausgehen mit";date — Researchers date the wooden structure to the nineteenth century.;date — Researchers date the wooden structure to the nineteenth century.;"datieren; ausgehen mit";1
B2 Vokabelliste;"Debatte; debattieren";debate — The town held a debate about the proposed wind farm.;"Debatte; debattieren";debate — The town held a debate about the proposed wind farm.;debate — The town held a debate about the proposed wind farm.;"Debatte; debattieren";1
B2 Vokabelliste;"Schuld; Schulden";debt — High energy costs pushed the company further into debt.;"Schuld; Schulden";debt — High energy costs pushed the company further into debt.;debt — High energy costs pushed the company further into debt.;"Schuld; Schulden";1
B2 Vokabelliste;"anständig; ordentlich";decent — The internship offers a decent salary for a student.;"anständig; ordentlich";decent — The internship offers a decent salary for a student.;decent — The internship offers a decent salary for a student.;"anständig; ordentlich";1
B2 Vokabelliste;"erklären; verkünden";declare — The operator declared the fault resolved after the final test.;"erklären; verkünden";declare — The operator declared the fault resolved after the final test.;declare — The operator declared the fault resolved after the final test.;"erklären; verkünden";1
B2 Vokabelliste;"Rückgang; ablehnen; sinken";decline — Coal generation continues to decline.;"Rückgang; ablehnen; sinken";decline — Coal generation continues to decline.;decline — Coal generation continues to decline.;"Rückgang; ablehnen; sinken";1
B2 Vokabelliste;"Dekoration; Verzierung";decoration — The old control room kept its original industrial decoration.;"Dekoration; Verzierung";decoration — The old control room kept its original industrial decoration.;decoration — The old control room kept its original industrial decoration.;"Dekoration; Verzierung";1
B2 Vokabelliste;"Abnahme; abnehmen";decrease — A decrease in demand reduced the evening peak.;"Abnahme; abnehmen";decrease — A decrease in demand reduced the evening peak.;decrease — A decrease in demand reduced the evening peak.;"Abnahme; abnehmen";1
B2 Vokabelliste;"tief; stark";deeply — The documentary made me think deeply about climate change.;"tief; stark";deeply — The documentary made me think deeply about climate change.;deeply — The documentary made me think deeply about climate change.;"tief; stark";1
B2 Vokabelliste;"besiegen; Niederlage";defeat — The team suffered a narrow defeat in the final race.;"besiegen; Niederlage";defeat — The team suffered a narrow defeat in the final race.;defeat — The team suffered a narrow defeat in the final race.;"besiegen; Niederlage";1
B2 Vokabelliste;Verteidigung;defence — Flood barriers are an important defence against storm surges.;Verteidigung;defence — Flood barriers are an important defence against storm surges.;defence — Flood barriers are an important defence against storm surges.;Verteidigung;1
B2 Vokabelliste;verteidigen;defend — The researchers defend their methodology during the discussion.;verteidigen;defend — The researchers defend their methodology during the discussion.;defend — The researchers defend their methodology during the discussion.;verteidigen;1
B2 Vokabelliste;"verzögern; Verzögerung";delay — A missing permit could delay construction.;"verzögern; Verzögerung";delay — A missing permit could delay construction.;delay — A missing permit could delay construction.;"verzögern; Verzögerung";1
B2 Vokabelliste;"absichtlich; wohlüberlegt";deliberate — The change was deliberate, not an accidental error.;"absichtlich; wohlüberlegt";deliberate — The change was deliberate, not an accidental error.;deliberate — The change was deliberate, not an accidental error.;"absichtlich; wohlüberlegt";1
B2 Vokabelliste;absichtlich;deliberately — We deliberately used a simple chart to make the pattern clearer.;absichtlich;deliberately — We deliberately used a simple chart to make the pattern clearer.;deliberately — We deliberately used a simple chart to make the pattern clearer.;absichtlich;1
B2 Vokabelliste;"Freude; erfreuen";delight — The first snowfall was a delight for the hikers.;"Freude; erfreuen";delight — The first snowfall was a delight for the hikers.;delight — The first snowfall was a delight for the hikers.;"Freude; erfreuen";1
B2 Vokabelliste;erfreut;delighted — She was delighted with the internship offer.;erfreut;delighted — She was delighted with the internship offer.;delighted — She was delighted with the internship offer.;erfreut;1
B2 Vokabelliste;"Lieferung; Zustellung";delivery — The delivery of the new battery system arrived on Monday.;"Lieferung; Zustellung";delivery — The delivery of the new battery system arrived on Monday.;delivery — The delivery of the new battery system arrived on Monday.;"Lieferung; Zustellung";1
B2 Vokabelliste;"Nachfrage; Forderung; fordern";demand — Electricity demand usually rises on cold winter evenings.;"Nachfrage; Forderung; fordern";demand — Electricity demand usually rises on cold winter evenings.;demand — Electricity demand usually rises on cold winter evenings.;"Nachfrage; Forderung; fordern";1
B2 Vokabelliste;"zeigen; demonstrieren";demonstrate — The experiment demonstrates how voltage affects current.;"zeigen; demonstrieren";demonstrate — The experiment demonstrates how voltage affects current.;demonstrate — The experiment demonstrates how voltage affects current.;"zeigen; demonstrieren";1
B2 Vokabelliste;"leugnen; verweigern";deny — The company denied that the outage was caused by maintenance.;"leugnen; verweigern";deny — The company denied that the outage was caused by maintenance.;deny — The company denied that the outage was caused by maintenance.;"leugnen; verweigern";1
B2 Vokabelliste;deprimiert;depressed — Prices remained depressed during hours of high renewable generation.;deprimiert;depressed — Prices remained depressed during hours of high renewable generation.;depressed — Prices remained depressed during hours of high renewable generation.;deprimiert;1
B2 Vokabelliste;deprimierend;depressing — The loss of biodiversity can be a depressing topic.;deprimierend;depressing — The loss of biodiversity can be a depressing topic.;depressing — The loss of biodiversity can be a depressing topic.;deprimierend;1
B2 Vokabelliste;Tiefe;depth — The cable was buried at a depth of two metres.;Tiefe;depth — The cable was buried at a depth of two metres.;depth — The cable was buried at a depth of two metres.;Tiefe;1
B2 Vokabelliste;"verlassen; im Stich lassen";desert — The workers refused to desert the project despite the difficulties.;"verlassen; im Stich lassen";desert — The workers refused to desert the project despite the difficulties.;desert — The workers refused to desert the project despite the difficulties.;"verlassen; im Stich lassen";1
B2 Vokabelliste;verdienen;deserve — Good data visualisations deserve careful design.;verdienen;deserve — Good data visualisations deserve careful design.;deserve — Good data visualisations deserve careful design.;verdienen;1
B2 Vokabelliste;"Wunsch; wünschen";desire — Her desire to understand energy systems led her to the project.;"Wunsch; wünschen";desire — Her desire to understand energy systems led her to the project.;desire — Her desire to understand energy systems led her to the project.;"Wunsch; wünschen";1
B2 Vokabelliste;verzweifelt;desperate — The team was desperate to restore power before nightfall.;verzweifelt;desperate — The team was desperate to restore power before nightfall.;desperate — The team was desperate to restore power before nightfall.;verzweifelt;1
B2 Vokabelliste;detailliert beschreiben;detail — The report details how the forecasting model was built.;detailliert beschreiben;detail — The report details how the forecasting model was built.;detail — The report details how the forecasting model was built.;detailliert beschreiben;1
B2 Vokabelliste;detailliert;detailed — The dashboard provides a detailed view of hourly generation.;detailliert;detailed — The dashboard provides a detailed view of hourly generation.;detailed — The dashboard provides a detailed view of hourly generation.;detailliert;1
B2 Vokabelliste;"erkennen; entdecken";detect — Smart sensors can detect faults before they become serious.;"erkennen; entdecken";detect — Smart sensors can detect faults before they become serious.;detect — Smart sensors can detect faults before they become serious.;"erkennen; entdecken";1
B2 Vokabelliste;graben;dig — Workers had to dig a trench for the new cable.;graben;dig — Workers had to dig a trench for the new cable.;dig — Workers had to dig a trench for the new cable.;graben;1
B2 Vokabelliste;"Scheibe; Datenträger";disc — The old data was stored on an optical disc.;"Scheibe; Datenträger";disc — The old data was stored on an optical disc.;disc — The old data was stored on an optical disc.;"Scheibe; Datenträger";1
B2 Vokabelliste;"Disziplin; Fachgebiet";discipline — Energy economics is a discipline that combines several fields.;"Disziplin; Fachgebiet";discipline — Energy economics is a discipline that combines several fields.;discipline — Energy economics is a discipline that combines several fields.;"Disziplin; Fachgebiet";1
B2 Vokabelliste;"Rabatt gewähren; außer Acht lassen";discount — We should not discount the possibility of measurement error.;"Rabatt gewähren; außer Acht lassen";discount — We should not discount the possibility of measurement error.;discount — We should not discount the possibility of measurement error.;"Rabatt gewähren; außer Acht lassen";1
B2 Vokabelliste;unehrlich;dishonest — Changing the data to fit a conclusion would be dishonest.;unehrlich;dishonest — Changing the data to fit a conclusion would be dishonest.;dishonest — Changing the data to fit a conclusion would be dishonest.;unehrlich;1
B2 Vokabelliste;"entlassen; abweisen";dismiss — The manager dismissed the idea without examining the evidence.;"entlassen; abweisen";dismiss — The manager dismissed the idea without examining the evidence.;dismiss — The manager dismissed the idea without examining the evidence.;"entlassen; abweisen";1
B2 Vokabelliste;"anzeigen; Darstellung";display — The screen displays the current grid frequency.;"anzeigen; Darstellung";display — The screen displays the current grid frequency.;display — The screen displays the current grid frequency.;"anzeigen; Darstellung";1
B2 Vokabelliste;verteilen;distribute — The network distributes electricity to homes and businesses.;verteilen;distribute — The network distributes electricity to homes and businesses.;distribute — The network distributes electricity to homes and businesses.;verteilen;1
B2 Vokabelliste;Verteilung;distribution — Local distribution grids connect most households.;Verteilung;distribution — Local distribution grids connect most households.;distribution — Local distribution grids connect most households.;Verteilung;1
B2 Vokabelliste;Bezirk;district — The district plans to expand its cycling network.;Bezirk;district — The district plans to expand its cycling network.;district — The district plans to expand its cycling network.;Bezirk;1
B2 Vokabelliste;"Kluft; Trennung";divide — The issue created a divide between local groups.;"Kluft; Trennung";divide — The issue created a divide between local groups.;divide — The issue created a divide between local groups.;"Kluft; Trennung";1
B2 Vokabelliste;"Teilung; Abteilung";division — The company has a separate division for offshore projects.;"Teilung; Abteilung";division — The company has a separate division for offshore projects.;division — The company has a separate division for offshore projects.;"Teilung; Abteilung";1
B2 Vokabelliste;dokumentieren;document — We document every step of the data-cleaning process.;dokumentieren;document — We document every step of the data-cleaning process.;document — We document every step of the data-cleaning process.;dokumentieren;1
B2 Vokabelliste;"häuslich; inländisch";domestic — Domestic electricity consumption fell during the mild winter.;"häuslich; inländisch";domestic — Domestic electricity consumption fell during the mild winter.;domestic — Domestic electricity consumption fell during the mild winter.;"häuslich; inländisch";1
B2 Vokabelliste;dominieren;dominate — Wind power can dominate generation on stormy days.;dominieren;dominate — Wind power can dominate generation on stormy days.;dominate — Wind power can dominate generation on stormy days.;dominieren;1
B2 Vokabelliste;abwärts;downwards — The path slopes downwards towards the river.;abwärts;downwards — The path slopes downwards towards the river.;downwards — The path slopes downwards towards the river.;abwärts;1
B2 Vokabelliste;Dutzend;dozen — A dozen sensors were installed along the line.;Dutzend;dozen — A dozen sensors were installed along the line.;dozen — A dozen sensors were installed along the line.;Dutzend;1
B2 Vokabelliste;"Entwurf; entwerfen";draft — I wrote a first draft of the project report.;"Entwurf; entwerfen";draft — I wrote a first draft of the project report.;draft — I wrote a first draft of the project report.;"Entwurf; entwerfen";1
B2 Vokabelliste;"ziehen; schleppen";drag — Strong winds can drag loose branches onto power lines.;"ziehen; schleppen";drag — Strong winds can drag loose branches onto power lines.;drag — Strong winds can drag loose branches onto power lines.;"ziehen; schleppen";1
B2 Vokabelliste;dramatisch;dramatic — The graph shows a dramatic fall in coal generation.;dramatisch;dramatic — The graph shows a dramatic fall in coal generation.;dramatic — The graph shows a dramatic fall in coal generation.;dramatisch;1
B2 Vokabelliste;bearbeiten;edit — I still need to edit the English text on my portfolio.;bearbeiten;edit — I still need to edit the English text on my portfolio.;edit — I still need to edit the English text on my portfolio.;bearbeiten;1
B2 Vokabelliste;Ausgabe;edition — The latest edition of the report includes new data.;Ausgabe;edition — The latest edition of the report includes new data.;edition — The latest edition of the report includes new data.;Ausgabe;1
B2 Vokabelliste;effizient;efficient — Heat pumps are more efficient when temperatures are moderate.;effizient;efficient — Heat pumps are more efficient when temperatures are moderate.;efficient — Heat pumps are more efficient when temperatures are moderate.;effizient;1
B2 Vokabelliste;"älter; betagt";elderly — The programme helps elderly residents reduce heating costs.;"älter; betagt";elderly — The programme helps elderly residents reduce heating costs.;elderly — The programme helps elderly residents reduce heating costs.;"älter; betagt";1
B2 Vokabelliste;wählen;elect — Members will elect a new committee next month.;wählen;elect — Members will elect a new committee next month.;elect — Members will elect a new committee next month.;wählen;1
B2 Vokabelliste;anderswo;elsewhere — If the site is unsuitable, the project may be built elsewhere.;anderswo;elsewhere — If the site is unsuitable, the project may be built elsewhere.;elsewhere — If the site is unsuitable, the project may be built elsewhere.;anderswo;1
B2 Vokabelliste;"auftauchen; entstehen";emerge — A clear pattern began to emerge from the data.;"auftauchen; entstehen";emerge — A clear pattern began to emerge from the data.;emerge — A clear pattern began to emerge from the data.;"auftauchen; entstehen";1
B2 Vokabelliste;emotional;emotional — The debate about the forest became highly emotional.;emotional;emotional — The debate about the forest became highly emotional.;emotional — The debate about the forest became highly emotional.;emotional;1
B2 Vokabelliste;"Betonung; Schwerpunkt";emphasis — The course places strong emphasis on practical data analysis.;"Betonung; Schwerpunkt";emphasis — The course places strong emphasis on practical data analysis.;emphasis — The course places strong emphasis on practical data analysis.;"Betonung; Schwerpunkt";1
B2 Vokabelliste;betonen;emphasize — The report emphasizes the importance of flexible demand.;betonen;emphasize — The report emphasizes the importance of flexible demand.;emphasize — The report emphasizes the importance of flexible demand.;betonen;1
B2 Vokabelliste;ermöglichen;enable — Smart meters enable households to track electricity use.;ermöglichen;enable — Smart meters enable households to track electricity use.;enable — Smart meters enable households to track electricity use.;ermöglichen;1
B2 Vokabelliste;"begegnen; Begegnung";encounter — We encountered several missing values in the dataset.;"begegnen; Begegnung";encounter — We encountered several missing values in the dataset.;encounter — We encountered several missing values in the dataset.;"begegnen; Begegnung";1
B2 Vokabelliste;"sich beteiligen; beschäftigen";engage — Local residents should engage in the planning process.;"sich beteiligen; beschäftigen";engage — Local residents should engage in the planning process.;engage — Local residents should engage in the planning process.;"sich beteiligen; beschäftigen";1
B2 Vokabelliste;"verbessern; steigern";enhance — Better labels can enhance the readability of a chart.;"verbessern; steigern";enhance — Better labels can enhance the readability of a chart.;enhance — Better labels can enhance the readability of a chart.;"verbessern; steigern";1
B2 Vokabelliste;"Anfrage; Erkundigung";enquiry — I sent an enquiry about the internship requirements.;"Anfrage; Erkundigung";enquiry — I sent an enquiry about the internship requirements.;enquiry — I sent an enquiry about the internship requirements.;"Anfrage; Erkundigung";1
B2 Vokabelliste;sicherstellen;ensure — Regular checks ensure that the equipment remains safe.;sicherstellen;ensure — Regular checks ensure that the equipment remains safe.;ensure — Regular checks ensure that the equipment remains safe.;sicherstellen;1
B2 Vokabelliste;Begeisterung;enthusiasm — Her enthusiasm for renewable energy was obvious.;Begeisterung;enthusiasm — Her enthusiasm for renewable energy was obvious.;enthusiasm — Her enthusiasm for renewable energy was obvious.;Begeisterung;1
B2 Vokabelliste;begeistert;enthusiastic — The team was enthusiastic about testing the new tool.;begeistert;enthusiastic — The team was enthusiastic about testing the new tool.;enthusiastic — The team was enthusiastic about testing the new tool.;begeistert;1
B2 Vokabelliste;"gesamt; vollständig";entire — The entire region was affected by the outage.;"gesamt; vollständig";entire — The entire region was affected by the outage.;entire — The entire region was affected by the outage.;"gesamt; vollständig";1
B2 Vokabelliste;"völlig; vollständig";entirely — The cabin is powered entirely by solar energy.;"völlig; vollständig";entirely — The cabin is powered entirely by solar energy.;entirely — The cabin is powered entirely by solar energy.;"völlig; vollständig";1
B2 Vokabelliste;"Ebenbürtige/r; Gleichgestellte/r";equal — The two teams were equal in size and experience.;"Ebenbürtige/r; Gleichgestellte/r";equal — The two teams were equal in size and experience.;equal — The two teams were equal in size and experience.;"Ebenbürtige/r; Gleichgestellte/r";1
B2 Vokabelliste;"gründen; feststellen";establish — The study aims to establish a link between weather and forecast errors.;"gründen; feststellen";establish — The study aims to establish a link between weather and forecast errors.;establish — The study aims to establish a link between weather and forecast errors.;"gründen; feststellen";1
B2 Vokabelliste;"Anwesen; Nachlass";estate — The old estate now contains a small nature reserve.;"Anwesen; Nachlass";estate — The old estate now contains a small nature reserve.;estate — The old estate now contains a small nature reserve.;"Anwesen; Nachlass";1
B2 Vokabelliste;"schätzen; Schätzung";estimate — We estimate annual generation using historical data.;"schätzen; Schätzung";estimate — We estimate annual generation using historical data.;estimate — We estimate annual generation using historical data.;"schätzen; Schätzung";1
B2 Vokabelliste;ethisch;ethical — The project raised ethical questions about land use.;ethisch;ethical — The project raised ethical questions about land use.;ethical — The project raised ethical questions about land use.;ethisch;1
B2 Vokabelliste;bewerten;evaluate — We need to evaluate the model before using it operationally.;bewerten;evaluate — We need to evaluate the model before using it operationally.;evaluate — We need to evaluate the model before using it operationally.;bewerten;1
B2 Vokabelliste;"eben; gleichmäßig";even — Spread the gravel until the surface is even.;"eben; gleichmäßig";even — Spread the gravel until the surface is even.;even — Spread the gravel until the surface is even.;"eben; gleichmäßig";1
B2 Vokabelliste;"böse; das Böse";evil — The story presents pollution as an obvious evil.;"böse; das Böse";evil — The story presents pollution as an obvious evil.;evil — The story presents pollution as an obvious evil.;"böse; das Böse";1
B2 Vokabelliste;"Untersuchung; Prüfung";examination — A closer examination revealed an error in the formula.;"Untersuchung; Prüfung";examination — A closer examination revealed an error in the formula.;examination — A closer examination revealed an error in the formula.;"Untersuchung; Prüfung";1
B2 Vokabelliste;"Entschuldigung; entschuldigen";excuse — There is no excuse for ignoring basic safety rules.;"Entschuldigung; entschuldigen";excuse — There is no excuse for ignoring basic safety rules.;excuse — There is no excuse for ignoring basic safety rules.;"Entschuldigung; entschuldigen";1
B2 Vokabelliste;"Führungskraft; leitend";executive — The executive presented the company's new strategy.;"Führungskraft; leitend";executive — The executive presented the company's new strategy.;executive — The executive presented the company's new strategy.;"Führungskraft; leitend";1
B2 Vokabelliste;Existenz;existence — The existence of rare species changed the site plan.;Existenz;existence — The existence of rare species changed the site plan.;existence — The existence of rare species changed the site plan.;Existenz;1
B2 Vokabelliste;Erwartung;expectation — The result was below our initial expectation.;Erwartung;expectation — The result was below our initial expectation.;expectation — The result was below our initial expectation.;Erwartung;1
B2 Vokabelliste;"Ausgabe; Kosten";expense — The company replaced the cable at its own expense.;"Ausgabe; Kosten";expense — The company replaced the cable at its own expense.;expense — The company replaced the cable at its own expense.;"Ausgabe; Kosten";1
B2 Vokabelliste;"Erkundung; Erforschung";exploration — The project began with an exploration of available datasets.;"Erkundung; Erforschung";exploration — The project began with an exploration of available datasets.;exploration — The project began with an exploration of available datasets.;"Erkundung; Erforschung";1
B2 Vokabelliste;"aussetzen; aufdecken";expose — The analysis exposed several weaknesses in the original method.;"aussetzen; aufdecken";expose — The analysis exposed several weaknesses in the original method.;expose — The analysis exposed several weaknesses in the original method.;"aussetzen; aufdecken";1
B2 Vokabelliste;"erweitern; verlängern";extend — The grid operator plans to extend the line to the coast.;"erweitern; verlängern";extend — The grid operator plans to extend the line to the coast.;extend — The grid operator plans to extend the line to the coast.;"erweitern; verlängern";1
B2 Vokabelliste;Ausmaß;extent — The full extent of the damage became clear the next morning.;Ausmaß;extent — The full extent of the damage became clear the next morning.;extent — The full extent of the damage became clear the next morning.;Ausmaß;1
B2 Vokabelliste;"extern; äußerlich";external — External weather data improved the forecast model.;"extern; äußerlich";external — External weather data improved the forecast model.;external — External weather data improved the forecast model.;"extern; äußerlich";1
B2 Vokabelliste;außergewöhnlich;extraordinary — The storm caused an extraordinary rise in wind generation.;außergewöhnlich;extraordinary — The storm caused an extraordinary rise in wind generation.;extraordinary — The storm caused an extraordinary rise in wind generation.;außergewöhnlich;1
B2 Vokabelliste;Extrem;extreme — The equipment must withstand extreme temperatures.;Extrem;extreme — The equipment must withstand extreme temperatures.;extreme — The equipment must withstand extreme temperatures.;Extrem;1
B2 Vokabelliste;"Einrichtung; Anlage";facility — The battery facility can store electricity for several hours.;"Einrichtung; Anlage";facility — The battery facility can store electricity for several hours.;facility — The battery facility can store electricity for several hours.;"Einrichtung; Anlage";1
B2 Vokabelliste;"Scheitern; Ausfall";failure — A sensor failure caused incorrect measurements.;"Scheitern; Ausfall";failure — A sensor failure caused incorrect measurements.;failure — A sensor failure caused incorrect measurements.;"Scheitern; Ausfall";1
B2 Vokabelliste;"Glaube; Vertrauen";faith — She has strong faith in the team's ability to solve the problem.;"Glaube; Vertrauen";faith — She has strong faith in the team's ability to solve the problem.;faith — She has strong faith in the team's ability to solve the problem.;"Glaube; Vertrauen";1
B2 Vokabelliste;"Fehler; Schuld";fault — Engineers found a fault in the underground cable.;"Fehler; Schuld";fault — Engineers found a fault in the underground cable.;fault — Engineers found a fault in the underground cable.;"Fehler; Schuld";1
B2 Vokabelliste;"bevorzugen; begünstigen";favour — The analysis favours the simpler model because it performs better.;"bevorzugen; begünstigen";favour — The analysis favours the simpler model because it performs better.;favour — The analysis favours the simpler model because it performs better.;"bevorzugen; begünstigen";1
B2 Vokabelliste;Feder;feather — A small feather was caught on the fence near the solar field.;Feder;feather — A small feather was caught on the fence near the solar field.;feather — A small feather was caught on the fence near the solar field.;Feder;1
B2 Vokabelliste;Gebühr;fee — The course charges a small registration fee.;Gebühr;fee — The course charges a small registration fee.;fee — The course charges a small registration fee.;Gebühr;1
B2 Vokabelliste;Futter;feed — Grass from the meadow is used as animal feed.;Futter;feed — Grass from the meadow is used as animal feed.;feed — Grass from the meadow is used as animal feed.;Futter;1
B2 Vokabelliste;Rückmeldung;feedback — I asked my supervisor for feedback on the presentation.;Rückmeldung;feedback — I asked my supervisor for feedback on the presentation.;feedback — I asked my supervisor for feedback on the presentation.;Rückmeldung;1
B2 Vokabelliste;"Gefühl; Eindruck";feel — The material has a rough feel.;"Gefühl; Eindruck";feel — The material has a rough feel.;feel — The material has a rough feel.;"Gefühl; Eindruck";1
B2 Vokabelliste;"Mit-; derselben Gruppe angehörend";fellow — A fellow student helped me check the calculations.;"Mit-; derselben Gruppe angehörend";fellow — A fellow student helped me check the calculations.;fellow — A fellow student helped me check the calculations.;"Mit-; derselben Gruppe angehörend";1
B2 Vokabelliste;"herausfinden; annehmen";figure — We need to figure out why the values differ.;"herausfinden; annehmen";figure — We need to figure out why the values differ.;figure — We need to figure out why the values differ.;"herausfinden; annehmen";1
B2 Vokabelliste;"einreichen; abheften";file — Please file the final report before Friday.;"einreichen; abheften";file — Please file the final report before Friday.;file — Please file the final report before Friday.;"einreichen; abheften";1
B2 Vokabelliste;"Finanzen; finanzieren";finance — The company will finance the project through a long-term loan.;"Finanzen; finanzieren";finance — The company will finance the project through a long-term loan.;finance — The company will finance the project through a long-term loan.;"Finanzen; finanzieren";1
B2 Vokabelliste;"Ergebnis; Fund";finding — One important finding was that forecast errors fall closer to real time.;"Ergebnis; Fund";finding — One important finding was that forecast errors fall closer to real time.;finding — One important finding was that forecast errors fall closer to real time.;"Ergebnis; Fund";1
B2 Vokabelliste;"Unternehmen; Firma";firm — The engineering firm specialises in grid planning.;"Unternehmen; Firma";firm — The engineering firm specialises in grid planning.;firm — The engineering firm specialises in grid planning.;"Unternehmen; Firma";1
B2 Vokabelliste;"Lösung; Reparatur";fix — Replacing the sensor was a simple fix.;"Lösung; Reparatur";fix — Replacing the sensor was a simple fix.;fix — Replacing the sensor was a simple fix.;"Lösung; Reparatur";1
B2 Vokabelliste;Flamme;flame — The gas flame turned blue when the burner was adjusted.;Flamme;flame — The gas flame turned blue when the burner was adjusted.;flame — The gas flame turned blue when the burner was adjusted.;Flamme;1
B2 Vokabelliste;"Blitz; aufblitzen";flash — Lightning can flash across the sky during a summer storm.;"Blitz; aufblitzen";flash — Lightning can flash across the sky during a summer storm.;flash — Lightning can flash across the sky during a summer storm.;"Blitz; aufblitzen";1
B2 Vokabelliste;flexibel;flexible — Flexible demand helps balance renewable generation.;flexibel;flexible — Flexible demand helps balance renewable generation.;flexible — Flexible demand helps balance renewable generation.;flexibel;1
B2 Vokabelliste;"schweben; schwimmen";float — The monitoring buoy can float for months at sea.;"schweben; schwimmen";float — The monitoring buoy can float for months at sea.;float — The monitoring buoy can float for months at sea.;"schweben; schwimmen";1
B2 Vokabelliste;Falte;fold — The map had a deep fold down the middle.;Falte;fold — The map had a deep fold down the middle.;fold — The map had a deep fold down the middle.;Falte;1
B2 Vokabelliste;faltbar;folding — A folding bicycle is practical on trains.;faltbar;folding — A folding bicycle is practical on trains.;folding — A folding bicycle is practical on trains.;faltbar;1
B2 Vokabelliste;"nach; folgend auf";following — Following the site visit, we updated the map.;"nach; folgend auf";following — Following the site visit, we updated the map.;following — Following the site visit, we updated the map.;"nach; folgend auf";1
B2 Vokabelliste;vergeben;forgive — She could forgive the mistake once it was explained.;vergeben;forgive — She could forgive the mistake once it was explained.;forgive — She could forgive the mistake once it was explained.;vergeben;1
B2 Vokabelliste;ehemalig;former — The former coal site is now a solar park.;ehemalig;former — The former coal site is now a solar park.;former — The former coal site is now a solar park.;ehemalig;1
B2 Vokabelliste;"Vermögen; Glück";fortune — The entrepreneur made a fortune in the technology sector.;"Vermögen; Glück";fortune — The entrepreneur made a fortune in the technology sector.;fortune — The entrepreneur made a fortune in the technology sector.;"Vermögen; Glück";1
B2 Vokabelliste;"vorwärtsgerichtet; vorn gelegen; zukunftsbezogen";forward — The team needs a forward-looking strategy for grid expansion.;"vorwärtsgerichtet; vorn gelegen; zukunftsbezogen";forward — The team needs a forward-looking strategy for grid expansion.;forward — The team needs a forward-looking strategy for grid expansion.;"vorwärtsgerichtet; vorn gelegen; zukunftsbezogen";1
B2 Vokabelliste;gründen;found — Engineers founded the company in 2018.;gründen;found — Engineers founded the company in 2018.;found — Engineers founded the company in 2018.;gründen;1
B2 Vokabelliste;befreien;free — The rescue team freed the bird from the fence.;befreien;free — The rescue team freed the bird from the fence.;free — The rescue team freed the bird from the fence.;befreien;1
B2 Vokabelliste;Freiheit;freedom — Remote work gives some employees more freedom.;Freiheit;freedom — Remote work gives some employees more freedom.;freedom — Remote work gives some employees more freedom.;Freiheit;1
B2 Vokabelliste;"Häufigkeit; Frequenz";frequency — Grid frequency must stay close to 50 hertz.;"Häufigkeit; Frequenz";frequency — Grid frequency must stay close to 50 hertz.;frequency — Grid frequency must stay close to 50 hertz.;"Häufigkeit; Frequenz";1
B2 Vokabelliste;"antreiben; befeuern";fuel — High prices can fuel public debate.;"antreiben; befeuern";fuel — High prices can fuel public debate.;fuel — High prices can fuel public debate.;"antreiben; befeuern";1
B2 Vokabelliste;"vollständig; völlig";fully — The battery was fully charged before the test.;"vollständig; völlig";fully — The battery was fully charged before the test.;fully — The battery was fully charged before the test.;"vollständig; völlig";1
B2 Vokabelliste;funktionieren;function — The backup system can function without an internet connection.;funktionieren;function — The backup system can function without an internet connection.;function — The backup system can function without an internet connection.;funktionieren;1
B2 Vokabelliste;"Fonds; finanzieren";fund — The programme will fund small community energy projects.;"Fonds; finanzieren";fund — The programme will fund small community energy projects.;fund — The programme will fund small community energy projects.;"Fonds; finanzieren";1
B2 Vokabelliste;grundlegend;fundamental — Reliable data is fundamental to good analysis.;grundlegend;fundamental — Reliable data is fundamental to good analysis.;fundamental — Reliable data is fundamental to good analysis.;grundlegend;1
B2 Vokabelliste;Finanzierung;funding — The research team received funding for another year.;Finanzierung;funding — The research team received funding for another year.;funding — The research team received funding for another year.;Finanzierung;1
B2 Vokabelliste;außerdem;"furthermore — The model is faster; furthermore, it is easier to explain.";außerdem;"furthermore — The model is faster; furthermore, it is easier to explain.";"furthermore — The model is faster; furthermore, it is easier to explain.";außerdem;1
B2 Vokabelliste;"gewinnen; Zugewinn";gain — The project could gain public support through better communication.;"gewinnen; Zugewinn";gain — The project could gain public support through better communication.;gain — The project could gain public support through better communication.;"gewinnen; Zugewinn";1
B2 Vokabelliste;Bande;gang — A gang of cyclists passed us on the country road.;Bande;gang — A gang of cyclists passed us on the country road.;gang — A gang of cyclists passed us on the country road.;Bande;1
B2 Vokabelliste;erzeugen;generate — Offshore wind farms generate large amounts of electricity.;erzeugen;generate — Offshore wind farms generate large amounts of electricity.;generate — Offshore wind farms generate large amounts of electricity.;erzeugen;1
B2 Vokabelliste;Genre;genre — Science fiction is her favourite film genre.;Genre;genre — Science fiction is her favourite film genre.;genre — Science fiction is her favourite film genre.;Genre;1
B2 Vokabelliste;"regieren; steuern";govern — Clear rules govern access to the protected area.;"regieren; steuern";govern — Clear rules govern access to the protected area.;govern — Clear rules govern access to the protected area.;"regieren; steuern";1
B2 Vokabelliste;"greifen; schnappen";grab — Grab the handrail when climbing the steep stairs.;"greifen; schnappen";grab — Grab the handrail when climbing the steep stairs.;grab — Grab the handrail when climbing the steep stairs.;"greifen; schnappen";1
B2 Vokabelliste;"benoten; einstufen";grade — The lecturer will grade the reports next week.;"benoten; einstufen";grade — The lecturer will grade the reports next week.;grade — The lecturer will grade the reports next week.;"benoten; einstufen";1
B2 Vokabelliste;allmählich;gradually — Coal generation has gradually declined over the past decade.;allmählich;gradually — Coal generation has gradually declined over the past decade.;gradually — Coal generation has gradually declined over the past decade.;allmählich;1
B2 Vokabelliste;"großartig; imposant";grand — The restored station has a grand entrance hall.;"großartig; imposant";grand — The restored station has a grand entrance hall.;grand — The restored station has a grand entrance hall.;"großartig; imposant";1
B2 Vokabelliste;"gewähren; Zuschuss";grant — The municipality received a grant for the solar project.;"gewähren; Zuschuss";grant — The municipality received a grant for the solar project.;grant — The municipality received a grant for the solar project.;"gewähren; Zuschuss";1
B2 Vokabelliste;"garantieren; Garantie";guarantee — No forecast can guarantee perfect accuracy.;"garantieren; Garantie";guarantee — No forecast can guarantee perfect accuracy.;guarantee — No forecast can guarantee perfect accuracy.;"garantieren; Garantie";1
B2 Vokabelliste;"handhaben; Griff";handle — The software can handle millions of data points.;"handhaben; Griff";handle — The software can handle millions of data points.;handle — The software can handle millions of data points.;"handhaben; Griff";1
B2 Vokabelliste;"Schaden; schaden";harm — Poorly planned construction can harm local wildlife.;"Schaden; schaden";harm — Poorly planned construction can harm local wildlife.;harm — Poorly planned construction can harm local wildlife.;"Schaden; schaden";1
B2 Vokabelliste;schädlich;harmful — Air pollution is harmful to human health.;schädlich;harmful — Air pollution is harmful to human health.;harmful — Air pollution is harmful to human health.;schädlich;1
B2 Vokabelliste;"Gehör; Anhörung";hearing — Residents spoke at a public hearing about the new line.;"Gehör; Anhörung";hearing — Residents spoke at a public hearing about the new line.;hearing — Residents spoke at a public hearing about the new line.;"Gehör; Anhörung";1
B2 Vokabelliste;Himmel;heaven — After the long hike, the warm hut felt like heaven.;Himmel;heaven — After the long hike, the warm hut felt like heaven.;heaven — After the long hike, the warm hut felt like heaven.;Himmel;1
B2 Vokabelliste;"Ferse; Absatz";heel — My heel started to hurt during the final kilometre.;"Ferse; Absatz";heel — My heel started to hurt during the final kilometre.;heel — My heel started to hurt during the final kilometre.;"Ferse; Absatz";1
B2 Vokabelliste;Hölle;hell — The traffic on the motorway was hell that morning.;Hölle;hell — The traffic on the motorway was hell that morning.;hell — The traffic on the motorway was hell that morning.;Hölle;1
B2 Vokabelliste;zögern;hesitate — Do not hesitate to ask questions during the meeting.;zögern;hesitate — Do not hesitate to ask questions during the meeting.;hesitate — Do not hesitate to ask questions during the meeting.;zögern;1
B2 Vokabelliste;Höchststand;high — Wind generation reached a new high in January.;Höchststand;high — Wind generation reached a new high in January.;high — Wind generation reached a new high in January.;Höchststand;1
B2 Vokabelliste;"Miete; Verleih; Einstellung";hire — The company plans to hire two new data analysts.;"Miete; Verleih; Einstellung";hire — The company plans to hire two new data analysts.;hire — The company plans to hire two new data analysts.;"Miete; Verleih; Einstellung";1
B2 Vokabelliste;"Halt; Griff";hold — The climber tightened her hold on the rope.;"Halt; Griff";hold — The climber tightened her hold on the rope.;hold — The climber tightened her hold on the rope.;"Halt; Griff";1
B2 Vokabelliste;hohl;hollow — The old tree was hollow inside.;hohl;hollow — The old tree was hollow inside.;hollow — The old tree was hollow inside.;hohl;1
B2 Vokabelliste;heilig;holy — The site is considered holy by the local community.;heilig;holy — The site is considered holy by the local community.;holy — The site is considered holy by the local community.;heilig;1
B2 Vokabelliste;"Ehre; ehren";honour — It was an honour to present the project at the conference.;"Ehre; ehren";honour — It was an honour to present the project at the conference.;honour — It was an honour to present the project at the conference.;"Ehre; ehren";1
B2 Vokabelliste;"veranstalten; ausrichten";host — The university will host an energy workshop next month.;"veranstalten; ausrichten";host — The university will host an energy workshop next month.;host — The university will host an energy workshop next month.;"veranstalten; ausrichten";1
B2 Vokabelliste;"unterbringen; beherbergen";house — The building houses the grid control centre.;"unterbringen; beherbergen";house — The building houses the grid control centre.;house — The building houses the grid control centre.;"unterbringen; beherbergen";1
B2 Vokabelliste;Haushalt;household — The average household uses less electricity than a decade ago.;Haushalt;household — The average household uses less electricity than a decade ago.;household — The average household uses less electricity than a decade ago.;Haushalt;1
B2 Vokabelliste;"Wohnraum; Wohnungswesen";housing — The city needs more affordable housing.;"Wohnraum; Wohnungswesen";housing — The city needs more affordable housing.;housing — The city needs more affordable housing.;"Wohnraum; Wohnungswesen";1
B2 Vokabelliste;humorvoll;humorous — His humorous presentation made the technical topic easier to follow.;humorvoll;humorous — His humorous presentation made the technical topic easier to follow.;humorous — His humorous presentation made the technical topic easier to follow.;humorvoll;1
B2 Vokabelliste;Humor;humour — A little humour can make a presentation more engaging.;Humor;humour — A little humour can make a presentation more engaging.;humour — A little humour can make a presentation more engaging.;Humor;1
B2 Vokabelliste;"Jagd; Suche";hunt — The team began a hunt for the source of the data error.;"Jagd; Suche";hunt — The team began a hunt for the source of the data error.;hunt — The team began a hunt for the source of the data error.;"Jagd; Suche";1
B2 Vokabelliste;"Jagd; Jagen";hunting — Hunting is restricted in parts of the nature reserve.;"Jagd; Jagen";hunting — Hunting is restricted in parts of the nature reserve.;hunting — Hunting is restricted in parts of the nature reserve.;"Jagd; Jagen";1
B2 Vokabelliste;"Schmerz; Verletzung";hurt — The hurt from the injury lasted for several days.;"Schmerz; Verletzung";hurt — The hurt from the injury lasted for several days.;hurt — The hurt from the injury lasted for several days.;"Schmerz; Verletzung";1
B2 Vokabelliste;Ideal;ideal — A quiet office is ideal for concentrated work.;Ideal;ideal — A quiet office is ideal for concentrated work.;ideal — A quiet office is ideal for concentrated work.;Ideal;1
B2 Vokabelliste;veranschaulichen;illustrate — The chart illustrates the relationship between wind and price.;veranschaulichen;illustrate — The chart illustrates the relationship between wind and price.;illustrate — The chart illustrates the relationship between wind and price.;veranschaulichen;1
B2 Vokabelliste;"Illustration; Beispiel";illustration — This example is a useful illustration of the problem.;"Illustration; Beispiel";illustration — This example is a useful illustration of the problem.;illustration — This example is a useful illustration of the problem.;"Illustration; Beispiel";1
B2 Vokabelliste;"Fantasie; Vorstellungskraft";imagination — Good visualisation requires both data skills and imagination.;"Fantasie; Vorstellungskraft";imagination — Good visualisation requires both data skills and imagination.;imagination — Good visualisation requires both data skills and imagination.;"Fantasie; Vorstellungskraft";1
B2 Vokabelliste;ungeduldig;impatient — I became impatient while waiting for the slow file to load.;ungeduldig;impatient — I became impatient while waiting for the slow file to load.;impatient — I became impatient while waiting for the slow file to load.;ungeduldig;1
B2 Vokabelliste;"andeuten; implizieren";imply — A correlation does not necessarily imply causation.;"andeuten; implizieren";imply — A correlation does not necessarily imply causation.;imply — A correlation does not necessarily imply causation.;"andeuten; implizieren";1
B2 Vokabelliste;auferlegen;impose — The authority may impose limits on construction near the reserve.;auferlegen;impose — The authority may impose limits on construction near the reserve.;impose — The authority may impose limits on construction near the reserve.;auferlegen;1
B2 Vokabelliste;beeindrucken;impress — The clear dashboard will impress visitors more than a crowded one.;beeindrucken;impress — The clear dashboard will impress visitors more than a crowded one.;impress — The clear dashboard will impress visitors more than a crowded one.;beeindrucken;1
B2 Vokabelliste;beeindruckt;impressed — I was impressed by how quickly the team solved the problem.;beeindruckt;impressed — I was impressed by how quickly the team solved the problem.;impressed — I was impressed by how quickly the team solved the problem.;beeindruckt;1
B2 Vokabelliste;Zoll;inch — The water level rose by nearly an inch overnight.;Zoll;inch — The water level rose by nearly an inch overnight.;inch — The water level rose by nearly an inch overnight.;Zoll;1
B2 Vokabelliste;Vorfall;incident — The operator investigated the incident immediately.;Vorfall;incident — The operator investigated the incident immediately.;incident — The operator investigated the incident immediately.;Vorfall;1
B2 Vokabelliste;Einkommen;income — Rising energy bills can take a large share of household income.;Einkommen;income — Rising energy bills can take a large share of household income.;income — Rising energy bills can take a large share of household income.;Einkommen;1
B2 Vokabelliste;zunehmend;increasingly — Electricity systems are becoming increasingly digital.;zunehmend;increasingly — Electricity systems are becoming increasingly digital.;increasingly — Electricity systems are becoming increasingly digital.;zunehmend;1
B2 Vokabelliste;industriell;industrial — The old industrial site is being converted into a solar park.;industriell;industrial — The old industrial site is being converted into a solar park.;industrial — The old industrial site is being converted into a solar park.;industriell;1
B2 Vokabelliste;Infektion;infection — The doctor checked the wound for signs of infection.;Infektion;infection — The doctor checked the wound for signs of infection.;infection — The doctor checked the wound for signs of infection.;Infektion;1
B2 Vokabelliste;informieren;inform — Please inform the team if the schedule changes.;informieren;inform — Please inform the team if the schedule changes.;inform — Please inform the team if the schedule changes.;informieren;1
B2 Vokabelliste;"anfänglich; initial";initial — The initial forecast was less accurate than the later update.;"anfänglich; initial";initial — The initial forecast was less accurate than the later update.;initial — The initial forecast was less accurate than the later update.;"anfänglich; initial";1
B2 Vokabelliste;zunächst;initially — Initially, I planned to analyse several years of data.;zunächst;initially — Initially, I planned to analyse several years of data.;initially — Initially, I planned to analyse several years of data.;zunächst;1
B2 Vokabelliste;Initiative;initiative — The town launched an initiative to protect urban biodiversity.;Initiative;initiative — The town launched an initiative to protect urban biodiversity.;initiative — The town launched an initiative to protect urban biodiversity.;Initiative;1
B2 Vokabelliste;inner;inner — The cable's inner layer protects the conductor.;inner;inner — The cable's inner layer protects the conductor.;inner — The cable's inner layer protects the conductor.;inner;1
B2 Vokabelliste;"Einblick; Erkenntnis";insight — The data provides useful insight into seasonal demand patterns.;"Einblick; Erkenntnis";insight — The data provides useful insight into seasonal demand patterns.;insight — The data provides useful insight into seasonal demand patterns.;"Einblick; Erkenntnis";1
B2 Vokabelliste;bestehen auf;insist — The engineer insisted on checking the measurements again.;bestehen auf;insist — The engineer insisted on checking the measurements again.;insist — The engineer insisted on checking the measurements again.;bestehen auf;1
B2 Vokabelliste;inspirieren;inspire — Good environmental projects can inspire other communities.;inspirieren;inspire — Good environmental projects can inspire other communities.;inspire — Good environmental projects can inspire other communities.;inspirieren;1
B2 Vokabelliste;installieren;install — The company will install new sensors on the line.;installieren;install — The company will install new sensors on the line.;install — The company will install new sensors on the line.;installieren;1
B2 Vokabelliste;"Beispiel; Fall";instance — For instance, cloud cover can reduce solar output quickly.;"Beispiel; Fall";instance — For instance, cloud cover can reduce solar output quickly.;instance — For instance, cloud cover can reduce solar output quickly.;"Beispiel; Fall";1
B2 Vokabelliste;Institut;institute — The research institute studies renewable energy systems.;Institut;institute — The research institute studies renewable energy systems.;institute — The research institute studies renewable energy systems.;Institut;1
B2 Vokabelliste;Institution;institution — The university is a major educational institution.;Institution;institution — The university is a major educational institution.;institution — The university is a major educational institution.;Institution;1
B2 Vokabelliste;Versicherung;insurance — The contractor needs insurance before work can begin.;Versicherung;insurance — The contractor needs insurance before work can begin.;insurance — The contractor needs insurance before work can begin.;Versicherung;1
B2 Vokabelliste;beabsichtigt;intended — The dashboard is intended for non-technical users.;beabsichtigt;intended — The dashboard is intended for non-technical users.;intended — The dashboard is intended for non-technical users.;beabsichtigt;1
B2 Vokabelliste;intensiv;intense — The region experienced an intense heatwave in July.;intensiv;intense — The region experienced an intense heatwave in July.;intense — The region experienced an intense heatwave in July.;intensiv;1
B2 Vokabelliste;"intern; inner";internal — The company uses an internal database for project data.;"intern; inner";internal — The company uses an internal database for project data.;internal — The company uses an internal database for project data.;"intern; inner";1
B2 Vokabelliste;interpretieren;interpret — It is important to interpret the chart in context.;interpretieren;interpret — It is important to interpret the chart in context.;interpret — It is important to interpret the chart in context.;interpretieren;1
B2 Vokabelliste;unterbrechen;interrupt — A power cut can interrupt industrial production.;unterbrechen;interrupt — A power cut can interrupt industrial production.;interrupt — A power cut can interrupt industrial production.;unterbrechen;1
B2 Vokabelliste;"Untersuchung; Ermittlung";investigation — The investigation found that a faulty sensor caused the problem.;"Untersuchung; Ermittlung";investigation — The investigation found that a faulty sensor caused the problem.;investigation — The investigation found that a faulty sensor caused the problem.;"Untersuchung; Ermittlung";1
B2 Vokabelliste;Investition;investment — Grid expansion requires major long-term investment.;Investition;investment — Grid expansion requires major long-term investment.;investment — Grid expansion requires major long-term investment.;Investition;1
B2 Vokabelliste;"herausgeben; ausstellen";issue — The authority will issue a new permit next week.;"herausgeben; ausstellen";issue — The authority will issue a new permit next week.;issue — The authority will issue a new permit next week.;"herausgeben; ausstellen";1
B2 Vokabelliste;Freude;joy — Reaching the summit gave us a sense of joy.;Freude;joy — Reaching the summit gave us a sense of joy.;joy — Reaching the summit gave us a sense of joy.;Freude;1
B2 Vokabelliste;"Urteil; Beurteilung";judgement — Good judgement is important when data is incomplete.;"Urteil; Beurteilung";judgement — Good judgement is important when data is incomplete.;judgement — Good judgement is important when data is incomplete.;"Urteil; Beurteilung";1
B2 Vokabelliste;"jünger; nachgeordnet";junior — A junior analyst prepared the first version of the report.;"jünger; nachgeordnet";junior — A junior analyst prepared the first version of the report.;junior — A junior analyst prepared the first version of the report.;"jünger; nachgeordnet";1
B2 Vokabelliste;"Gerechtigkeit; Justiz";justice — The debate also raised questions of social justice.;"Gerechtigkeit; Justiz";justice — The debate also raised questions of social justice.;justice — The debate also raised questions of social justice.;"Gerechtigkeit; Justiz";1
B2 Vokabelliste;rechtfertigen;justify — The expected benefits must justify the cost of the project.;rechtfertigen;justify — The expected benefits must justify the cost of the project.;justify — The expected benefits must justify the cost of the project.;rechtfertigen;1
B2 Vokabelliste;"Arbeit; Arbeitskräfte";labour — The construction phase requires skilled labour.;"Arbeit; Arbeitskräfte";labour — The construction phase requires skilled labour.;labour — The construction phase requires skilled labour.;"Arbeit; Arbeitskräfte";1
B2 Vokabelliste;Landschaft;landscape — Wind turbines have changed the coastal landscape.;Landschaft;landscape — Wind turbines have changed the coastal landscape.;landscape — Wind turbines have changed the coastal landscape.;Landschaft;1
B2 Vokabelliste;weitgehend;largely — The result was largely driven by lower gas generation.;weitgehend;largely — The result was largely driven by lower gas generation.;largely — The result was largely driven by lower gas generation.;weitgehend;1
B2 Vokabelliste;das Neueste;latest — The latest figures show another increase in solar capacity.;das Neueste;latest — The latest figures show another increase in solar capacity.;latest — The latest figures show another increase in solar capacity.;das Neueste;1
B2 Vokabelliste;"starten; Markteinführung";launch — The company will launch the new monitoring platform in November.;"starten; Markteinführung";launch — The company will launch the new monitoring platform in November.;launch — The company will launch the new monitoring platform in November.;"starten; Markteinführung";1
B2 Vokabelliste;Führung;leadership — Strong leadership helped the team through the crisis.;Führung;leadership — Strong leadership helped the team through the crisis.;leadership — Strong leadership helped the team through the crisis.;Führung;1
B2 Vokabelliste;Liga;league — The local running club competes in a regional league.;Liga;league — The local running club competes in a regional league.;league — The local running club competes in a regional league.;Liga;1
B2 Vokabelliste;sich lehnen;lean — Do not lean against the safety barrier.;sich lehnen;lean — Do not lean against the safety barrier.;lean — Do not lean against the safety barrier.;sich lehnen;1
B2 Vokabelliste;"Urlaub; Erlaubnis";leave — Employees can take unpaid leave for personal reasons.;"Urlaub; Erlaubnis";leave — Employees can take unpaid leave for personal reasons.;leave — Employees can take unpaid leave for personal reasons.;"Urlaub; Erlaubnis";1
B2 Vokabelliste;"ausgleichen; ebnen";level — Workers levelled the ground before installing the battery containers.;"ausgleichen; ebnen";level — Workers levelled the ground before installing the battery containers.;level — Workers levelled the ground before installing the battery containers.;"ausgleichen; ebnen";1
B2 Vokabelliste;Lizenz;licence — The operator needs a licence to run the facility.;Lizenz;licence — The operator needs a licence to run the facility.;licence — The operator needs a licence to run the facility.;Lizenz;1
B2 Vokabelliste;begrenzt;limited — Grid capacity is limited in this region.;begrenzt;limited — Grid capacity is limited in this region.;limited — Grid capacity is limited in this region.;begrenzt;1
B2 Vokabelliste;"säumen; auskleiden";line — Trees line both sides of the cycling path.;"säumen; auskleiden";line — Trees line both sides of the cycling path.;line — Trees line both sides of the cycling path.;"säumen; auskleiden";1
B2 Vokabelliste;lebhaft;lively — The discussion became lively when electricity prices were mentioned.;lebhaft;lively — The discussion became lively when electricity prices were mentioned.;lively — The discussion became lively when electricity prices were mentioned.;lebhaft;1
B2 Vokabelliste;"Last; laden";load — The cable must carry a high electrical load.;"Last; laden";load — The cable must carry a high electrical load.;load — The cable must carry a high electrical load.;"Last; laden";1
B2 Vokabelliste;Darlehen;loan — She took out a loan to install solar panels.;Darlehen;loan — She took out a loan to install solar panels.;loan — She took out a loan to install solar panels.;Darlehen;1
B2 Vokabelliste;logisch;logical — The next logical step is to compare the forecasts.;logisch;logical — The next logical step is to compare the forecasts.;logical — The next logical step is to compare the forecasts.;logisch;1
B2 Vokabelliste;langfristig;long-term — Grid planning requires a long-term perspective.;langfristig;long-term — Grid planning requires a long-term perspective.;long-term — Grid planning requires a long-term perspective.;langfristig;1
B2 Vokabelliste;"locker; lose";loose — A loose connection can cause electrical faults.;"locker; lose";loose — A loose connection can cause electrical faults.;loose — A loose connection can cause electrical faults.;"locker; lose";1
B2 Vokabelliste;"Herr; Adliger";lord — The castle once belonged to a local lord.;"Herr; Adliger";lord — The castle once belonged to a local lord.;lord — The castle once belonged to a local lord.;"Herr; Adliger";1
B2 Vokabelliste;Tiefstand;low — Electricity prices reached a new low at midday.;Tiefstand;low — Electricity prices reached a new low at midday.;low — Electricity prices reached a new low at midday.;Tiefstand;1
B2 Vokabelliste;senken;lower — Better insulation can lower heating demand.;senken;lower — Better insulation can lower heating demand.;lower — Better insulation can lower heating demand.;senken;1
B2 Vokabelliste;Lunge;lung — Regular exercise can improve lung capacity.;Lunge;lung — Regular exercise can improve lung capacity.;lung — Regular exercise can improve lung capacity.;Lunge;1
B2 Vokabelliste;aufrechterhalten;maintain — The operator must maintain a stable grid frequency.;aufrechterhalten;maintain — The operator must maintain a stable grid frequency.;maintain — The operator must maintain a stable grid frequency.;aufrechterhalten;1
B2 Vokabelliste;Mehrheit;majority — The majority of participants supported the proposal.;Mehrheit;majority — The majority of participants supported the proposal.;majority — The majority of participants supported the proposal.;Mehrheit;1
B2 Vokabelliste;"Marke; Fabrikat";make — Which make of inverter did the installer use?;"Marke; Fabrikat";make — Which make of inverter did the installer use?;make — Which make of inverter did the installer use?;"Marke; Fabrikat";1
B2 Vokabelliste;kartieren;map — We used QGIS to map suitable areas for solar projects.;kartieren;map — We used QGIS to map suitable areas for solar projects.;map — We used QGIS to map suitable areas for solar projects.;kartieren;1
B2 Vokabelliste;"Masse; Massen-";mass — The battery has a mass of about 500 kilograms.;"Masse; Massen-";mass — The battery has a mass of about 500 kilograms.;mass — The battery has a mass of about 500 kilograms.;"Masse; Massen-";1
B2 Vokabelliste;"massiv; enorm";massive — The storm caused massive damage to the forest.;"massiv; enorm";massive — The storm caused massive damage to the forest.;massive — The storm caused massive damage to the forest.;"massiv; enorm";1
B2 Vokabelliste;"Meister; beherrschen";master — It takes time to master a new software tool.;"Meister; beherrschen";master — It takes time to master a new software tool.;master — It takes time to master a new software tool.;"Meister; beherrschen";1
B2 Vokabelliste;"passend; übereinstimmend";matching — We used matching time stamps to merge the datasets.;"passend; übereinstimmend";matching — We used matching time stamps to merge the datasets.;matching — We used matching time stamps to merge the datasets.;"passend; übereinstimmend";1
B2 Vokabelliste;materiell;material — The project brought no material benefit to the local economy.;materiell;material — The project brought no material benefit to the local economy.;material — The project brought no material benefit to the local economy.;materiell;1
B2 Vokabelliste;"maximal; Maximum";maximum — The battery reached its maximum temperature during the test.;"maximal; Maximum";maximum — The battery reached its maximum temperature during the test.;maximum — The battery reached its maximum temperature during the test.;"maximal; Maximum";1
B2 Vokabelliste;"Mittel; Methode";means — Public transport is an important means of reducing car use.;"Mittel; Methode";means — Public transport is an important means of reducing car use.;means — Public transport is an important means of reducing car use.;"Mittel; Methode";1
B2 Vokabelliste;Messung;measurement — Each measurement was recorded at fifteen-minute intervals.;Messung;measurement — Each measurement was recorded at fifteen-minute intervals.;measurement — Each measurement was recorded at fifteen-minute intervals.;Messung;1
B2 Vokabelliste;Medium;medium — Video is a useful medium for explaining complex processes.;Medium;medium — Video is a useful medium for explaining complex processes.;medium — Video is a useful medium for explaining complex processes.;Medium;1
B2 Vokabelliste;schmelzen;melt — Rising temperatures cause mountain snow to melt earlier.;schmelzen;melt — Rising temperatures cause mountain snow to melt earlier.;melt — Rising temperatures cause mountain snow to melt earlier.;schmelzen;1
B2 Vokabelliste;"militärisch; Militär";military — The former military site now contains a nature reserve.;"militärisch; Militär";military — The former military site now contains a nature reserve.;military — The former military site now contains a nature reserve.;"militärisch; Militär";1
B2 Vokabelliste;Mineral;mineral — Lithium is a mineral used in many batteries.;Mineral;mineral — Lithium is a mineral used in many batteries.;mineral — Lithium is a mineral used in many batteries.;Mineral;1
B2 Vokabelliste;"minimal; Minimum";minimum — The course requires a minimum of twelve weeks of practical work.;"minimal; Minimum";minimum — The course requires a minimum of twelve weeks of practical work.;minimum — The course requires a minimum of twelve weeks of practical work.;"minimal; Minimum";1
B2 Vokabelliste;Minister;minister — The energy minister announced a new policy.;Minister;minister — The energy minister announced a new policy.;minister — The energy minister announced a new policy.;Minister;1
B2 Vokabelliste;"geringfügig; kleiner";minor — We found only a minor error in the calculation.;"geringfügig; kleiner";minor — We found only a minor error in the calculation.;minor — We found only a minor error in the calculation.;"geringfügig; kleiner";1
B2 Vokabelliste;Minderheit;minority — A small minority opposed the project.;Minderheit;minority — A small minority opposed the project.;minority — A small minority opposed the project.;Minderheit;1
B2 Vokabelliste;"Mission; Auftrag";mission — The team's mission is to improve grid reliability.;"Mission; Auftrag";mission — The team's mission is to improve grid reliability.;mission — The team's mission is to improve grid reliability.;"Mission; Auftrag";1
B2 Vokabelliste;verwechseln;mistake — It is easy to mistake power for energy when you first learn the terms.;verwechseln;mistake — It is easy to mistake power for energy when you first learn the terms.;mistake — It is easy to mistake power for energy when you first learn the terms.;verwechseln;1
B2 Vokabelliste;gemischt;mixed — The survey produced mixed results.;gemischt;mixed — The survey produced mixed results.;mixed — The survey produced mixed results.;gemischt;1
B2 Vokabelliste;modellieren;model — We used historical data to model future electricity demand.;modellieren;model — We used historical data to model future electricity demand.;model — We used historical data to model future electricity demand.;modellieren;1
B2 Vokabelliste;"ändern; modifizieren";modify — We had to modify the script after the data format changed.;"ändern; modifizieren";modify — We had to modify the script after the data format changed.;modify — We had to modify the script after the data format changed.;"ändern; modifizieren";1
B2 Vokabelliste;"überwachen; Monitor";monitor — Sensors monitor the cable temperature continuously.;"überwachen; Monitor";monitor — Sensors monitor the cable temperature continuously.;monitor — Sensors monitor the cable temperature continuously.;"überwachen; Monitor";1
B2 Vokabelliste;"moralisch; Moral";moral — The decision raises a moral question about responsibility.;"moralisch; Moral";moral — The decision raises a moral question about responsibility.;moral — The decision raises a moral question about responsibility.;"moralisch; Moral";1
B2 Vokabelliste;"Motor; Motor-";motor — An electric motor converts electrical energy into movement.;"Motor; Motor-";motor — An electric motor converts electrical energy into movement.;motor — An electric motor converts electrical energy into movement.;"Motor; Motor-";1
B2 Vokabelliste;"montieren; besteigen";mount — Technicians will mount the sensor on top of the turbine.;"montieren; besteigen";mount — Technicians will mount the sensor on top of the turbine.;mount — Technicians will mount the sensor on top of the turbine.;"montieren; besteigen";1
B2 Vokabelliste;"mehrfach; mehrere";multiple — The dashboard combines data from multiple sources.;"mehrfach; mehrere";multiple — The dashboard combines data from multiple sources.;multiple — The dashboard combines data from multiple sources.;"mehrfach; mehrere";1
B2 Vokabelliste;"multiplizieren; vermehren";multiply — Multiply power by time to calculate energy.;"multiplizieren; vermehren";multiply — Multiply power by time to calculate energy.;multiply — Multiply power by time to calculate energy.;"multiplizieren; vermehren";1
B2 Vokabelliste;geheimnisvoll;mysterious — The sudden drop in output remained mysterious at first.;geheimnisvoll;mysterious — The sudden drop in output remained mysterious at first.;mysterious — The sudden drop in output remained mysterious at first.;geheimnisvoll;1
B2 Vokabelliste;verengen;narrow — The path narrows near the top of the hill.;verengen;narrow — The path narrows near the top of the hill.;narrow — The path narrows near the top of the hill.;verengen;1
B2 Vokabelliste;Staatsangehörige/r;national — A German national won the race.;Staatsangehörige/r;national — A German national won the race.;national — A German national won the race.;Staatsangehörige/r;1
B2 Vokabelliste;"ordentlich; sauber";neat — Keep the cables neat and clearly labelled.;"ordentlich; sauber";neat — Keep the cables neat and clearly labelled.;neat — Keep the cables neat and clearly labelled.;"ordentlich; sauber";1
B2 Vokabelliste;"das Negative; Negativ";negative — One negative of the plan is its high initial cost.;"das Negative; Negativ";negative — One negative of the plan is its high initial cost.;negative — One negative of the plan is its high initial cost.;"das Negative; Negativ";1
B2 Vokabelliste;"Nerv; Mut";nerve — It took nerve to challenge the decision in front of the whole committee.;"Nerv; Mut";nerve — It took nerve to challenge the decision in front of the whole committee.;nerve — It took nerve to challenge the decision in front of the whole committee.;"Nerv; Mut";1
B2 Vokabelliste;dennoch;"nevertheless — The forecast was imperfect; nevertheless, it was useful.";dennoch;"nevertheless — The forecast was imperfect; nevertheless, it was useful.";"nevertheless — The forecast was imperfect; nevertheless, it was useful.";dennoch;1
B2 Vokabelliste;Albtraum;nightmare — Losing the dataset before the deadline would be a nightmare.;Albtraum;nightmare — Losing the dataset before the deadline would be a nightmare.;nightmare — Losing the dataset before the deadline would be a nightmare.;Albtraum;1
B2 Vokabelliste;"Vorstellung; Begriff";notion — The project challenges the notion that bigger is always better.;"Vorstellung; Begriff";notion — The project challenges the notion that bigger is always better.;notion — The project challenges the notion that bigger is always better.;"Vorstellung; Begriff";1
B2 Vokabelliste;zahlreich;numerous — Numerous bird species live around the wetland.;zahlreich;numerous — Numerous bird species live around the wetland.;numerous — Numerous bird species live around the wetland.;zahlreich;1
B2 Vokabelliste;gehorchen;obey — Everyone on site must obey the safety rules.;gehorchen;obey — Everyone on site must obey the safety rules.;obey — Everyone on site must obey the safety rules.;gehorchen;1
B2 Vokabelliste;widersprechen;object — Several residents objected to the proposed route.;widersprechen;object — Several residents objected to the proposed route.;object — Several residents objected to the proposed route.;widersprechen;1
B2 Vokabelliste;"Ziel; objektiv";objective — Our main objective is to reduce forecast errors.;"Ziel; objektiv";objective — Our main objective is to reduce forecast errors.;objective — Our main objective is to reduce forecast errors.;"Ziel; objektiv";1
B2 Vokabelliste;Verpflichtung;obligation — The operator has an obligation to keep the system secure.;Verpflichtung;obligation — The operator has an obligation to keep the system secure.;obligation — The operator has an obligation to keep the system secure.;Verpflichtung;1
B2 Vokabelliste;Beobachtung;observation — One observation stood out during the site visit.;Beobachtung;observation — One observation stood out during the site visit.;observation — One observation stood out during the site visit.;Beobachtung;1
B2 Vokabelliste;beobachten;observe — We observed a sharp rise in demand after sunset.;beobachten;observe — We observed a sharp rise in demand after sunset.;observe — We observed a sharp rise in demand after sunset.;beobachten;1
B2 Vokabelliste;erhalten;obtain — The team obtained the data from an official source.;erhalten;obtain — The team obtained the data from an official source.;obtain — The team obtained the data from an official source.;erhalten;1
B2 Vokabelliste;gelegentlich;occasionally — Wind turbines are occasionally stopped for maintenance.;gelegentlich;occasionally — Wind turbines are occasionally stopped for maintenance.;occasionally — Wind turbines are occasionally stopped for maintenance.;gelegentlich;1
B2 Vokabelliste;"Straftat; Beleidigung";offence — Entering the restricted area without permission is an offence.;"Straftat; Beleidigung";offence — Entering the restricted area without permission is an offence.;offence — Entering the restricted area without permission is an offence.;"Straftat; Beleidigung";1
B2 Vokabelliste;beleidigen;offend — I did not mean to offend anyone during the discussion.;beleidigen;offend — I did not mean to offend anyone during the discussion.;offend — I did not mean to offend anyone during the discussion.;beleidigen;1
B2 Vokabelliste;"beleidigend; anstößig";offensive — The comment was considered offensive and inappropriate.;"beleidigend; anstößig";offensive — The comment was considered offensive and inappropriate.;offensive — The comment was considered offensive and inappropriate.;"beleidigend; anstößig";1
B2 Vokabelliste;"Amtsträger; Beamter";official — An official from the ministry attended the meeting.;"Amtsträger; Beamter";official — An official from the ministry attended the meeting.;official — An official from the ministry attended the meeting.;"Amtsträger; Beamter";1
B2 Vokabelliste;"Eröffnung; Öffnung";opening — The opening of the new research centre is next week.;"Eröffnung; Öffnung";opening — The opening of the new research centre is next week.;opening — The opening of the new research centre is next week.;"Eröffnung; Öffnung";1
B2 Vokabelliste;"betreiben; operieren";operate — Grid operators operate the network around the clock.;"betreiben; operieren";operate — Grid operators operate the network around the clock.;operate — Grid operators operate the network around the clock.;"betreiben; operieren";1
B2 Vokabelliste;Gegner;opponent — An opponent of the project raised concerns about biodiversity.;Gegner;opponent — An opponent of the project raised concerns about biodiversity.;opponent — An opponent of the project raised concerns about biodiversity.;Gegner;1
B2 Vokabelliste;"ablehnen; sich widersetzen";oppose — Some residents oppose the new transmission line.;"ablehnen; sich widersetzen";oppose — Some residents oppose the new transmission line.;oppose — Some residents oppose the new transmission line.;"ablehnen; sich widersetzen";1
B2 Vokabelliste;"dagegen; eingestellt gegen";opposed — The conservation group is opposed to building in the wetland.;"dagegen; eingestellt gegen";opposed — The conservation group is opposed to building in the wetland.;opposed — The conservation group is opposed to building in the wetland.;"dagegen; eingestellt gegen";1
B2 Vokabelliste;"Opposition; Widerstand";opposition — The plan faced strong opposition from local residents.;"Opposition; Widerstand";opposition — The plan faced strong opposition from local residents.;opposition — The plan faced strong opposition from local residents.;"Opposition; Widerstand";1
B2 Vokabelliste;Organ;organ — The heart is an organ that pumps blood through the body.;Organ;organ — The heart is an organ that pumps blood through the body.;organ — The heart is an organ that pumps blood through the body.;Organ;1
B2 Vokabelliste;Ursprung;origin — The origin of the error was a faulty time stamp.;Ursprung;origin — The origin of the error was a faulty time stamp.;origin — The origin of the error was a faulty time stamp.;Ursprung;1
B2 Vokabelliste;"sonst; andernfalls";"otherwise — Save the file now; otherwise, you may lose your changes.";"sonst; andernfalls";"otherwise — Save the file now; otherwise, you may lose your changes.";"otherwise — Save the file now; otherwise, you may lose your changes.";"sonst; andernfalls";1
B2 Vokabelliste;Ergebnis;outcome — The final outcome depended on the weather conditions.;Ergebnis;outcome — The final outcome depended on the weather conditions.;outcome — The final outcome depended on the weather conditions.;Ergebnis;1
B2 Vokabelliste;"äußerer; außen liegend";outer — The outer layer protects the cable from water.;"äußerer; außen liegend";outer — The outer layer protects the cable from water.;outer — The outer layer protects the cable from water.;"äußerer; außen liegend";1
B2 Vokabelliste;"Überblick; skizzieren";outline — The report outlines the main steps of the analysis.;"Überblick; skizzieren";outline — The report outlines the main steps of the analysis.;outline — The report outlines the main steps of the analysis.;"Überblick; skizzieren";1
B2 Vokabelliste;"insgesamt; gesamt";overall — Overall electricity demand fell slightly last year.;"insgesamt; gesamt";overall — Overall electricity demand fell slightly last year.;overall — Overall electricity demand fell slightly last year.;"insgesamt; gesamt";1
B2 Vokabelliste;schulden;owe — I still owe my colleague an answer to her email.;schulden;owe — I still owe my colleague an answer to her email.;owe — I still owe my colleague an answer to her email.;schulden;1
B2 Vokabelliste;"Tempo; Schritt; auf und ab gehen; Tempo vorgeben";pace — She maintained a steady pace throughout the ten-kilometre run.;"Tempo; Schritt; auf und ab gehen; Tempo vorgeben";pace — She maintained a steady pace throughout the ten-kilometre run.;pace — She maintained a steady pace throughout the ten-kilometre run.;"Tempo; Schritt; auf und ab gehen; Tempo vorgeben";1
B2 Vokabelliste;verpacken;package — The supplier will package the sensors carefully for transport.;verpacken;package — The supplier will package the sensors carefully for transport.;package — The supplier will package the sensors carefully for transport.;verpacken;1
B2 Vokabelliste;"Gremium; Panel";panel — A panel of experts reviewed the project.;"Gremium; Panel";panel — A panel of experts reviewed the project.;panel — A panel of experts reviewed the project.;"Gremium; Panel";1
B2 Vokabelliste;Parlament;parliament — Parliament debated the new energy law.;Parlament;parliament — Parliament debated the new energy law.;parliament — Parliament debated the new energy law.;Parlament;1
B2 Vokabelliste;Teilnehmer;participant — Each participant received a map of the running route.;Teilnehmer;participant — Each participant received a map of the running route.;participant — Each participant received a map of the running route.;Teilnehmer;1
B2 Vokabelliste;teilweise;partly — The outage was partly caused by storm damage.;teilweise;partly — The outage was partly caused by storm damage.;partly — The outage was partly caused by storm damage.;teilweise;1
B2 Vokabelliste;"Passage; Abschnitt";passage — The report contains a short passage about biodiversity.;"Passage; Abschnitt";passage — The report contains a short passage about biodiversity.;passage — The report contains a short passage about biodiversity.;"Passage; Abschnitt";1
B2 Vokabelliste;geduldig;patient — You need to be patient when learning a new language.;geduldig;patient — You need to be patient when learning a new language.;patient — You need to be patient when learning a new language.;geduldig;1
B2 Vokabelliste;Rente;pension — He plans to live on his pension after retiring.;Rente;pension — He plans to live on his pension after retiring.;pension — He plans to live on his pension after retiring.;Rente;1
B2 Vokabelliste;dauerhaft;permanent — The temporary cable will later be replaced by a permanent one.;dauerhaft;permanent — The temporary cable will later be replaced by a permanent one.;permanent — The temporary cable will later be replaced by a permanent one.;dauerhaft;1
B2 Vokabelliste;"erlauben; Genehmigung";permit — The permit allows construction to begin in spring.;"erlauben; Genehmigung";permit — The permit allows construction to begin in spring.;permit — The permit allows construction to begin in spring.;"erlauben; Genehmigung";1
B2 Vokabelliste;Perspektive;perspective — Looking at hourly data gives a different perspective.;Perspektive;perspective — Looking at hourly data gives a different perspective.;perspective — Looking at hourly data gives a different perspective.;Perspektive;1
B2 Vokabelliste;Phase;phase — The project is entering its final phase.;Phase;phase — The project is entering its final phase.;phase — The project is entering its final phase.;Phase;1
B2 Vokabelliste;Phänomen;phenomenon — Negative electricity prices are an interesting market phenomenon.;Phänomen;phenomenon — Negative electricity prices are an interesting market phenomenon.;phenomenon — Negative electricity prices are an interesting market phenomenon.;Phänomen;1
B2 Vokabelliste;Philosophie;philosophy — The team follows a philosophy of simple, transparent design.;Philosophie;philosophy — The team follows a philosophy of simple, transparent design.;philosophy — The team follows a philosophy of simple, transparent design.;Philosophie;1
B2 Vokabelliste;"Wahl; Auswahl";pick — Solar would be my first pick for this roof.;"Wahl; Auswahl";pick — Solar would be my first pick for this roof.;pick — Solar would be my first pick for this roof.;"Wahl; Auswahl";1
B2 Vokabelliste;sich vorstellen;picture — Try to picture how the landscape looked a hundred years ago.;sich vorstellen;picture — Try to picture how the landscape looked a hundred years ago.;picture — Try to picture how the landscape looked a hundred years ago.;sich vorstellen;1
B2 Vokabelliste;"Stapel; stapeln";pile — A pile of old cables was waiting to be recycled.;"Stapel; stapeln";pile — A pile of old cables was waiting to be recycled.;pile — A pile of old cables was waiting to be recycled.;"Stapel; stapeln";1
B2 Vokabelliste;"Spielfeld; Tonhöhe";pitch — The football pitch was covered with frost.;"Spielfeld; Tonhöhe";pitch — The football pitch was covered with frost.;pitch — The football pitch was covered with frost.;"Spielfeld; Tonhöhe";1
B2 Vokabelliste;"schlicht; einfach";plain — The instructions were written in plain English.;"schlicht; einfach";plain — The instructions were written in plain English.;plain — The instructions were written in plain English.;"schlicht; einfach";1
B2 Vokabelliste;"planen; aufzeichnen";plot — We plotted the hourly values on a line chart.;"planen; aufzeichnen";plot — We plotted the hourly values on a line chart.;plot — We plotted the hourly values on a line chart.;"planen; aufzeichnen";1
B2 Vokabelliste;"Plus; Vorteil; zusätzlich";plus — Low operating costs are a major plus of the system.;"Plus; Vorteil; zusätzlich";plus — Low operating costs are a major plus of the system.;plus — Low operating costs are a major plus of the system.;"Plus; Vorteil; zusätzlich";1
B2 Vokabelliste;"spitz; deutlich";pointed — The roof has a pointed shape that limits panel space.;"spitz; deutlich";pointed — The roof has a pointed shape that limits panel space.;pointed — The roof has a pointed shape that limits panel space.;"spitz; deutlich";1
B2 Vokabelliste;Beliebtheit;popularity — Cycling has gained popularity in the region.;Beliebtheit;popularity — Cycling has gained popularity in the region.;popularity — Cycling has gained popularity in the region.;Beliebtheit;1
B2 Vokabelliste;"darstellen; posieren";pose — The new line could pose a risk to migrating birds.;"darstellen; posieren";pose — The new line could pose a risk to migrating birds.;pose — The new line could pose a risk to migrating birds.;"darstellen; posieren";1
B2 Vokabelliste;positionieren;position — We positioned the sensor near the centre of the roof.;positionieren;position — We positioned the sensor near the centre of the roof.;position — We positioned the sensor near the centre of the roof.;positionieren;1
B2 Vokabelliste;das Positive;positive — One positive of the project is its low land use.;das Positive;positive — One positive of the project is its low land use.;positive — One positive of the project is its low land use.;das Positive;1
B2 Vokabelliste;besitzen;possess — Wetlands possess a remarkable ability to store carbon.;besitzen;possess — Wetlands possess a remarkable ability to store carbon.;possess — Wetlands possess a remarkable ability to store carbon.;besitzen;1
B2 Vokabelliste;"potenziell; Potenzial";potential — The region has great potential for wind energy.;"potenziell; Potenzial";potential — The region has great potential for wind energy.;potential — The region has great potential for wind energy.;"potenziell; Potenzial";1
B2 Vokabelliste;"antreiben; mit Energie versorgen";power — The battery can power the cabin overnight.;"antreiben; mit Energie versorgen";power — The battery can power the cabin overnight.;power — The battery can power the cabin overnight.;"antreiben; mit Energie versorgen";1
B2 Vokabelliste;"Lob; loben";praise — The supervisor praised the clear structure of the report.;"Lob; loben";praise — The supervisor praised the clear structure of the report.;praise — The supervisor praised the clear structure of the report.;"Lob; loben";1
B2 Vokabelliste;schwanger;pregnant — The study followed pregnant women exposed to air pollution.;schwanger;pregnant — The study followed pregnant women exposed to air pollution.;pregnant — The study followed pregnant women exposed to air pollution.;schwanger;1
B2 Vokabelliste;Vorbereitung;preparation — Careful preparation made the presentation much easier.;Vorbereitung;preparation — Careful preparation made the presentation much easier.;preparation — Careful preparation made the presentation much easier.;Vorbereitung;1
B2 Vokabelliste;Anwesenheit;presence — The presence of protected species changed the route.;Anwesenheit;presence — The presence of protected species changed the route.;presence — The presence of protected species changed the route.;Anwesenheit;1
B2 Vokabelliste;"bewahren; erhalten";preserve — The project aims to preserve valuable habitats.;"bewahren; erhalten";preserve — The project aims to preserve valuable habitats.;preserve — The project aims to preserve valuable habitats.;"bewahren; erhalten";1
B2 Vokabelliste;"Preis festsetzen; mit einem Preis versehen";price — The supplier priced the new system competitively.;"Preis festsetzen; mit einem Preis versehen";price — The supplier priced the new system competitively.;price — The supplier priced the new system competitively.;"Preis festsetzen; mit einem Preis versehen";1
B2 Vokabelliste;"wichtigste/r; erstklassig";prime — Offshore wind is a prime example of large-scale renewable generation.;"wichtigste/r; erstklassig";prime — Offshore wind is a prime example of large-scale renewable generation.;prime — Offshore wind is a prime example of large-scale renewable generation.;"wichtigste/r; erstklassig";1
B2 Vokabelliste;Prinzip;principle — Energy conservation is a fundamental physical principle.;Prinzip;principle — Energy conservation is a fundamental physical principle.;principle — Energy conservation is a fundamental physical principle.;Prinzip;1
B2 Vokabelliste;"Druck; Abdruck";print — The old map was available only in print.;"Druck; Abdruck";print — The old map was available only in print.;print — The old map was available only in print.;"Druck; Abdruck";1
B2 Vokabelliste;Priorität;priority — Grid stability remains the highest priority.;Priorität;priority — Grid stability remains the highest priority.;priority — Grid stability remains the highest priority.;Priorität;1
B2 Vokabelliste;Privatsphäre;privacy — Smart meters raise questions about data privacy.;Privatsphäre;privacy — Smart meters raise questions about data privacy.;privacy — Smart meters raise questions about data privacy.;Privatsphäre;1
