category;front;back;front_de;back_de;front_en;back_en;is_bidirectional
C1 Vokabelliste;abschaffen;abolish — The city plans to abolish outdated rules for rooftop solar panels.;abschaffen;abolish — The city plans to abolish outdated rules for rooftop solar panels.;abolish — The city plans to abolish outdated rules for rooftop solar panels.;abschaffen;1
C1 Vokabelliste;"Schwangerschaftsabbruch; Abtreibung";abortion — The law sets out the conditions under which abortion is permitted.;"Schwangerschaftsabbruch; Abtreibung";abortion — The law sets out the conditions under which abortion is permitted.;abortion — The law sets out the conditions under which abortion is permitted.;"Schwangerschaftsabbruch; Abtreibung";1
C1 Vokabelliste;Abwesenheit;absence — In the absence of wind, the turbines produce no electricity.;Abwesenheit;absence — In the absence of wind, the turbines produce no electricity.;absence — In the absence of wind, the turbines produce no electricity.;Abwesenheit;1
C1 Vokabelliste;"abwesend; fehlend";absent — Several key figures were absent from the meeting.;"abwesend; fehlend";absent — Several key figures were absent from the meeting.;absent — Several key figures were absent from the meeting.;"abwesend; fehlend";1
C1 Vokabelliste;"absurd; unsinnig";absurd — It would be absurd to ignore the data entirely.;"absurd; unsinnig";absurd — It would be absurd to ignore the data entirely.;absurd — It would be absurd to ignore the data entirely.;"absurd; unsinnig";1
C1 Vokabelliste;"Fülle; Überfluss";abundance — The region has an abundance of wind and solar resources.;"Fülle; Überfluss";abundance — The region has an abundance of wind and solar resources.;abundance — The region has an abundance of wind and solar resources.;"Fülle; Überfluss";1
C1 Vokabelliste;"Missbrauch; Misshandlung; missbrauchen";abuse — The system includes safeguards to prevent the abuse of personal data.;"Missbrauch; Misshandlung; missbrauchen";abuse — The system includes safeguards to prevent the abuse of personal data.;abuse — The system includes safeguards to prevent the abuse of personal data.;"Missbrauch; Misshandlung; missbrauchen";1
C1 Vokabelliste;Akademie;academy — The academy offers advanced courses in environmental science.;Akademie;academy — The academy offers advanced courses in environmental science.;academy — The academy offers advanced courses in environmental science.;Akademie;1
C1 Vokabelliste;beschleunigen;accelerate — New grid connections could accelerate the energy transition.;beschleunigen;accelerate — New grid connections could accelerate the energy transition.;accelerate — New grid connections could accelerate the energy transition.;beschleunigen;1
C1 Vokabelliste;"Akzeptanz; Annahme";acceptance — Public acceptance is crucial for large infrastructure projects.;"Akzeptanz; Annahme";acceptance — Public acceptance is crucial for large infrastructure projects.;acceptance — Public acceptance is crucial for large infrastructure projects.;"Akzeptanz; Annahme";1
C1 Vokabelliste;"zugänglich; erreichbar";accessible — The dashboard makes complex energy data accessible to non-experts.;"zugänglich; erreichbar";accessible — The dashboard makes complex energy data accessible to non-experts.;accessible — The dashboard makes complex energy data accessible to non-experts.;"zugänglich; erreichbar";1
C1 Vokabelliste;"Leistung; Errungenschaft";accomplishment — Completing the project on time was a major accomplishment.;"Leistung; Errungenschaft";accomplishment — Completing the project on time was a major accomplishment.;accomplishment — Completing the project on time was a major accomplishment.;"Leistung; Errungenschaft";1
C1 Vokabelliste;Übereinstimmung;accordance — The installation was carried out in accordance with safety regulations.;Übereinstimmung;accordance — The installation was carried out in accordance with safety regulations.;accordance — The installation was carried out in accordance with safety regulations.;Übereinstimmung;1
C1 Vokabelliste;Rechenschaftspflicht;accountability — Clear responsibilities improve accountability within the project team.;Rechenschaftspflicht;accountability — Clear responsibilities improve accountability within the project team.;accountability — Clear responsibilities improve accountability within the project team.;Rechenschaftspflicht;1
C1 Vokabelliste;ansammeln;accumulate — Dust can accumulate on solar panels and reduce their output.;ansammeln;accumulate — Dust can accumulate on solar panels and reduce their output.;accumulate — Dust can accumulate on solar panels and reduce their output.;ansammeln;1
C1 Vokabelliste;Ansammlung;accumulation — The accumulation of ice can damage power lines.;Ansammlung;accumulation — The accumulation of ice can damage power lines.;accumulation — The accumulation of ice can damage power lines.;Ansammlung;1
C1 Vokabelliste;"Erwerb; Übernahme";acquisition — The acquisition gave the company access to new technology.;"Erwerb; Übernahme";acquisition — The acquisition gave the company access to new technology.;acquisition — The acquisition gave the company access to new technology.;"Erwerb; Übernahme";1
C1 Vokabelliste;"akut; heftig";acute — The region faced an acute shortage of skilled workers.;"akut; heftig";acute — The region faced an acute shortage of skilled workers.;acute — The region faced an acute shortage of skilled workers.;"akut; heftig";1
C1 Vokabelliste;"sich halten an; haften";adhere — All contractors must adhere to the safety guidelines.;"sich halten an; haften";adhere — All contractors must adhere to the safety guidelines.;adhere — All contractors must adhere to the safety guidelines.;"sich halten an; haften";1
C1 Vokabelliste;"verwalten; verabreichen";administer — The agency administers several renewable-energy funding programmes.;"verwalten; verabreichen";administer — The agency administers several renewable-energy funding programmes.;administer — The agency administers several renewable-energy funding programmes.;"verwalten; verabreichen";1
C1 Vokabelliste;"Verwalter; Administrator";administrator — The system administrator created accounts for the new employees.;"Verwalter; Administrator";administrator — The system administrator created accounts for the new employees.;administrator — The system administrator created accounts for the new employees.;"Verwalter; Administrator";1
C1 Vokabelliste;"Zulassung; Eingeständnis";admission — Her admission that the figures were wrong surprised the team.;"Zulassung; Eingeständnis";admission — Her admission that the figures were wrong surprised the team.;admission — Her admission that the figures were wrong surprised the team.;"Zulassung; Eingeständnis";1
C1 Vokabelliste;"Übernahme; Adoption";adoption — The adoption of electric vehicles is increasing steadily.;"Übernahme; Adoption";adoption — The adoption of electric vehicles is increasing steadily.;adoption — The adoption of electric vehicles is increasing steadily.;"Übernahme; Adoption";1
C1 Vokabelliste;"Befürworter; befürworten";advocate — Many scientists advocate a faster expansion of renewable energy.;"Befürworter; befürworten";advocate — Many scientists advocate a faster expansion of renewable energy.;advocate — Many scientists advocate a faster expansion of renewable energy.;"Befürworter; befürworten";1
C1 Vokabelliste;Zuneigung;affection — She developed a strong affection for the coastal landscape.;Zuneigung;affection — She developed a strong affection for the coastal landscape.;affection — She developed a strong affection for the coastal landscape.;Zuneigung;1
C1 Vokabelliste;"Folgen; Nachwirkungen";aftermath — The town was rebuilt in the aftermath of the storm.;"Folgen; Nachwirkungen";aftermath — The town was rebuilt in the aftermath of the storm.;aftermath — The town was rebuilt in the aftermath of the storm.;"Folgen; Nachwirkungen";1
C1 Vokabelliste;landwirtschaftlich;agricultural — The solar park was designed to coexist with agricultural use.;landwirtschaftlich;agricultural — The solar park was designed to coexist with agricultural use.;agricultural — The solar park was designed to coexist with agricultural use.;landwirtschaftlich;1
C1 Vokabelliste;"fremd; fremdartig; außerirdisch";alien — The technical language sounded alien to most visitors.;"fremd; fremdartig; außerirdisch";alien — The technical language sounded alien to most visitors.;alien — The technical language sounded alien to most visitors.;"fremd; fremdartig; außerirdisch";1
C1 Vokabelliste;"ausrichten; abstimmen";align — The project goals must align with the company's climate strategy.;"ausrichten; abstimmen";align — The project goals must align with the company's climate strategy.;align — The project goals must align with the company's climate strategy.;"ausrichten; abstimmen";1
C1 Vokabelliste;behaupten;allege — Critics allege that the report understates the environmental impact.;behaupten;allege — Critics allege that the report understates the environmental impact.;allege — Critics allege that the report understates the environmental impact.;behaupten;1
C1 Vokabelliste;zuteilen;allocate — The council decided to allocate more funds to public transport.;zuteilen;allocate — The council decided to allocate more funds to public transport.;allocate — The council decided to allocate more funds to public transport.;zuteilen;1
C1 Vokabelliste;Verbündeter;ally — The environmental group found an important ally in the local council.;Verbündeter;ally — The environmental group found an important ally in the local council.;ally — The environmental group found an important ally in the local council.;Verbündeter;1
C1 Vokabelliste;Amateur;amateur — Although he was an amateur, his photographs were remarkably professional.;Amateur;amateur — Although he was an amateur, his photographs were remarkably professional.;amateur — Although he was an amateur, his photographs were remarkably professional.;Amateur;1
C1 Vokabelliste;"ändern; ergänzen";amend — Parliament voted to amend the existing energy law.;"ändern; ergänzen";amend — Parliament voted to amend the existing energy law.;amend — Parliament voted to amend the existing energy law.;"ändern; ergänzen";1
C1 Vokabelliste;"Änderung; Zusatz";amendment — The amendment introduces stricter efficiency standards.;"Änderung; Zusatz";amendment — The amendment introduces stricter efficiency standards.;amendment — The amendment introduces stricter efficiency standards.;"Änderung; Zusatz";1
C1 Vokabelliste;"Analogie; Vergleich";analogy — She used an analogy with water flow to explain electric current.;"Analogie; Vergleich";analogy — She used an analogy with water flow to explain electric current.;analogy — She used an analogy with water flow to explain electric current.;"Analogie; Vergleich";1
C1 Vokabelliste;anonym;anonymous — Participants could submit feedback anonymously through the survey.;anonym;anonymous — Participants could submit feedback anonymously through the survey.;anonymous — Participants could submit feedback anonymously through the survey.;anonym;1
C1 Vokabelliste;"ansprechend; attraktiv";appealing — The clear layout makes the application visually appealing.;"ansprechend; attraktiv";appealing — The clear layout makes the application visually appealing.;appealing — The clear layout makes the application visually appealing.;"ansprechend; attraktiv";1
C1 Vokabelliste;Appetit;appetite — Investors have shown a growing appetite for battery projects.;Appetit;appetite — Investors have shown a growing appetite for battery projects.;appetite — Investors have shown a growing appetite for battery projects.;Appetit;1
C1 Vokabelliste;anwendbar;applicable — These rules are applicable to all new installations.;anwendbar;applicable — These rules are applicable to all new installations.;applicable — These rules are applicable to all new installations.;anwendbar;1
C1 Vokabelliste;Wertschätzung;appreciation — The exhibition increased my appreciation of local biodiversity.;Wertschätzung;appreciation — The exhibition increased my appreciation of local biodiversity.;appreciation — The exhibition increased my appreciation of local biodiversity.;Wertschätzung;1
C1 Vokabelliste;willkürlich;arbitrary — The threshold should be based on evidence rather than an arbitrary value.;willkürlich;arbitrary — The threshold should be based on evidence rather than an arbitrary value.;arbitrary — The threshold should be based on evidence rather than an arbitrary value.;willkürlich;1
C1 Vokabelliste;Archiv;archive — All previous versions of the dataset are stored in the archive.;Archiv;archive — All previous versions of the dataset are stored in the archive.;archive — All previous versions of the dataset are stored in the archive.;Archiv;1
C1 Vokabelliste;"wohl; vermutlich";arguably — Offshore wind is arguably one of the most important sources of renewable power.;"wohl; vermutlich";arguably — Offshore wind is arguably one of the most important sources of renewable power.;arguably — Offshore wind is arguably one of the most important sources of renewable power.;"wohl; vermutlich";1
C1 Vokabelliste;"klar ausdrücken; artikulieren";articulate — She was able to articulate the problem clearly during the meeting.;"klar ausdrücken; artikulieren";articulate — She was able to articulate the problem clearly during the meeting.;articulate — She was able to articulate the problem clearly during the meeting.;"klar ausdrücken; artikulieren";1
C1 Vokabelliste;"Attentat; Ermordung";assassination — The assassination triggered a period of political instability.;"Attentat; Ermordung";assassination — The assassination triggered a period of political instability.;assassination — The assassination triggered a period of political instability.;"Attentat; Ermordung";1
C1 Vokabelliste;"zusammenbauen; versammeln";assemble — Technicians assembled the prototype in the laboratory.;"zusammenbauen; versammeln";assemble — Technicians assembled the prototype in the laboratory.;assemble — Technicians assembled the prototype in the laboratory.;"zusammenbauen; versammeln";1
C1 Vokabelliste;"Versammlung; Montage";assembly — The final assembly of the turbine takes place at the harbour.;"Versammlung; Montage";assembly — The final assembly of the turbine takes place at the harbour.;assembly — The final assembly of the turbine takes place at the harbour.;"Versammlung; Montage";1
C1 Vokabelliste;Behauptung;assertion — The assertion was not supported by the available data.;Behauptung;assertion — The assertion was not supported by the available data.;assertion — The assertion was not supported by the available data.;Behauptung;1
C1 Vokabelliste;Asyl;asylum — The family applied for asylum after fleeing the conflict.;Asyl;asylum — The family applied for asylum after fleeing the conflict.;asylum — The family applied for asylum after fleeing the conflict.;Asyl;1
C1 Vokabelliste;erreichen;attain — The battery attained its highest efficiency at moderate temperatures.;erreichen;attain — The battery attained its highest efficiency at moderate temperatures.;attain — The battery attained its highest efficiency at moderate temperatures.;erreichen;1
C1 Vokabelliste;Anwesenheit;attendance — Attendance at the workshop was higher than expected.;Anwesenheit;attendance — Attendance at the workshop was higher than expected.;attendance — Attendance at the workshop was higher than expected.;Anwesenheit;1
C1 Vokabelliste;authentisch;authentic — The museum recreated an authentic control room from the 1980s.;authentisch;authentic — The museum recreated an authentic control room from the 1980s.;authentic — The museum recreated an authentic control room from the 1980s.;authentisch;1
C1 Vokabelliste;"genehmigen; bevollmächtigen";authorize — Only trained staff are authorized to enter the high-voltage area.;"genehmigen; bevollmächtigen";authorize — Only trained staff are authorized to enter the high-voltage area.;authorize — Only trained staff are authorized to enter the high-voltage area.;"genehmigen; bevollmächtigen";1
C1 Vokabelliste;Verfügbarkeit;availability — The availability of charging stations varies greatly by region.;Verfügbarkeit;availability — The availability of charging stations varies greatly by region.;availability — The availability of charging stations varies greatly by region.;Verfügbarkeit;1
C1 Vokabelliste;"Sicherung; Unterstützung";backup — A battery provides backup power during short outages.;"Sicherung; Unterstützung";backup — A battery provides backup power during short outages.;backup — A battery provides backup power during short outages.;"Sicherung; Unterstützung";1
C1 Vokabelliste;Kaution;bail — The court released him on bail until the trial.;Kaution;bail — The court released him on bail until the trial.;bail — The court released him on bail until the trial.;Kaution;1
C1 Vokabelliste;"Banner; Transparent";banner — Protesters carried a large banner calling for cleaner air.;"Banner; Transparent";banner — Protesters carried a large banner calling for cleaner air.;banner — Protesters carried a large banner calling for cleaner air.;"Banner; Transparent";1
C1 Vokabelliste;Fass;barrel — Oil prices are often quoted per barrel.;Fass;barrel — Oil prices are often quoted per barrel.;barrel — Oil prices are often quoted per barrel.;Fass;1
C1 Vokabelliste;"Begünstigter; Empfänger";beneficiary — Local residents should be among the main beneficiaries of the project.;"Begünstigter; Empfänger";beneficiary — Local residents should be among the main beneficiaries of the project.;beneficiary — Local residents should be among the main beneficiaries of the project.;"Begünstigter; Empfänger";1
C1 Vokabelliste;"verraten; hintergehen";betray — Publishing confidential data would betray the trust of participants.;"verraten; hintergehen";betray — Publishing confidential data would betray the trust of participants.;betray — Publishing confidential data would betray the trust of participants.;"verraten; hintergehen";1
C1 Vokabelliste;Biografie;biography — The biography describes her career as an environmental researcher.;Biografie;biography — The biography describes her career as an environmental researcher.;biography — The biography describes her career as an environmental researcher.;Biografie;1
C1 Vokabelliste;Klinge;blade — A wind turbine blade can be more than eighty metres long.;Klinge;blade — A wind turbine blade can be more than eighty metres long.;blade — A wind turbine blade can be more than eighty metres long.;Klinge;1
C1 Vokabelliste;"Explosion; sprengen";blast — The blast damaged several buildings near the industrial site.;"Explosion; sprengen";blast — The blast damaged several buildings near the industrial site.;blast — The blast damaged several buildings near the industrial site.;"Explosion; sprengen";1
C1 Vokabelliste;"Mischung; mischen";blend — The new material is a blend of recycled plastic and natural fibres.;"Mischung; mischen";blend — The new material is a blend of recycled plastic and natural fibres.;blend — The new material is a blend of recycled plastic and natural fibres.;"Mischung; mischen";1
C1 Vokabelliste;Segen;blessing — The mild weather was a blessing for the construction team.;Segen;blessing — The mild weather was a blessing for the construction team.;blessing — The mild weather was a blessing for the construction team.;Segen;1
C1 Vokabelliste;"prahlen; sich rühmen";boast — The region boasts some of the strongest winds in the country.;"prahlen; sich rühmen";boast — The region boasts some of the strongest winds in the country.;boast — The region boasts some of the strongest winds in the country.;"prahlen; sich rühmen";1
C1 Vokabelliste;"Boom; Aufschwung";boom — The battery sector has experienced a rapid boom in recent years.;"Boom; Aufschwung";boom — The battery sector has experienced a rapid boom in recent years.;boom — The battery sector has experienced a rapid boom in recent years.;"Boom; Aufschwung";1
C1 Vokabelliste;Grenze;boundary — The map clearly marks the boundary of the protected area.;Grenze;boundary — The map clearly marks the boundary of the protected area.;boundary — The map clearly marks the boundary of the protected area.;Grenze;1
C1 Vokabelliste;"Zusammenbruch; Aufschlüsselung";breakdown — The report provides a detailed breakdown of electricity generation by source.;"Zusammenbruch; Aufschlüsselung";breakdown — The report provides a detailed breakdown of electricity generation by source.;breakdown — The report provides a detailed breakdown of electricity generation by source.;"Zusammenbruch; Aufschlüsselung";1
C1 Vokabelliste;Durchbruch;breakthrough — The new storage method could represent a major technological breakthrough.;Durchbruch;breakthrough — The new storage method could represent a major technological breakthrough.;breakthrough — The new storage method could represent a major technological breakthrough.;Durchbruch;1
C1 Vokabelliste;brutal;brutal — The project faced brutal criticism after costs doubled.;brutal;brutal — The project faced brutal criticism after costs doubled.;brutal — The project faced brutal criticism after costs doubled.;brutal;1
C1 Vokabelliste;"Belastung; Last";burden — High energy prices place a heavy burden on low-income households.;"Belastung; Last";burden — High energy prices place a heavy burden on low-income households.;burden — High energy prices place a heavy burden on low-income households.;"Belastung; Last";1
C1 Vokabelliste;Bürokratie;bureaucracy — Excessive bureaucracy can delay small renewable-energy projects.;Bürokratie;bureaucracy — Excessive bureaucracy can delay small renewable-energy projects.;bureaucracy — Excessive bureaucracy can delay small renewable-energy projects.;Bürokratie;1
C1 Vokabelliste;"platzen; bersten; plötzlich hervorbrechen";burst — A water pipe burst during the night and flooded the basement.;"platzen; bersten; plötzlich hervorbrechen";burst — A water pipe burst during the night and flooded the basement.;burst — A water pipe burst during the night and flooded the basement.;"platzen; bersten; plötzlich hervorbrechen";1
C1 Vokabelliste;"Kabinett; Schrank";cabinet — The cabinet approved the new climate package.;"Kabinett; Schrank";cabinet — The cabinet approved the new climate package.;cabinet — The cabinet approved the new climate package.;"Kabinett; Schrank";1
C1 Vokabelliste;Berechnung;calculation — The calculation takes both energy use and operating time into account.;Berechnung;calculation — The calculation takes both energy use and operating time into account.;calculation — The calculation takes both energy use and operating time into account.;Berechnung;1
C1 Vokabelliste;"Fähigkeit; Leistungsvermögen";capability — The software has the capability to process millions of data points.;"Fähigkeit; Leistungsvermögen";capability — The software has the capability to process millions of data points.;capability — The software has the capability to process millions of data points.;"Fähigkeit; Leistungsvermögen";1
C1 Vokabelliste;Kapitalismus;capitalism — The course examines how capitalism shapes energy markets.;Kapitalismus;capitalism — The course examines how capitalism shapes energy markets.;capitalism — The course examines how capitalism shapes energy markets.;Kapitalismus;1
C1 Vokabelliste;kapitalistisch;capitalist — The debate focused on the role of capitalist markets in climate policy.;kapitalistisch;capitalist — The debate focused on the role of capitalist markets in climate policy.;capitalist — The debate focused on the role of capitalist markets in climate policy.;kapitalistisch;1
C1 Vokabelliste;"Fracht; Ladung";cargo — The ship was carrying a cargo of turbine components.;"Fracht; Ladung";cargo — The ship was carrying a cargo of turbine components.;cargo — The ship was carrying a cargo of turbine components.;"Fracht; Ladung";1
C1 Vokabelliste;"Wagen; Beförderung";carriage — The bicycle can be taken on the train in a designated carriage.;"Wagen; Beförderung";carriage — The bicycle can be taken on the train in a designated carriage.;carriage — The bicycle can be taken on the train in a designated carriage.;"Wagen; Beförderung";1
C1 Vokabelliste;"schnitzen; schneiden";carve — The river has carved a deep valley through the landscape.;"schnitzen; schneiden";carve — The river has carved a deep valley through the landscape.;carve — The river has carved a deep valley through the landscape.;"schnitzen; schneiden";1
C1 Vokabelliste;"Opfer; Verletzter";casualty — The accident caused several casualties and forced the road to close.;"Opfer; Verletzter";casualty — The accident caused several casualties and forced the road to close.;casualty — The accident caused several casualties and forced the road to close.;"Opfer; Verletzter";1
C1 Vokabelliste;"Katalog; Verzeichnis";catalogue — The online catalogue lists all available datasets.;"Katalog; Verzeichnis";catalogue — The online catalogue lists all available datasets.;catalogue — The online catalogue lists all available datasets.;"Katalog; Verzeichnis";1
C1 Vokabelliste;Rinder;cattle — The farmer keeps cattle on land surrounding the solar panels.;Rinder;cattle — The farmer keeps cattle on land surrounding the solar panels.;cattle — The farmer keeps cattle on land surrounding the solar panels.;Rinder;1
C1 Vokabelliste;"Vorsicht; Warnung";caution — The researchers urged caution when interpreting the early results.;"Vorsicht; Warnung";caution — The researchers urged caution when interpreting the early results.;caution — The researchers urged caution when interpreting the early results.;"Vorsicht; Warnung";1
C1 Vokabelliste;"aufhören; einstellen";cease — The coal plant will cease operations at the end of the year.;"aufhören; einstellen";cease — The coal plant will cease operations at the end of the year.;cease — The coal plant will cease operations at the end of the year.;"aufhören; einstellen";1
C1 Vokabelliste;Kammer;chamber — The battery was tested inside a climate chamber.;Kammer;chamber — The battery was tested inside a climate chamber.;chamber — The battery was tested inside a climate chamber.;Kammer;1
C1 Vokabelliste;Chaos;chaos — A sudden power failure caused chaos at the station.;Chaos;chaos — A sudden power failure caused chaos at the station.;chaos — A sudden power failure caused chaos at the station.;Chaos;1
C1 Vokabelliste;"Charme; Reiz";charm — The small town has retained much of its historic charm.;"Charme; Reiz";charm — The small town has retained much of its historic charm.;charm — The small town has retained much of its historic charm.;"Charme; Reiz";1
C1 Vokabelliste;chronisch;chronic — Chronic underinvestment has weakened the local infrastructure.;chronisch;chronic — Chronic underinvestment has weakened the local infrastructure.;chronic — Chronic underinvestment has weakened the local infrastructure.;chronisch;1
C1 Vokabelliste;"Zirkulation; Verbreitung";circulation — The pump improves the circulation of hot water through the system.;"Zirkulation; Verbreitung";circulation — The pump improves the circulation of hot water through the system.;circulation — The pump improves the circulation of hot water through the system.;"Zirkulation; Verbreitung";1
C1 Vokabelliste;"bürgerlich; städtisch";civic — The project received support from several civic organisations.;"bürgerlich; städtisch";civic — The project received support from several civic organisations.;civic — The project received support from several civic organisations.;"bürgerlich; städtisch";1
C1 Vokabelliste;Klarheit;clarity — The revised chart provides much greater clarity.;Klarheit;clarity — The revised chart provides much greater clarity.;clarity — The revised chart provides much greater clarity.;Klarheit;1
C1 Vokabelliste;Klassifizierung;classification — The classification system groups habitats by ecological characteristics.;Klassifizierung;classification — The classification system groups habitats by ecological characteristics.;classification — The classification system groups habitats by ecological characteristics.;Klassifizierung;1
C1 Vokabelliste;"sich festhalten; klammern";cling — Wet leaves clung to the path after the storm.;"sich festhalten; klammern";cling — Wet leaves clung to the path after the storm.;cling — Wet leaves clung to the path after the storm.;"sich festhalten; klammern";1
C1 Vokabelliste;Koalition;coalition — A coalition of local groups opposed the new road.;Koalition;coalition — A coalition of local groups opposed the new road.;coalition — A coalition of local groups opposed the new road.;Koalition;1
C1 Vokabelliste;kognitiv;cognitive — Sleep has a strong influence on cognitive performance.;kognitiv;cognitive — Sleep has a strong influence on cognitive performance.;cognitive — Sleep has a strong influence on cognitive performance.;kognitiv;1
C1 Vokabelliste;"zusammenfallen; übereinstimmen";coincide — Peak demand often coincides with low solar generation in winter evenings.;"zusammenfallen; übereinstimmen";coincide — Peak demand often coincides with low solar generation in winter evenings.;coincide — Peak demand often coincides with low solar generation in winter evenings.;"zusammenfallen; übereinstimmen";1
C1 Vokabelliste;"kollektiv; gemeinschaftlich";collective — Reducing emissions will require collective action.;"kollektiv; gemeinschaftlich";collective — Reducing emissions will require collective action.;collective — Reducing emissions will require collective action.;"kollektiv; gemeinschaftlich";1
C1 Vokabelliste;"Kampf; bekämpfen";combat — The city introduced measures to combat air pollution.;"Kampf; bekämpfen";combat — The city introduced measures to combat air pollution.;combat — The city introduced measures to combat air pollution.;"Kampf; bekämpfen";1
C1 Vokabelliste;"Kommentar; Berichterstattung";commentary — The report combines data analysis with expert commentary.;"Kommentar; Berichterstattung";commentary — The report combines data analysis with expert commentary.;commentary — The report combines data analysis with expert commentary.;"Kommentar; Berichterstattung";1
C1 Vokabelliste;Kommentator;commentator — The commentator explained the policy changes during the broadcast.;Kommentator;commentator — The commentator explained the policy changes during the broadcast.;commentator — The commentator explained the policy changes during the broadcast.;Kommentator;1
C1 Vokabelliste;"Beauftragter; Kommissar";commissioner — The energy commissioner presented the new strategy.;"Beauftragter; Kommissar";commissioner — The energy commissioner presented the new strategy.;commissioner — The energy commissioner presented the new strategy.;"Beauftragter; Kommissar";1
C1 Vokabelliste;Begleiter;companion — A map is a useful companion on long hikes.;Begleiter;companion — A map is a useful companion on long hikes.;companion — A map is a useful companion on long hikes.;Begleiter;1
C1 Vokabelliste;vergleichbar;comparable — The two datasets are not directly comparable because they use different methods.;vergleichbar;comparable — The two datasets are not directly comparable because they use different methods.;comparable — The two datasets are not directly comparable because they use different methods.;vergleichbar;1
C1 Vokabelliste;zwingen;compel — The evidence may compel regulators to tighten the rules.;zwingen;compel — The evidence may compel regulators to tighten the rules.;compel — The evidence may compel regulators to tighten the rules.;zwingen;1
C1 Vokabelliste;"entschädigen; ausgleichen";compensate — The company agreed to compensate residents for the disruption.;"entschädigen; ausgleichen";compensate — The company agreed to compensate residents for the disruption.;compensate — The company agreed to compensate residents for the disruption.;"entschädigen; ausgleichen";1
C1 Vokabelliste;Kompetenz;competence — Data analysis is a core competence for the role.;Kompetenz;competence — Data analysis is a core competence for the role.;competence — Data analysis is a core competence for the role.;Kompetenz;1
C1 Vokabelliste;kompetent;competent — Only competent personnel should work on high-voltage equipment.;kompetent;competent — Only competent personnel should work on high-voltage equipment.;competent — Only competent personnel should work on high-voltage equipment.;kompetent;1
C1 Vokabelliste;"ergänzen; vervollständigen";complement — Battery storage can complement variable wind and solar generation.;"ergänzen; vervollständigen";complement — Battery storage can complement variable wind and solar generation.;complement — Battery storage can complement variable wind and solar generation.;"ergänzen; vervollständigen";1
C1 Vokabelliste;Einhaltung;compliance — Regular audits are used to check compliance with environmental standards.;Einhaltung;compliance — Regular audits are used to check compliance with environmental standards.;compliance — Regular audits are used to check compliance with environmental standards.;Einhaltung;1
C1 Vokabelliste;"einhalten; nachkommen";comply — Operators must comply with all relevant safety requirements.;"einhalten; nachkommen";comply — Operators must comply with all relevant safety requirements.;comply — Operators must comply with all relevant safety requirements.;"einhalten; nachkommen";1
C1 Vokabelliste;"Kompromiss; Kompromiss schließen";compromise — The final design was a compromise between cost and performance.;"Kompromiss; Kompromiss schließen";compromise — The final design was a compromise between cost and performance.;compromise — The final design was a compromise between cost and performance.;"Kompromiss; Kompromiss schließen";1
C1 Vokabelliste;"Vorstellung; Konzeption";conception — The project was ambitious from its initial conception.;"Vorstellung; Konzeption";conception — The project was ambitious from its initial conception.;conception — The project was ambitious from its initial conception.;"Vorstellung; Konzeption";1
C1 Vokabelliste;"verleihen; beraten";confer — The university will confer the degree after all requirements are met.;"verleihen; beraten";confer — The university will confer the degree after all requirements are met.;confer — The university will confer the degree after all requirements are met.;"verleihen; beraten";1
C1 Vokabelliste;Geständnis;confession — His confession changed the course of the investigation.;Geständnis;confession — His confession changed the course of the investigation.;confession — His confession changed the course of the investigation.;Geständnis;1
C1 Vokabelliste;"beschränken; einsperren";confine — The analysis was confined to data from 2025.;"beschränken; einsperren";confine — The analysis was confined to data from 2025.;confine — The analysis was confined to data from 2025.;"beschränken; einsperren";1
C1 Vokabelliste;konfrontieren;confront — Grid operators must confront increasing fluctuations in supply.;konfrontieren;confront — Grid operators must confront increasing fluctuations in supply.;confront — Grid operators must confront increasing fluctuations in supply.;konfrontieren;1
C1 Vokabelliste;Konfrontation;confrontation — The meeting ended in a confrontation between residents and planners.;Konfrontation;confrontation — The meeting ended in a confrontation between residents and planners.;confrontation — The meeting ended in a confrontation between residents and planners.;Konfrontation;1
C1 Vokabelliste;"bewahren; erhalten";conserve — Wetland restoration helps conserve biodiversity.;"bewahren; erhalten";conserve — Wetland restoration helps conserve biodiversity.;conserve — Wetland restoration helps conserve biodiversity.;"bewahren; erhalten";1
C1 Vokabelliste;"Bestandteil; Wähler";constituent — Hydrogen is one constituent of water.;"Bestandteil; Wähler";constituent — Hydrogen is one constituent of water.;constituent — Hydrogen is one constituent of water.;"Bestandteil; Wähler";1
C1 Vokabelliste;verfassungsrechtlich;constitutional — The court examined whether the law was constitutional.;verfassungsrechtlich;constitutional — The court examined whether the law was constitutional.;constitutional — The court examined whether the law was constitutional.;verfassungsrechtlich;1
C1 Vokabelliste;"erwägen; nachdenken über";contemplate — The company is contemplating a major investment in offshore wind.;"erwägen; nachdenken über";contemplate — The company is contemplating a major investment in offshore wind.;contemplate — The company is contemplating a major investment in offshore wind.;"erwägen; nachdenken über";1
C1 Vokabelliste;Verachtung;contempt — He showed open contempt for the safety rules.;Verachtung;contempt — He showed open contempt for the safety rules.;contempt — He showed open contempt for the safety rules.;Verachtung;1
C1 Vokabelliste;"Anwärter; Konkurrent";contender — The technology is a strong contender for long-term energy storage.;"Anwärter; Konkurrent";contender — The technology is a strong contender for long-term energy storage.;contender — The technology is a strong contender for long-term energy storage.;"Anwärter; Konkurrent";1
C1 Vokabelliste;"entgegengesetzt; Gegenteil";contrary — Contrary to expectations, demand fell during the cold spell.;"entgegengesetzt; Gegenteil";contrary — Contrary to expectations, demand fell during the cold spell.;contrary — Contrary to expectations, demand fell during the cold spell.;"entgegengesetzt; Gegenteil";1
C1 Vokabelliste;Umwandlung;conversion — The conversion of sunlight into electricity occurs in photovoltaic cells.;Umwandlung;conversion — The conversion of sunlight into electricity occurs in photovoltaic cells.;conversion — The conversion of sunlight into electricity occurs in photovoltaic cells.;Umwandlung;1
C1 Vokabelliste;verurteilen;convict — The court convicted the manager of fraud.;verurteilen;convict — The court convicted the manager of fraud.;convict — The court convicted the manager of fraud.;verurteilen;1
C1 Vokabelliste;zusammenarbeiten;cooperate — Several research institutes cooperate on the project.;zusammenarbeiten;cooperate — Several research institutes cooperate on the project.;cooperate — Several research institutes cooperate on the project.;zusammenarbeiten;1
C1 Vokabelliste;Koordination;coordination — Good coordination between teams is essential during construction.;Koordination;coordination — Good coordination between teams is essential during construction.;coordination — Good coordination between teams is essential during construction.;Koordination;1
C1 Vokabelliste;"Gegenstück; Amtskollege";counterpart — She discussed the issue with her counterpart at the regional authority.;"Gegenstück; Amtskollege";counterpart — She discussed the issue with her counterpart at the regional authority.;counterpart — She discussed the issue with her counterpart at the regional authority.;"Gegenstück; Amtskollege";1
C1 Vokabelliste;unzählig;countless — Countless small decisions influence our daily energy use.;unzählig;countless — Countless small decisions influence our daily energy use.;countless — Countless small decisions influence our daily energy use.;unzählig;1
C1 Vokabelliste;Höflichkeit;courtesy — He replied to the criticism with courtesy and patience.;Höflichkeit;courtesy — He replied to the criticism with courtesy and patience.;courtesy — He replied to the criticism with courtesy and patience.;Höflichkeit;1
C1 Vokabelliste;glaubwürdig;credible — The study needs transparent methods to remain credible.;glaubwürdig;credible — The study needs transparent methods to remain credible.;credible — The study needs transparent methods to remain credible.;glaubwürdig;1
C1 Vokabelliste;"Kritik; kritische Analyse";critique — Her critique focused on weaknesses in the methodology.;"Kritik; kritische Analyse";critique — Her critique focused on weaknesses in the methodology.;critique — Her critique focused on weaknesses in the methodology.;"Kritik; kritische Analyse";1
C1 Vokabelliste;"zerquetschen; vernichten";crush — Heavy machinery can crush sensitive vegetation if routes are poorly planned.;"zerquetschen; vernichten";crush — Heavy machinery can crush sensitive vegetation if routes are poorly planned.;crush — Heavy machinery can crush sensitive vegetation if routes are poorly planned.;"zerquetschen; vernichten";1
C1 Vokabelliste;Neugier;curiosity — Curiosity is often the starting point for scientific research.;Neugier;curiosity — Curiosity is often the starting point for scientific research.;curiosity — Curiosity is often the starting point for scientific research.;Neugier;1
C1 Vokabelliste;zynisch;cynical — Some residents were cynical about the company's environmental promises.;zynisch;cynical — Some residents were cynical about the company's environmental promises.;cynical — Some residents were cynical about the company's environmental promises.;zynisch;1
C1 Vokabelliste;"Damm; Staudamm";dam — The dam stores water that can later be used to generate electricity.;"Damm; Staudamm";dam — The dam stores water that can later be used to generate electricity.;dam — The dam stores water that can later be used to generate electricity.;"Damm; Staudamm";1
C1 Vokabelliste;"Morgendämmerung; Anbruch";dawn — The runners set off at dawn to avoid the midday heat.;"Morgendämmerung; Anbruch";dawn — The runners set off at dawn to avoid the midday heat.;dawn — The runners set off at dawn to avoid the midday heat.;"Morgendämmerung; Anbruch";1
C1 Vokabelliste;Trümmer;debris — Crews removed storm debris from the road.;Trümmer;debris — Crews removed storm debris from the road.;debris — Crews removed storm debris from the road.;Trümmer;1
C1 Vokabelliste;Debüt;debut — The new electric bus made its public debut this week.;Debüt;debut — The new electric bus made its public debut this week.;debut — The new electric bus made its public debut this week.;Debüt;1
C1 Vokabelliste;"entscheidend; entschlossen";decisive — Accurate forecasts can play a decisive role in grid operation.;"entscheidend; entschlossen";decisive — Accurate forecasts can play a decisive role in grid operation.;decisive — Accurate forecasts can play a decisive role in grid operation.;"entscheidend; entschlossen";1
C1 Vokabelliste;"engagiert; gewidmet";dedicated — A dedicated team monitors the system around the clock.;"engagiert; gewidmet";dedicated — A dedicated team monitors the system around the clock.;dedicated — A dedicated team monitors the system around the clock.;"engagiert; gewidmet";1
C1 Vokabelliste;"Engagement; Hingabe";dedication — Her dedication to the project impressed the whole team.;"Engagement; Hingabe";dedication — Her dedication to the project impressed the whole team.;dedication — Her dedication to the project impressed the whole team.;"Engagement; Hingabe";1
C1 Vokabelliste;"Standard; Versäumnis";default — The application uses the metric system by default.;"Standard; Versäumnis";default — The application uses the metric system by default.;default — The application uses the metric system by default.;"Standard; Versäumnis";1
C1 Vokabelliste;"Delegierte/r; Abgeordnete/r";delegate — Each organisation sent one delegate to the conference.;"Delegierte/r; Abgeordnete/r";delegate — Each organisation sent one delegate to the conference.;delegate — Each organisation sent one delegate to the conference.;"Delegierte/r; Abgeordnete/r";1
C1 Vokabelliste;"empfindlich; heikel";delicate — Restoring peatlands is a delicate ecological process.;"empfindlich; heikel";delicate — Restoring peatlands is a delicate ecological process.;delicate — Restoring peatlands is a delicate ecological process.;"empfindlich; heikel";1
C1 Vokabelliste;"anprangern; verurteilen";denounce — Environmental groups denounced the illegal dumping of waste.;"anprangern; verurteilen";denounce — Environmental groups denounced the illegal dumping of waste.;denounce — Environmental groups denounced the illegal dumping of waste.;"anprangern; verurteilen";1
C1 Vokabelliste;"Einsatz; Stationierung";deployment — The rapid deployment of batteries could reduce pressure on the grid.;"Einsatz; Stationierung";deployment — The rapid deployment of batteries could reduce pressure on the grid.;deployment — The rapid deployment of batteries could reduce pressure on the grid.;"Einsatz; Stationierung";1
C1 Vokabelliste;"einzahlen; hinterlegen; ablagern";deposit — Sediment is deposited along the riverbank after flooding.;"einzahlen; hinterlegen; ablagern";deposit — Sediment is deposited along the riverbank after flooding.;deposit — Sediment is deposited along the riverbank after flooding.;"einzahlen; hinterlegen; ablagern";1
C1 Vokabelliste;Stellvertreter;deputy — The deputy director chaired the meeting in her absence.;Stellvertreter;deputy — The deputy director chaired the meeting in her absence.;deputy — The deputy director chaired the meeting in her absence.;Stellvertreter;1
C1 Vokabelliste;"hinabsteigen; sinken";descend — Temperatures can descend below freezing during winter nights.;"hinabsteigen; sinken";descend — Temperatures can descend below freezing during winter nights.;descend — Temperatures can descend below freezing during winter nights.;"hinabsteigen; sinken";1
C1 Vokabelliste;"bestimmen; benennen";designate — The council designated the area as a nature reserve.;"bestimmen; benennen";designate — The council designated the area as a nature reserve.;designate — The council designated the area as a nature reserve.;"bestimmen; benennen";1
C1 Vokabelliste;wünschenswert;desirable — A predictable regulatory framework is desirable for long-term investment.;wünschenswert;desirable — A predictable regulatory framework is desirable for long-term investment.;desirable — A predictable regulatory framework is desirable for long-term investment.;wünschenswert;1
C1 Vokabelliste;sich verschlechtern;deteriorate — Battery performance can deteriorate after many charging cycles.;sich verschlechtern;deteriorate — Battery performance can deteriorate after many charging cycles.;deteriorate — Battery performance can deteriorate after many charging cycles.;sich verschlechtern;1
C1 Vokabelliste;diagnostizieren;diagnose — Engineers used sensor data to diagnose the fault.;diagnostizieren;diagnose — Engineers used sensor data to diagnose the fault.;diagnose — Engineers used sensor data to diagnose the fault.;diagnostizieren;1
C1 Vokabelliste;Diagnose;diagnosis — The diagnosis explained why the system had repeatedly failed.;Diagnose;diagnosis — The diagnosis explained why the system had repeatedly failed.;diagnosis — The diagnosis explained why the system had repeatedly failed.;Diagnose;1
C1 Vokabelliste;Würde;dignity — Every patient should be treated with dignity.;Würde;dignity — Every patient should be treated with dignity.;dignity — Every patient should be treated with dignity.;Würde;1
C1 Vokabelliste;Dimension;dimension — The social dimension of the energy transition is often underestimated.;Dimension;dimension — The social dimension of the energy transition is often underestimated.;dimension — The social dimension of the energy transition is often underestimated.;Dimension;1
C1 Vokabelliste;Diplomat;diplomat — The diplomat took part in international climate negotiations.;Diplomat;diplomat — The diplomat took part in international climate negotiations.;diplomat — The diplomat took part in international climate negotiations.;Diplomat;1
C1 Vokabelliste;diplomatisch;diplomatic — A diplomatic response helped prevent the dispute from escalating.;diplomatisch;diplomatic — A diplomatic response helped prevent the dispute from escalating.;diplomatic — A diplomatic response helped prevent the dispute from escalating.;diplomatisch;1
C1 Vokabelliste;offenlegen;disclose — Companies must disclose certain emissions data publicly.;offenlegen;disclose — Companies must disclose certain emissions data publicly.;disclose — Companies must disclose certain emissions data publicly.;offenlegen;1
C1 Vokabelliste;"Diskurs; Gespräch";discourse — Public discourse on wind power has become increasingly polarized.;"Diskurs; Gespräch";discourse — Public discourse on wind power has become increasingly polarized.;discourse — Public discourse on wind power has become increasingly polarized.;"Diskurs; Gespräch";1
C1 Vokabelliste;"Ermessen; Diskretion";discretion — Managers have some discretion in how the budget is allocated.;"Ermessen; Diskretion";discretion — Managers have some discretion in how the budget is allocated.;discretion — Managers have some discretion in how the budget is allocated.;"Ermessen; Diskretion";1
C1 Vokabelliste;"Entlassung; Zurückweisung";dismissal — The sudden dismissal of the project manager surprised the team.;"Entlassung; Zurückweisung";dismissal — The sudden dismissal of the project manager surprised the team.;dismissal — The sudden dismissal of the project manager surprised the team.;"Entlassung; Zurückweisung";1
C1 Vokabelliste;"Entsorgung; Verfügung";disposal — Safe disposal of old batteries is essential.;"Entsorgung; Verfügung";disposal — Safe disposal of old batteries is essential.;disposal — Safe disposal of old batteries is essential.;"Entsorgung; Verfügung";1
C1 Vokabelliste;"Streit; bestreiten";dispute — The two companies are involved in a dispute over the contract.;"Streit; bestreiten";dispute — The two companies are involved in a dispute over the contract.;dispute — The two companies are involved in a dispute over the contract.;"Streit; bestreiten";1
C1 Vokabelliste;"stören; unterbrechen";disrupt — Severe storms can disrupt electricity supplies.;"stören; unterbrechen";disrupt — Severe storms can disrupt electricity supplies.;disrupt — Severe storms can disrupt electricity supplies.;"stören; unterbrechen";1
C1 Vokabelliste;auflösen;dissolve — The tablet dissolves completely in water.;auflösen;dissolve — The tablet dissolves completely in water.;dissolve — The tablet dissolves completely in water.;auflösen;1
C1 Vokabelliste;"charakteristisch; unverwechselbar";distinctive — The coastline has a distinctive shape that is easy to recognize on a map.;"charakteristisch; unverwechselbar";distinctive — The coastline has a distinctive shape that is easy to recognize on a map.;distinctive — The coastline has a distinctive shape that is easy to recognize on a map.;"charakteristisch; unverwechselbar";1
C1 Vokabelliste;verzerren;distort — A misleading scale can distort the visual impression of the data.;verzerren;distort — A misleading scale can distort the visual impression of the data.;distort — A misleading scale can distort the visual impression of the data.;verzerren;1
C1 Vokabelliste;"Not; Bedrängnis";distress — The rescue team responded to a vessel in distress.;"Not; Bedrängnis";distress — The rescue team responded to a vessel in distress.;distress — The rescue team responded to a vessel in distress.;"Not; Bedrängnis";1
C1 Vokabelliste;"Bereich; Domäne";domain — Energy data analysis is one domain in which Python is widely used.;"Bereich; Domäne";domain — Energy data analysis is one domain in which Python is widely used.;domain — Energy data analysis is one domain in which Python is widely used.;"Bereich; Domäne";1
C1 Vokabelliste;Spender;donor — The research centre was funded by a private donor.;Spender;donor — The research centre was funded by a private donor.;donor — The research centre was funded by a private donor.;Spender;1
C1 Vokabelliste;"entwässern; entleeren; abfließen lassen";drain — Wetlands should not be drained for short-term agricultural gain.;"entwässern; entleeren; abfließen lassen";drain — Wetlands should not be drained for short-term agricultural gain.;drain — Wetlands should not be drained for short-term agricultural gain.;"entwässern; entleeren; abfließen lassen";1
C1 Vokabelliste;"doppelt; dual";dual — The building has a dual heating system using gas and a heat pump.;"doppelt; dual";dual — The building has a dual heating system using gas and a heat pump.;dual — The building has a dual heating system using gas and a heat pump.;"doppelt; dual";1
C1 Vokabelliste;"Dynamik; Wechselwirkung";dynamic — The dynamic between supply and demand changes throughout the day.;"Dynamik; Wechselwirkung";dynamic — The dynamic between supply and demand changes throughout the day.;dynamic — The dynamic between supply and demand changes throughout the day.;"Dynamik; Wechselwirkung";1
C1 Vokabelliste;"begierig; sehr interessiert";eager — She was eager to learn more about grid operation.;"begierig; sehr interessiert";eager — She was eager to learn more about grid operation.;eager — She was eager to learn more about grid operation.;"begierig; sehr interessiert";1
C1 Vokabelliste;"Einkommen; Verdienst";earnings — His earnings increased after he moved into a technical role.;"Einkommen; Verdienst";earnings — His earnings increased after he moved into a technical role.;earnings — His earnings increased after he moved into a technical role.;"Einkommen; Verdienst";1
C1 Vokabelliste;"Leichtigkeit; Erleichterung; erleichtern";ease — Better insulation can ease the burden of high heating costs.;"Leichtigkeit; Erleichterung; erleichtern";ease — Better insulation can ease the burden of high heating costs.;ease — Better insulation can ease the burden of high heating costs.;"Leichtigkeit; Erleichterung; erleichtern";1
C1 Vokabelliste;"Echo; widerhallen; wiederholen";echo — The concerns raised by residents echoed those from earlier consultations.;"Echo; widerhallen; wiederholen";echo — The concerns raised by residents echoed those from earlier consultations.;echo — The concerns raised by residents echoed those from earlier consultations.;"Echo; widerhallen; wiederholen";1
C1 Vokabelliste;ökologisch;ecological — The project includes an ecological assessment of the site.;ökologisch;ecological — The project includes an ecological assessment of the site.;ecological — The project includes an ecological assessment of the site.;ökologisch;1
C1 Vokabelliste;"Pädagoge/Pädagogin; Lehrkraft";educator — A good educator can make complex technical topics understandable.;"Pädagoge/Pädagogin; Lehrkraft";educator — A good educator can make complex technical topics understandable.;educator — A good educator can make complex technical topics understandable.;"Pädagoge/Pädagogin; Lehrkraft";1
C1 Vokabelliste;Wirksamkeit;effectiveness — The study evaluates the effectiveness of the new policy.;Wirksamkeit;effectiveness — The study evaluates the effectiveness of the new policy.;effectiveness — The study evaluates the effectiveness of the new policy.;Wirksamkeit;1
C1 Vokabelliste;"Effizienz; Leistungsfähigkeit";efficiency — The efficiency of a solar panel depends on several factors.;"Effizienz; Leistungsfähigkeit";efficiency — The efficiency of a solar panel depends on several factors.;efficiency — The efficiency of a solar panel depends on several factors.;"Effizienz; Leistungsfähigkeit";1
C1 Vokabelliste;"ausführlich; aufwendig; detailliert";elaborate — The report provides an elaborate explanation of the modelling process.;"ausführlich; aufwendig; detailliert";elaborate — The report provides an elaborate explanation of the modelling process.;elaborate — The report provides an elaborate explanation of the modelling process.;"ausführlich; aufwendig; detailliert";1
C1 Vokabelliste;"Wahl-; wahlbezogen";electoral — Energy prices became a major electoral issue.;"Wahl-; wahlbezogen";electoral — Energy prices became a major electoral issue.;electoral — Energy prices became a major electoral issue.;"Wahl-; wahlbezogen";1
C1 Vokabelliste;"berechtigt; infrage kommend";eligible — Students enrolled at the university are eligible for the programme.;"berechtigt; infrage kommend";eligible — Students enrolled at the university are eligible for the programme.;eligible — Students enrolled at the university are eligible for the programme.;"berechtigt; infrage kommend";1
C1 Vokabelliste;Elite;elite — The conference attracted members of the political and business elite.;Elite;elite — The conference attracted members of the political and business elite.;elite — The conference attracted members of the political and business elite.;Elite;1
C1 Vokabelliste;empirisch;empirical — The conclusion is based on empirical data rather than assumptions.;empirisch;empirical — The conclusion is based on empirical data rather than assumptions.;empirical — The conclusion is based on empirical data rather than assumptions.;empirisch;1
C1 Vokabelliste;"erlassen; umsetzen";enact — Parliament enacted stricter rules on industrial emissions.;"erlassen; umsetzen";enact — Parliament enacted stricter rules on industrial emissions.;enact — Parliament enacted stricter rules on industrial emissions.;"erlassen; umsetzen";1
C1 Vokabelliste;umfassen;encompass — The project encompasses data collection, analysis and visualization.;umfassen;encompass — The project encompasses data collection, analysis and visualization.;encompass — The project encompasses data collection, analysis and visualization.;umfassen;1
C1 Vokabelliste;durchsetzen;enforce — Authorities must enforce environmental regulations consistently.;durchsetzen;enforce — Authorities must enforce environmental regulations consistently.;enforce — Authorities must enforce environmental regulations consistently.;durchsetzen;1
C1 Vokabelliste;"Unternehmen; Unternehmung";enterprise — The small enterprise specializes in energy-efficient building systems.;"Unternehmen; Unternehmung";enterprise — The small enterprise specializes in energy-efficient building systems.;enterprise — The small enterprise specializes in energy-efficient building systems.;"Unternehmen; Unternehmung";1
C1 Vokabelliste;"Einheit; Entität";entity — Each power plant is represented as a separate entity in the database.;"Einheit; Entität";entity — Each power plant is represented as a separate entity in the database.;entity — Each power plant is represented as a separate entity in the database.;"Einheit; Entität";1
C1 Vokabelliste;Gleichheit;equality — Affordable energy is closely linked to social equality.;Gleichheit;equality — Affordable energy is closely linked to social equality.;equality — Affordable energy is closely linked to social equality.;Gleichheit;1
C1 Vokabelliste;"eskalieren; verschärfen";escalate — The conflict could escalate if neither side is willing to compromise.;"eskalieren; verschärfen";escalate — The conflict could escalate if neither side is willing to compromise.;escalate — The conflict could escalate if neither side is willing to compromise.;"eskalieren; verschärfen";1
C1 Vokabelliste;"Wesen; Kern";essence — The essence of the problem is a mismatch between supply and demand.;"Wesen; Kern";essence — The essence of the problem is a mismatch between supply and demand.;essence — The essence of the problem is a mismatch between supply and demand.;"Wesen; Kern";1
C1 Vokabelliste;ewig;eternal — No energy source can be considered eternal.;ewig;eternal — No energy source can be considered eternal.;eternal — No energy source can be considered eternal.;ewig;1
C1 Vokabelliste;hervorrufen;evoke — The old photographs evoke memories of the region's industrial past.;hervorrufen;evoke — The old photographs evoke memories of the region's industrial past.;evoke — The old photographs evoke memories of the region's industrial past.;hervorrufen;1
C1 Vokabelliste;"exklusiv; ausschließlich";exclusive — The dataset is not exclusive to academic researchers.;"exklusiv; ausschließlich";exclusive — The dataset is not exclusive to academic researchers.;exclusive — The dataset is not exclusive to academic researchers.;"exklusiv; ausschließlich";1
C1 Vokabelliste;"ausführen; hinrichten";execute — The program executes the calculation automatically.;"ausführen; hinrichten";execute — The program executes the calculation automatically.;execute — The program executes the calculation automatically.;"ausführen; hinrichten";1
C1 Vokabelliste;ausüben;exert — Large consumers can exert considerable influence on electricity demand.;ausüben;exert — Large consumers can exert considerable influence on electricity demand.;exert — Large consumers can exert considerable influence on electricity demand.;ausüben;1
C1 Vokabelliste;Ausgaben;expenditure — Public expenditure on grid infrastructure has increased.;Ausgaben;expenditure — Public expenditure on grid infrastructure has increased.;expenditure — Public expenditure on grid infrastructure has increased.;Ausgaben;1
C1 Vokabelliste;"Ausbeutung; Nutzung";exploitation — The exploitation of natural resources can cause severe environmental damage.;"Ausbeutung; Nutzung";exploitation — The exploitation of natural resources can cause severe environmental damage.;exploitation — The exploitation of natural resources can cause severe environmental damage.;"Ausbeutung; Nutzung";1
C1 Vokabelliste;"erleichtern; ermöglichen";facilitate — Digital tools can facilitate collaboration between remote teams.;"erleichtern; ermöglichen";facilitate — Digital tools can facilitate collaboration between remote teams.;facilitate — Digital tools can facilitate collaboration between remote teams.;"erleichtern; ermöglichen";1
C1 Vokabelliste;"Fraktion; Gruppierung";faction — A small faction within the party opposed the agreement.;"Fraktion; Gruppierung";faction — A small faction within the party opposed the agreement.;faction — A small faction within the party opposed the agreement.;"Fraktion; Gruppierung";1
C1 Vokabelliste;"Fakultät; Fähigkeit";faculty — The Faculty of Engineering offers a course on renewable energy.;"Fakultät; Fähigkeit";faculty — The Faculty of Engineering offers a course on renewable energy.;faculty — The Faculty of Engineering offers a course on renewable energy.;"Fakultät; Fähigkeit";1
C1 Vokabelliste;verblassen;fade — The colours on the old map have begun to fade.;verblassen;fade — The colours on the old map have begun to fade.;fade — The colours on the old map have begun to fade.;verblassen;1
C1 Vokabelliste;"Fairness; Gerechtigkeit";fairness — The debate focused on fairness in the distribution of energy costs.;"Fairness; Gerechtigkeit";fairness — The debate focused on fairness in the distribution of energy costs.;fairness — The debate focused on fairness in the distribution of energy costs.;"Fairness; Gerechtigkeit";1
C1 Vokabelliste;"tödlich; verhängnisvoll";fatal — A fatal accident led to stricter safety procedures.;"tödlich; verhängnisvoll";fatal — A fatal accident led to stricter safety procedures.;fatal — A fatal accident led to stricter safety procedures.;"tödlich; verhängnisvoll";1
C1 Vokabelliste;Schicksal;fate — The fate of the old power plant remains uncertain.;Schicksal;fate — The fate of the old power plant remains uncertain.;fate — The fate of the old power plant remains uncertain.;Schicksal;1
C1 Vokabelliste;"günstig; vorteilhaft";favourable — Strong winds created favourable conditions for electricity generation.;"günstig; vorteilhaft";favourable — Strong winds created favourable conditions for electricity generation.;favourable — Strong winds created favourable conditions for electricity generation.;"günstig; vorteilhaft";1
C1 Vokabelliste;"Leistung; Kunststück";feat — Building the tunnel through the mountain was an impressive engineering feat.;"Leistung; Kunststück";feat — Building the tunnel through the mountain was an impressive engineering feat.;feat — Building the tunnel through the mountain was an impressive engineering feat.;"Leistung; Kunststück";1
C1 Vokabelliste;"feministisch; Feminist";feminist — The author examines energy policy from a feminist perspective.;"feministisch; Feminist";feminist — The author examines energy policy from a feminist perspective.;feminist — The author examines energy policy from a feminist perspective.;"feministisch; Feminist";1
C1 Vokabelliste;"heftig; erbittert";fierce — Competition for suitable grid connections is fierce.;"heftig; erbittert";fierce — Competition for suitable grid connections is fierce.;fierce — Competition for suitable grid connections is fierce.;"heftig; erbittert";1
C1 Vokabelliste;"Mangel; Fehler";flaw — The analysis revealed a serious flaw in the original model.;"Mangel; Fehler";flaw — The analysis revealed a serious flaw in the original model.;flaw — The analysis revealed a serious flaw in the original model.;"Mangel; Fehler";1
C1 Vokabelliste;Flotte;fleet — The city plans to electrify its entire bus fleet.;Flotte;fleet — The city plans to electrify its entire bus fleet.;fleet — The city plans to electrify its entire bus fleet.;Flotte;1
C1 Vokabelliste;"gedeihen; florieren";flourish — Wildflowers can flourish beneath carefully managed solar panels.;"gedeihen; florieren";flourish — Wildflowers can flourish beneath carefully managed solar panels.;flourish — Wildflowers can flourish beneath carefully managed solar panels.;"gedeihen; florieren";1
C1 Vokabelliste;Filmmaterial;footage — Drone footage showed the full scale of the flood damage.;Filmmaterial;footage — Drone footage showed the full scale of the flood damage.;footage — Drone footage showed the full scale of the flood damage.;Filmmaterial;1
C1 Vokabelliste;"schmieden; fälschen";forge — The two organisations forged a long-term partnership.;"schmieden; fälschen";forge — The two organisations forged a long-term partnership.;forge — The two organisations forged a long-term partnership.;"schmieden; fälschen";1
C1 Vokabelliste;"bevorstehend; entgegenkommend";forthcoming — The forthcoming report will include updated emissions data.;"bevorstehend; entgegenkommend";forthcoming — The forthcoming report will include updated emissions data.;forthcoming — The forthcoming report will include updated emissions data.;"bevorstehend; entgegenkommend";1
C1 Vokabelliste;Frustration;frustration — Repeated delays caused considerable frustration among residents.;Frustration;frustration — Repeated delays caused considerable frustration among residents.;frustration — Repeated delays caused considerable frustration among residents.;Frustration;1
C1 Vokabelliste;Glücksspiel;gambling — Online gambling is subject to strict regulation.;Glücksspiel;gambling — Online gambling is subject to strict regulation.;gambling — Online gambling is subject to strict regulation.;Glücksspiel;1
C1 Vokabelliste;"Versammlung; Treffen";gathering — The annual gathering brings together researchers and industry experts.;"Versammlung; Treffen";gathering — The annual gathering brings together researchers and industry experts.;gathering — The annual gathering brings together researchers and industry experts.;"Versammlung; Treffen";1
C1 Vokabelliste;"Blick; starren; blicken";gaze — She stood on the ridge and gazed across the valley.;"Blick; starren; blicken";gaze — She stood on the ridge and gazed across the valley.;gaze — She stood on the ridge and gazed across the valley.;"Blick; starren; blicken";1
C1 Vokabelliste;"Ausrüstung; Gang";gear — Cyclists should carry suitable rain gear in the mountains.;"Ausrüstung; Gang";gear — Cyclists should carry suitable rain gear in the mountains.;gear — Cyclists should carry suitable rain gear in the mountains.;"Ausrüstung; Gang";1
C1 Vokabelliste;Völkermord;genocide — The museum documents the history and consequences of genocide.;Völkermord;genocide — The museum documents the history and consequences of genocide.;genocide — The museum documents the history and consequences of genocide.;Völkermord;1
C1 Vokabelliste;flüchtiger Blick;glimpse — From the train, we caught a brief glimpse of the offshore turbines.;flüchtiger Blick;glimpse — From the train, we caught a brief glimpse of the offshore turbines.;glimpse — From the train, we caught a brief glimpse of the offshore turbines.;flüchtiger Blick;1
C1 Vokabelliste;Ruhm;glory — The athlete returned home in glory after winning the championship.;Ruhm;glory — The athlete returned home in glory after winning the championship.;glory — The athlete returned home in glory after winning the championship.;Ruhm;1
C1 Vokabelliste;"begreifen; Griff";grasp — It took me a while to grasp the logic behind the calculation.;"begreifen; Griff";grasp — It took me a while to grasp the logic behind the calculation.;grasp — It took me a while to grasp the logic behind the calculation.;"begreifen; Griff";1
C1 Vokabelliste;Trauer;grief — The community expressed its grief after the accident.;Trauer;grief — The community expressed its grief after the accident.;grief — The community expressed its grief after the accident.;Trauer;1
C1 Vokabelliste;"brutto; grob";gross — The company's gross revenue increased despite higher costs.;"brutto; grob";gross — The company's gross revenue increased despite higher costs.;gross — The company's gross revenue increased despite higher costs.;"brutto; grob";1
C1 Vokabelliste;"anhalten; Stillstand";halt — Construction came to a halt because of severe weather.;"anhalten; Stillstand";halt — Construction came to a halt because of severe weather.;halt — Construction came to a halt because of severe weather.;"anhalten; Stillstand";1
C1 Vokabelliste;Belästigung;harassment — The organisation has a zero-tolerance policy on workplace harassment.;Belästigung;harassment — The organisation has a zero-tolerance policy on workplace harassment.;harassment — The organisation has a zero-tolerance policy on workplace harassment.;Belästigung;1
C1 Vokabelliste;"Hardware; Geräte";hardware — The software was updated, but the old hardware remained unchanged.;"Hardware; Geräte";hardware — The software was updated, but the old hardware remained unchanged.;hardware — The software was updated, but the old hardware remained unchanged.;"Hardware; Geräte";1
C1 Vokabelliste;"hart; streng";harsh — The equipment must withstand harsh weather conditions.;"hart; streng";harsh — The equipment must withstand harsh weather conditions.;harsh — The equipment must withstand harsh weather conditions.;"hart; streng";1
C1 Vokabelliste;Hass;hatred — Political debate should not turn into hatred.;Hass;hatred — Political debate should not turn into hatred.;hatred — Political debate should not turn into hatred.;Hass;1
C1 Vokabelliste;"Gefahr; Risiko";hazard — Ice on the path can be a serious hazard for cyclists.;"Gefahr; Risiko";hazard — Ice on the path can be a serious hazard for cyclists.;hazard — Ice on the path can be a serious hazard for cyclists.;"Gefahr; Risiko";1
C1 Vokabelliste;"verstärken; erhöhen";heighten — Extreme heat can heighten the risk of forest fires.;"verstärken; erhöhen";heighten — Extreme heat can heighten the risk of forest fires.;heighten — Extreme heat can heighten the risk of forest fires.;"verstärken; erhöhen";1
C1 Vokabelliste;Hierarchie;hierarchy — The organisation has a relatively flat hierarchy.;Hierarchie;hierarchy — The organisation has a relatively flat hierarchy.;hierarchy — The organisation has a relatively flat hierarchy.;Hierarchie;1
C1 Vokabelliste;Heimatland;homeland — Many people feel a strong connection to their homeland.;Heimatland;homeland — Many people feel a strong connection to their homeland.;homeland — Many people feel a strong connection to their homeland.;Heimatland;1
C1 Vokabelliste;feindselig;hostile — The plants cannot survive in such a hostile environment.;feindselig;hostile — The plants cannot survive in such a hostile environment.;hostile — The plants cannot survive in such a hostile environment.;feindselig;1
C1 Vokabelliste;humanitär;humanitarian — The country sent humanitarian aid after the earthquake.;humanitär;humanitarian — The country sent humanitarian aid after the earthquake.;humanitarian — The country sent humanitarian aid after the earthquake.;humanitär;1
C1 Vokabelliste;"Identifizierung; Feststellung der Identität";identification — Accurate identification of species is essential for biodiversity surveys.;"Identifizierung; Feststellung der Identität";identification — Accurate identification of species is essential for biodiversity surveys.;identification — Accurate identification of species is essential for biodiversity surveys.;"Identifizierung; Feststellung der Identität";1
C1 Vokabelliste;ideologisch;ideological — The debate became increasingly ideological rather than evidence-based.;ideologisch;ideological — The debate became increasingly ideological rather than evidence-based.;ideological — The debate became increasingly ideological rather than evidence-based.;ideologisch;1
C1 Vokabelliste;Ideologie;ideology — Energy policy is often shaped by both economics and ideology.;Ideologie;ideology — Energy policy is often shaped by both economics and ideology.;ideology — Energy policy is often shaped by both economics and ideology.;Ideologie;1
C1 Vokabelliste;Idiot/in;idiot — Calling someone an idiot does nothing to improve the discussion.;Idiot/in;idiot — Calling someone an idiot does nothing to improve the discussion.;idiot — Calling someone an idiot does nothing to improve the discussion.;Idiot/in;1
C1 Vokabelliste;Unwissenheit;ignorance — Many misconceptions arise from ignorance of how the power grid works.;Unwissenheit;ignorance — Many misconceptions arise from ignorance of how the power grid works.;ignorance — Many misconceptions arise from ignorance of how the power grid works.;Unwissenheit;1
C1 Vokabelliste;"Bildsprache; Bildwelt";imagery — The campaign used powerful imagery of forests and coastlines.;"Bildsprache; Bildwelt";imagery — The campaign used powerful imagery of forests and coastlines.;imagery — The campaign used powerful imagery of forests and coastlines.;"Bildsprache; Bildwelt";1
C1 Vokabelliste;"immens; enorm";immense — Building a new transmission grid is an immense challenge.;"immens; enorm";immense — Building a new transmission grid is an immense challenge.;immense — Building a new transmission grid is an immense challenge.;"immens; enorm";1
C1 Vokabelliste;unmittelbar bevorstehend;imminent — The warning indicated that a storm was imminent.;unmittelbar bevorstehend;imminent — The warning indicated that a storm was imminent.;imminent — The warning indicated that a storm was imminent.;unmittelbar bevorstehend;1
C1 Vokabelliste;"Umsetzung; Implementierung";implementation — Successful implementation requires clear responsibilities and deadlines.;"Umsetzung; Implementierung";implementation — Successful implementation requires clear responsibilities and deadlines.;implementation — Successful implementation requires clear responsibilities and deadlines.;"Umsetzung; Implementierung";1
C1 Vokabelliste;inhaftieren;imprison — The court can imprison offenders for serious environmental crimes.;inhaftieren;imprison — The court can imprison offenders for serious environmental crimes.;imprison — The court can imprison offenders for serious environmental crimes.;inhaftieren;1
C1 Vokabelliste;Unfähigkeit;inability — The inability to store large amounts of electricity remains a challenge.;Unfähigkeit;inability — The inability to store large amounts of electricity remains a challenge.;inability — The inability to store large amounts of electricity remains a challenge.;Unfähigkeit;1
C1 Vokabelliste;"unzureichend; unangemessen";inadequate — The existing grid infrastructure is inadequate for the expected demand.;"unzureichend; unangemessen";inadequate — The existing grid infrastructure is inadequate for the expected demand.;inadequate — The existing grid infrastructure is inadequate for the expected demand.;"unzureichend; unangemessen";1
C1 Vokabelliste;unangemessen;inappropriate — It would be inappropriate to publish personal information without consent.;unangemessen;inappropriate — It would be inappropriate to publish personal information without consent.;inappropriate — It would be inappropriate to publish personal information without consent.;unangemessen;1
C1 Vokabelliste;"Häufigkeit; Auftreten";incidence — The study examined the incidence of heat-related illness.;"Häufigkeit; Auftreten";incidence — The study examined the incidence of heat-related illness.;incidence — The study examined the incidence of heat-related illness.;"Häufigkeit; Auftreten";1
C1 Vokabelliste;"geneigt; dazu neigend";inclined — I am inclined to trust the measured data rather than the initial estimate.;"geneigt; dazu neigend";inclined — I am inclined to trust the measured data rather than the initial estimate.;inclined — I am inclined to trust the measured data rather than the initial estimate.;"geneigt; dazu neigend";1
C1 Vokabelliste;Einbeziehung;inclusion — The inclusion of weather data improved the model considerably.;Einbeziehung;inclusion — The inclusion of weather data improved the model considerably.;inclusion — The inclusion of weather data improved the model considerably.;Einbeziehung;1
C1 Vokabelliste;"sich zuziehen; entstehen lassen";incur — Delays can incur substantial additional costs.;"sich zuziehen; entstehen lassen";incur — Delays can incur substantial additional costs.;incur — Delays can incur substantial additional costs.;"sich zuziehen; entstehen lassen";1
C1 Vokabelliste;"Indikator; Anzeichen";indicator — Frequency is an important indicator of balance in the power system.;"Indikator; Anzeichen";indicator — Frequency is an important indicator of balance in the power system.;indicator — Frequency is an important indicator of balance in the power system.;"Indikator; Anzeichen";1
C1 Vokabelliste;bewohnen;inhabit — Several rare bird species inhabit the wetland.;bewohnen;inhabit — Several rare bird species inhabit the wetland.;inhabit — Several rare bird species inhabit the wetland.;bewohnen;1
C1 Vokabelliste;"inhärent; wesentlich";inherent — Forecasting contains an inherent degree of uncertainty.;"inhärent; wesentlich";inherent — Forecasting contains an inherent degree of uncertainty.;inherent — Forecasting contains an inherent degree of uncertainty.;"inhärent; wesentlich";1
C1 Vokabelliste;einleiten;initiate — The operator initiated an emergency procedure after the alarm.;einleiten;initiate — The operator initiated an emergency procedure after the alarm.;initiate — The operator initiated an emergency procedure after the alarm.;einleiten;1
C1 Vokabelliste;Injektion;injection — The grid can absorb a sudden injection of solar power at midday.;Injektion;injection — The grid can absorb a sudden injection of solar power at midday.;injection — The grid can absorb a sudden injection of solar power at midday.;Injektion;1
C1 Vokabelliste;"Inspektion; Prüfung";inspection — A routine inspection revealed corrosion on the structure.;"Inspektion; Prüfung";inspection — A routine inspection revealed corrosion on the structure.;inspection — A routine inspection revealed corrosion on the structure.;"Inspektion; Prüfung";1
C1 Vokabelliste;Instinkt;instinct — My first instinct was to check the raw data again.;Instinkt;instinct — My first instinct was to check the raw data again.;instinct — My first instinct was to check the raw data again.;Instinkt;1
C1 Vokabelliste;institutionell;institutional — Institutional support can determine whether a project succeeds.;institutionell;institutional — Institutional support can determine whether a project succeeds.;institutional — Institutional support can determine whether a project succeeds.;institutionell;1
C1 Vokabelliste;unzureichend;insufficient — The available evidence is insufficient to support that conclusion.;unzureichend;insufficient — The available evidence is insufficient to support that conclusion.;insufficient — The available evidence is insufficient to support that conclusion.;unzureichend;1
C1 Vokabelliste;"Integrität; Unversehrtheit";integrity — Researchers must protect the integrity of their data.;"Integrität; Unversehrtheit";integrity — Researchers must protect the integrity of their data.;integrity — Researchers must protect the integrity of their data.;"Integrität; Unversehrtheit";1
C1 Vokabelliste;Intellektuelle/r;intellectual — The conference attracted several leading intellectuals.;Intellektuelle/r;intellectual — The conference attracted several leading intellectuals.;intellectual — The conference attracted several leading intellectuals.;Intellektuelle/r;1
C1 Vokabelliste;Intensität;intensity — The intensity of the storm increased overnight.;Intensität;intensity — The intensity of the storm increased overnight.;intensity — The intensity of the storm increased overnight.;Intensität;1
C1 Vokabelliste;"eingreifen; sich einmischen";interfere — Nearby buildings can interfere with the radio signal.;"eingreifen; sich einmischen";interfere — Nearby buildings can interfere with the radio signal.;interfere — Nearby buildings can interfere with the radio signal.;"eingreifen; sich einmischen";1
C1 Vokabelliste;"Einmischung; Störung";interference — Electrical interference distorted the sensor readings.;"Einmischung; Störung";interference — Electrical interference distorted the sensor readings.;interference — Electrical interference distorted the sensor readings.;"Einmischung; Störung";1
C1 Vokabelliste;"Eingriff; Intervention";intervention — Early intervention prevented the technical fault from becoming more serious.;"Eingriff; Intervention";intervention — Early intervention prevented the technical fault from becoming more serious.;intervention — Early intervention prevented the technical fault from becoming more serious.;"Eingriff; Intervention";1
C1 Vokabelliste;"faszinierend; rätselhaft";intriguing — The unexpected pattern in the data was particularly intriguing.;"faszinierend; rätselhaft";intriguing — The unexpected pattern in the data was particularly intriguing.;intriguing — The unexpected pattern in the data was particularly intriguing.;"faszinierend; rätselhaft";1
C1 Vokabelliste;Ermittler;investigator — The investigator examined the cause of the industrial accident.;Ermittler;investigator — The investigator examined the cause of the industrial accident.;investigator — The investigator examined the cause of the industrial accident.;Ermittler;1
C1 Vokabelliste;Beteiligung;involvement — Local involvement improved public acceptance of the project.;Beteiligung;involvement — Local involvement improved public acceptance of the project.;involvement — Local involvement improved public acceptance of the project.;Beteiligung;1
C1 Vokabelliste;"richterlich; Justiz-";judicial — The decision is subject to judicial review.;"richterlich; Justiz-";judicial — The decision is subject to judicial review.;judicial — The decision is subject to judicial review.;"richterlich; Justiz-";1
C1 Vokabelliste;"Zuständigkeit; Gerichtsbarkeit";jurisdiction — The issue falls under the jurisdiction of the regional authority.;"Zuständigkeit; Gerichtsbarkeit";jurisdiction — The issue falls under the jurisdiction of the regional authority.;jurisdiction — The issue falls under the jurisdiction of the regional authority.;"Zuständigkeit; Gerichtsbarkeit";1
C1 Vokabelliste;Gesetzgebung;legislation — New legislation sets stricter standards for building efficiency.;Gesetzgebung;legislation — New legislation sets stricter standards for building efficiency.;legislation — New legislation sets stricter standards for building efficiency.;Gesetzgebung;1
C1 Vokabelliste;"legitim; berechtigt";legitimate — Residents have legitimate concerns about noise and landscape impacts.;"legitim; berechtigt";legitimate — Residents have legitimate concerns about noise and landscape impacts.;legitimate — Residents have legitimate concerns about noise and landscape impacts.;"legitim; berechtigt";1
C1 Vokabelliste;Befreiung;liberation — The anniversary commemorates the liberation of the city.;Befreiung;liberation — The anniversary commemorates the liberation of the city.;liberation — The anniversary commemorates the liberation of the city.;Befreiung;1
C1 Vokabelliste;Freiheit;liberty — Freedom of expression is a fundamental civil liberty.;Freiheit;liberty — Freedom of expression is a fundamental civil liberty.;liberty — Freedom of expression is a fundamental civil liberty.;Freiheit;1
C1 Vokabelliste;Wahrscheinlichkeit;likelihood — The likelihood of a blackout remains very low.;Wahrscheinlichkeit;likelihood — The likelihood of a blackout remains very low.;likelihood — The likelihood of a blackout remains very low.;Wahrscheinlichkeit;1
C1 Vokabelliste;Gliedmaße;limb — The injured hiker could barely move his left limb.;Gliedmaße;limb — The injured hiker could barely move his left limb.;limb — The injured hiker could barely move his left limb.;Gliedmaße;1
C1 Vokabelliste;linear;linear — The relationship between temperature and output is not always linear.;linear;linear — The relationship between temperature and output is not always linear.;linear — The relationship between temperature and output is not always linear.;linear;1
C1 Vokabelliste;Lese- und Schreibfähigkeit;literacy — Digital literacy is increasingly important in technical professions.;Lese- und Schreibfähigkeit;literacy — Digital literacy is increasingly important in technical professions.;literacy — Digital literacy is increasingly important in technical professions.;Lese- und Schreibfähigkeit;1
C1 Vokabelliste;"Lobby; Lobbyarbeit betreiben";lobby — Industry groups lobby the government on energy policy.;"Lobby; Lobbyarbeit betreiben";lobby — Industry groups lobby the government on energy policy.;lobby — Industry groups lobby the government on energy policy.;"Lobby; Lobbyarbeit betreiben";1
C1 Vokabelliste;"Maschinen; Maschinerie";machinery — Heavy machinery was used to install the foundations.;"Maschinen; Maschinerie";machinery — Heavy machinery was used to install the foundations.;machinery — Heavy machinery was used to install the foundations.;"Maschinen; Maschinerie";1
C1 Vokabelliste;"Ausmaß; Größenordnung";magnitude — The magnitude of the price increase surprised analysts.;"Ausmaß; Größenordnung";magnitude — The magnitude of the price increase surprised analysts.;magnitude — The magnitude of the price increase surprised analysts.;"Ausmaß; Größenordnung";1
C1 Vokabelliste;Festland;mainland — The island is connected to the mainland by an undersea cable.;Festland;mainland — The island is connected to the mainland by an undersea cable.;mainland — The island is connected to the mainland by an undersea cable.;Festland;1
C1 Vokabelliste;"Mainstream; vorherrschend";mainstream — Electric vehicles have gradually moved into the mainstream.;"Mainstream; vorherrschend";mainstream — Electric vehicles have gradually moved into the mainstream.;mainstream — Electric vehicles have gradually moved into the mainstream.;"Mainstream; vorherrschend";1
C1 Vokabelliste;Instandhaltung;maintenance — Regular maintenance extends the lifetime of wind turbines.;Instandhaltung;maintenance — Regular maintenance extends the lifetime of wind turbines.;maintenance — Regular maintenance extends the lifetime of wind turbines.;Instandhaltung;1
C1 Vokabelliste;manipulieren;manipulate — A misleading chart can manipulate the viewer's impression of the data.;manipulieren;manipulate — A misleading chart can manipulate the viewer's impression of the data.;manipulate — A misleading chart can manipulate the viewer's impression of the data.;manipulieren;1
C1 Vokabelliste;Manuskript;manuscript — The researcher submitted the final manuscript to the journal.;Manuskript;manuscript — The researcher submitted the final manuscript to the journal.;manuscript — The researcher submitted the final manuscript to the journal.;Manuskript;1
C1 Vokabelliste;"geringfügig; randständig";marginal — The change produced only a marginal improvement in efficiency.;"geringfügig; randständig";marginal — The change produced only a marginal improvement in efficiency.;marginal — The change produced only a marginal improvement in efficiency.;"geringfügig; randständig";1
C1 Vokabelliste;"Marktplatz; Markt";marketplace — The digital marketplace connects electricity producers and buyers.;"Marktplatz; Markt";marketplace — The digital marketplace connects electricity producers and buyers.;marketplace — The digital marketplace connects electricity producers and buyers.;"Marktplatz; Markt";1
C1 Vokabelliste;"reif; reifen";mature — Battery technology has matured considerably over the past decade.;"reif; reifen";mature — Battery technology has matured considerably over the past decade.;mature — Battery technology has matured considerably over the past decade.;"reif; reifen";1
C1 Vokabelliste;bedeutungsvoll;meaningful — The dashboard should present data in a meaningful way.;bedeutungsvoll;meaningful — The dashboard should present data in a meaningful way.;meaningful — The dashboard should present data in a meaningful way.;bedeutungsvoll;1
C1 Vokabelliste;"verschmelzen; fusionieren";merge — The two datasets were merged using a common timestamp.;"verschmelzen; fusionieren";merge — The two datasets were merged using a common timestamp.;merge — The two datasets were merged using a common timestamp.;"verschmelzen; fusionieren";1
C1 Vokabelliste;Methodik;methodology — The methodology is described in detail in the appendix.;Methodik;methodology — The methodology is described in detail in the appendix.;methodology — The methodology is described in detail in the appendix.;Methodik;1
C1 Vokabelliste;"militant; Aktivist";militant — A militant group claimed responsibility for the attack.;"militant; Aktivist";militant — A militant group claimed responsibility for the attack.;militant — A militant group claimed responsibility for the attack.;"militant; Aktivist";1
C1 Vokabelliste;Wunder;miracle — There is no single technological miracle that will solve climate change.;Wunder;miracle — There is no single technological miracle that will solve climate change.;miracle — There is no single technological miracle that will solve climate change.;Wunder;1
C1 Vokabelliste;"Änderung; Modifikation";modification — A small modification improved the accuracy of the model.;"Änderung; Modifikation";modification — A small modification improved the accuracy of the model.;modification — A small modification improved the accuracy of the model.;"Änderung; Modifikation";1
C1 Vokabelliste;"Dynamik; Schwung";momentum — The energy transition has gained significant momentum in recent years.;"Dynamik; Schwung";momentum — The energy transition has gained significant momentum in recent years.;momentum — The energy transition has gained significant momentum in recent years.;"Dynamik; Schwung";1
C1 Vokabelliste;"kommunal; städtisch";municipal — The municipal utility operates the local electricity network.;"kommunal; städtisch";municipal — The municipal utility operates the local electricity network.;municipal — The municipal utility operates the local electricity network.;"kommunal; städtisch";1
C1 Vokabelliste;gegenseitig;mutual — The agreement is based on mutual trust and shared interests.;gegenseitig;mutual — The agreement is based on mutual trust and shared interests.;mutual — The agreement is based on mutual trust and shared interests.;gegenseitig;1
C1 Vokabelliste;"vernachlässigen; Vernachlässigung";neglect — Neglect of basic maintenance can lead to expensive failures.;"vernachlässigen; Vernachlässigung";neglect — Neglect of basic maintenance can lead to expensive failures.;neglect — Neglect of basic maintenance can lead to expensive failures.;"vernachlässigen; Vernachlässigung";1
C1 Vokabelliste;Nische;niche — The technology began as a niche product but is now widely used.;Nische;niche — The technology began as a niche product but is now widely used.;niche — The technology began as a niche product but is now widely used.;Nische;1
C1 Vokabelliste;nominieren;nominate — The committee nominated her for the research award.;nominieren;nominate — The committee nominated her for the research award.;nominate — The committee nominated her for the research award.;nominieren;1
C1 Vokabelliste;Nominierung;nomination — Her nomination was supported by several colleagues.;Nominierung;nomination — Her nomination was supported by several colleagues.;nomination — Her nomination was supported by several colleagues.;Nominierung;1
C1 Vokabelliste;dennoch;"nonetheless — The project was expensive; nonetheless, it delivered clear benefits.";dennoch;"nonetheless — The project was expensive; nonetheless, it delivered clear benefits.";"nonetheless — The project was expensive; nonetheless, it delivered clear benefits.";dennoch;1
C1 Vokabelliste;berüchtigt;notorious — The road is notorious for heavy traffic during rush hour.;berüchtigt;notorious — The road is notorious for heavy traffic during rush hour.;notorious — The road is notorious for heavy traffic during rush hour.;berüchtigt;1
C1 Vokabelliste;"neuartig; neu";novel — The team developed a novel method for forecasting solar output.;"neuartig; neu";novel — The team developed a novel method for forecasting solar output.;novel — The team developed a novel method for forecasting solar output.;"neuartig; neu";1
C1 Vokabelliste;Einwand;objection — Several residents raised an objection to the proposed route.;Einwand;objection — Several residents raised an objection to the proposed route.;objection — Several residents raised an objection to the proposed route.;Einwand;1
C1 Vokabelliste;"verpflichten; zwingen";oblige — The contract obliges the operator to publish annual emissions data.;"verpflichten; zwingen";oblige — The contract obliges the operator to publish annual emissions data.;oblige — The contract obliges the operator to publish annual emissions data.;"verpflichten; zwingen";1
C1 Vokabelliste;"zwanghaft beschäftigen; besessen machen";obsess — It is easy to obsess over small errors and lose sight of the main result.;"zwanghaft beschäftigen; besessen machen";obsess — It is easy to obsess over small errors and lose sight of the main result.;obsess — It is easy to obsess over small errors and lose sight of the main result.;"zwanghaft beschäftigen; besessen machen";1
C1 Vokabelliste;"Besessenheit; Obsession";obsession — His obsession with perfect accuracy slowed the project down.;"Besessenheit; Obsession";obsession — His obsession with perfect accuracy slowed the project down.;obsession — His obsession with perfect accuracy slowed the project down.;"Besessenheit; Obsession";1
C1 Vokabelliste;gelegentlich;occasional — The system can tolerate occasional short interruptions.;gelegentlich;occasional — The system can tolerate occasional short interruptions.;occasional — The system can tolerate occasional short interruptions.;gelegentlich;1
C1 Vokabelliste;"Vorkommen; Ereignis";occurrence — The occurrence of extreme weather events is being monitored closely.;"Vorkommen; Ereignis";occurrence — The occurrence of extreme weather events is being monitored closely.;occurrence — The occurrence of extreme weather events is being monitored closely.;"Vorkommen; Ereignis";1
C1 Vokabelliste;"Chancen; Wahrscheinlichkeit";odds — The odds of reaching the target improve when several measures are combined.;"Chancen; Wahrscheinlichkeit";odds — The odds of reaching the target improve when several measures are combined.;odds — The odds of reaching the target improve when several measures are combined.;"Chancen; Wahrscheinlichkeit";1
C1 Vokabelliste;"Angebot; Darbietung";offering — The university expanded its offering of courses on energy and climate.;"Angebot; Darbietung";offering — The university expanded its offering of courses on energy and climate.;offering — The university expanded its offering of courses on energy and climate.;"Angebot; Darbietung";1
C1 Vokabelliste;"Nachwuchs; Nachkommen";offspring — Many animals protect their offspring until they can survive independently.;"Nachwuchs; Nachkommen";offspring — Many animals protect their offspring until they can survive independently.;offspring — Many animals protect their offspring until they can survive independently.;"Nachwuchs; Nachkommen";1
C1 Vokabelliste;"betriebsbereit; operativ";operational — The new substation is expected to become operational next month.;"betriebsbereit; operativ";operational — The new substation is expected to become operational next month.;operational — The new substation is expected to become operational next month.;"betriebsbereit; operativ";1
C1 Vokabelliste;optisch;optical — The sensor uses an optical signal to measure distance.;optisch;optical — The sensor uses an optical signal to measure distance.;optical — The sensor uses an optical signal to measure distance.;optisch;1
C1 Vokabelliste;Ausbruch;outbreak — The outbreak forced several public events to be cancelled.;Ausbruch;outbreak — The outbreak forced several public events to be cancelled.;outbreak — The outbreak forced several public events to be cancelled.;Ausbruch;1
C1 Vokabelliste;"Ausblick; Einstellung";outlook — The long-term outlook for offshore wind remains positive.;"Ausblick; Einstellung";outlook — The long-term outlook for offshore wind remains positive.;outlook — The long-term outlook for offshore wind remains positive.;"Ausblick; Einstellung";1
C1 Vokabelliste;überwältigen;overwhelm — Too much information can overwhelm users of a dashboard.;überwältigen;overwhelm — Too much information can overwhelm users of a dashboard.;overwhelm — Too much information can overwhelm users of a dashboard.;überwältigen;1
C1 Vokabelliste;"Block; Polster; Unterlage";pad — A rubber pad reduces vibration beneath the machine.;"Block; Polster; Unterlage";pad — A rubber pad reduces vibration beneath the machine.;pad — A rubber pad reduces vibration beneath the machine.;"Block; Polster; Unterlage";1
C1 Vokabelliste;Parameter;parameter — Wind speed is an important parameter in the model.;Parameter;parameter — Wind speed is an important parameter in the model.;parameter — Wind speed is an important parameter in the model.;Parameter;1
C1 Vokabelliste;elterlich;parental — The study examined the influence of parental support on education.;elterlich;parental — The study examined the influence of parental support on education.;parental — The study examined the influence of parental support on education.;elterlich;1
C1 Vokabelliste;"Pfarrei; Kirchengemeinde";parish — The old church remains at the centre of the local parish.;"Pfarrei; Kirchengemeinde";parish — The old church remains at the centre of the local parish.;parish — The old church remains at the centre of the local parish.;"Pfarrei; Kirchengemeinde";1
C1 Vokabelliste;parlamentarisch;parliamentary — The proposal will be discussed during a parliamentary debate.;parlamentarisch;parliamentary — The proposal will be discussed during a parliamentary debate.;parliamentary — The proposal will be discussed during a parliamentary debate.;parlamentarisch;1
C1 Vokabelliste;teilweise;partially — The battery was only partially charged when the journey began.;teilweise;partially — The battery was only partially charged when the journey began.;partially — The battery was only partially charged when the journey began.;teilweise;1
C1 Vokabelliste;passiv;passive — A passive cooling system reduces the need for air conditioning.;passiv;passive — A passive cooling system reduces the need for air conditioning.;passive — A passive cooling system reduces the need for air conditioning.;passiv;1
C1 Vokabelliste;Pastor;pastor — The pastor spoke at the community gathering.;Pastor;pastor — The pastor spoke at the community gathering.;pastor — The pastor spoke at the community gathering.;Pastor;1
C1 Vokabelliste;"Weg; Entwicklungspfad";pathway — The report outlines a possible pathway to climate neutrality.;"Weg; Entwicklungspfad";pathway — The report outlines a possible pathway to climate neutrality.;pathway — The report outlines a possible pathway to climate neutrality.;"Weg; Entwicklungspfad";1
C1 Vokabelliste;"Höhepunkt; Höchststand";peak — Electricity demand often reaches a peak in the early evening.;"Höhepunkt; Höchststand";peak — Electricity demand often reaches a peak in the early evening.;peak — Electricity demand often reaches a peak in the early evening.;"Höhepunkt; Höchststand";1
C1 Vokabelliste;"andauern; beharren";persist — The error persisted even after the software was restarted.;"andauern; beharren";persist — The error persisted even after the software was restarted.;persist — The error persisted even after the software was restarted.;"andauern; beharren";1
C1 Vokabelliste;"Petition; Bittschrift";petition — Residents launched a petition against the planned road expansion.;"Petition; Bittschrift";petition — Residents launched a petition against the planned road expansion.;petition — Residents launched a petition against the planned road expansion.;"Petition; Bittschrift";1
C1 Vokabelliste;Arzt;physician — The physician advised him to rest for several days.;Arzt;physician — The physician advised him to rest for several days.;physician — The physician advised him to rest for several days.;Arzt;1
C1 Vokabelliste;"Pionier/in; Wegbereiter/in";pioneer — She was a pioneer in the field of renewable-energy research.;"Pionier/in; Wegbereiter/in";pioneer — She was a pioneer in the field of renewable-energy research.;pioneer — She was a pioneer in the field of renewable-energy research.;"Pionier/in; Wegbereiter/in";1
C1 Vokabelliste;"Bitte; Plädoyer";plea — The mayor made a plea for greater cooperation.;"Bitte; Plädoyer";plea — The mayor made a plea for greater cooperation.;plea — The mayor made a plea for greater cooperation.;"Bitte; Plädoyer";1
C1 Vokabelliste;"Versprechen; sich verpflichten";pledge — The company pledged to cut its emissions by half.;"Versprechen; sich verpflichten";pledge — The company pledged to cut its emissions by half.;pledge — The company pledged to cut its emissions by half.;"Versprechen; sich verpflichten";1
C1 Vokabelliste;"stürzen; abstürzen; stark fallen";plunge — Electricity prices plunged after a period of strong wind.;"stürzen; abstürzen; stark fallen";plunge — Electricity prices plunged after a period of strong wind.;plunge — Electricity prices plunged after a period of strong wind.;"stürzen; abstürzen; stark fallen";1
C1 Vokabelliste;Portfolio;portfolio — Her portfolio includes several data-visualization projects.;Portfolio;portfolio — Her portfolio includes several data-visualization projects.;portfolio — Her portfolio includes several data-visualization projects.;Portfolio;1
C1 Vokabelliste;"Praktiker; Fachkraft";practitioner — The course is designed for both researchers and industry practitioners.;"Praktiker; Fachkraft";practitioner — The course is designed for both researchers and industry practitioners.;practitioner — The course is designed for both researchers and industry practitioners.;"Praktiker; Fachkraft";1
C1 Vokabelliste;Präzedenzfall;precedent — The court ruling could set an important precedent.;Präzedenzfall;precedent — The court ruling could set an important precedent.;precedent — The court ruling could set an important precedent.;Präzedenzfall;1
C1 Vokabelliste;Präzision;precision — The measurement requires a high degree of precision.;Präzision;precision — The measurement requires a high degree of precision.;precision — The measurement requires a high degree of precision.;Präzision;1
C1 Vokabelliste;überwiegend;predominantly — The region's electricity is generated predominantly from wind power.;überwiegend;predominantly — The region's electricity is generated predominantly from wind power.;predominantly — The region's electricity is generated predominantly from wind power.;überwiegend;1
C1 Vokabelliste;"Prämisse; Voraussetzung";premise — The analysis is based on the premise that demand remains stable.;"Prämisse; Voraussetzung";premise — The analysis is based on the premise that demand remains stable.;premise — The analysis is based on the premise that demand remains stable.;"Prämisse; Voraussetzung";1
C1 Vokabelliste;"Aufpreis; Prämie";premium — Customers may pay a premium for electricity from certified renewable sources.;"Aufpreis; Prämie";premium — Customers may pay a premium for electricity from certified renewable sources.;premium — Customers may pay a premium for electricity from certified renewable sources.;"Aufpreis; Prämie";1
C1 Vokabelliste;"Rezept; Vorschrift";prescription — The doctor issued a prescription for the medication.;"Rezept; Vorschrift";prescription — The doctor issued a prescription for the medication.;prescription — The doctor issued a prescription for the medication.;"Rezept; Vorschrift";1
C1 Vokabelliste;"annehmen; vermuten";presume — We should not presume that all users understand the technical terms.;"annehmen; vermuten";presume — We should not presume that all users understand the technical terms.;presume — We should not presume that all users understand the technical terms.;"annehmen; vermuten";1
C1 Vokabelliste;"Verbreitung; Häufigkeit";prevalence — The study measures the prevalence of respiratory disease in the region.;"Verbreitung; Häufigkeit";prevalence — The study measures the prevalence of respiratory disease in the region.;prevalence — The study measures the prevalence of respiratory disease in the region.;"Verbreitung; Häufigkeit";1
C1 Vokabelliste;Beute;prey — Foxes hunt small mammals as prey.;Beute;prey — Foxes hunt small mammals as prey.;prey — Foxes hunt small mammals as prey.;Beute;1
C1 Vokabelliste;Privileg;privilege — Access to reliable electricity should not be treated as a privilege.;Privileg;privilege — Access to reliable electricity should not be treated as a privilege.;privilege — Access to reliable electricity should not be treated as a privilege.;Privileg;1
C1 Vokabelliste;"Untersuchung; untersuchen";probe — The regulator launched a probe into possible market manipulation.;"Untersuchung; untersuchen";probe — The regulator launched a probe into possible market manipulation.;probe — The regulator launched a probe into possible market manipulation.;"Untersuchung; untersuchen";1
C1 Vokabelliste;verkünden;proclaim — The government proclaimed the new area a national park.;verkünden;proclaim — The government proclaimed the new area a national park.;proclaim — The government proclaimed the new area a national park.;verkünden;1
C1 Vokabelliste;tiefgreifend;profound — The energy crisis had a profound effect on public policy.;tiefgreifend;profound — The energy crisis had a profound effect on public policy.;profound — The energy crisis had a profound effect on public policy.;tiefgreifend;1
C1 Vokabelliste;"bedeutend; prominent";prominent — Wind power plays a prominent role in the regional energy mix.;"bedeutend; prominent";prominent — Wind power plays a prominent role in the regional energy mix.;prominent — Wind power plays a prominent role in the regional energy mix.;"bedeutend; prominent";1
C1 Vokabelliste;Propaganda;propaganda — The documentary examines how propaganda shaped public opinion.;Propaganda;propaganda — The documentary examines how propaganda shaped public opinion.;propaganda — The documentary examines how propaganda shaped public opinion.;Propaganda;1
C1 Vokabelliste;strafrechtlich verfolgen;prosecute — Authorities may prosecute companies that deliberately violate environmental law.;strafrechtlich verfolgen;prosecute — Authorities may prosecute companies that deliberately violate environmental law.;prosecute — Authorities may prosecute companies that deliberately violate environmental law.;strafrechtlich verfolgen;1
C1 Vokabelliste;Staatsanwalt;prosecutor — The prosecutor presented new evidence to the court.;Staatsanwalt;prosecutor — The prosecutor presented new evidence to the court.;prosecutor — The prosecutor presented new evidence to the court.;Staatsanwalt;1
C1 Vokabelliste;"potenziell; zukünftig";prospective — Prospective students can attend an online information session.;"potenziell; zukünftig";prospective — Prospective students can attend an online information session.;prospective — Prospective students can attend an online information session.;"potenziell; zukünftig";1
C1 Vokabelliste;"Provinz; Bereich";province — Renewable energy is largely the province of regional planners in this context.;"Provinz; Bereich";province — Renewable energy is largely the province of regional planners in this context.;province — Renewable energy is largely the province of regional planners in this context.;"Provinz; Bereich";1
C1 Vokabelliste;"provozieren; hervorrufen";provoke — The sudden price increase provoked strong public criticism.;"provozieren; hervorrufen";provoke — The sudden price increase provoked strong public criticism.;provoke — The sudden price increase provoked strong public criticism.;"provozieren; hervorrufen";1
C1 Vokabelliste;"Puls; Impuls";pulse — The sensor sends a short pulse every second.;"Puls; Impuls";pulse — The sensor sends a short pulse every second.;pulse — The sensor sends a short pulse every second.;"Puls; Impuls";1
C1 Vokabelliste;Radar;radar — Weather radar can track approaching storm systems.;Radar;radar — Weather radar can track approaching storm systems.;radar — Weather radar can track approaching storm systems.;Radar;1
C1 Vokabelliste;radikal;radical — The proposal would require a radical redesign of the electricity market.;radikal;radical — The proposal would require a radical redesign of the electricity market.;radical — The proposal would require a radical redesign of the electricity market.;radikal;1
C1 Vokabelliste;"Wut; Zorn";rage — Residents expressed their rage over the unexpected closure.;"Wut; Zorn";rage — Residents expressed their rage over the unexpected closure.;rage — Residents expressed their rage over the unexpected closure.;"Wut; Zorn";1
C1 Vokabelliste;"Razzia; Überfall; überfallen";raid — Police carried out a raid on the company's offices.;"Razzia; Überfall; überfallen";raid — Police carried out a raid on the company's offices.;raid — Police carried out a raid on the company's offices.;"Razzia; Überfall; überfallen";1
C1 Vokabelliste;"Kundgebung; sich erholen";rally — Energy shares rallied after the policy announcement.;"Kundgebung; sich erholen";rally — Energy shares rallied after the policy announcement.;rally — Energy shares rallied after the policy announcement.;"Kundgebung; sich erholen";1
C1 Vokabelliste;"Rangliste; Einstufung";ranking — The university improved its position in the international ranking.;"Rangliste; Einstufung";ranking — The university improved its position in the international ranking.;ranking — The university improved its position in the international ranking.;"Rangliste; Einstufung";1
C1 Vokabelliste;"Verhältnis; Quote";ratio — The ratio of renewable to fossil generation has increased.;"Verhältnis; Quote";ratio — The ratio of renewable to fossil generation has increased.;ratio — The ratio of renewable to fossil generation has increased.;"Verhältnis; Quote";1
C1 Vokabelliste;"rational; vernünftig";rational — A rational decision should be based on evidence rather than fear.;"rational; vernünftig";rational — A rational decision should be based on evidence rather than fear.;rational — A rational decision should be based on evidence rather than fear.;"rational; vernünftig";1
C1 Vokabelliste;"Erkenntnis; Verwirklichung";realization — The realization that the data were incomplete changed the entire analysis.;"Erkenntnis; Verwirklichung";realization — The realization that the data were incomplete changed the entire analysis.;realization — The realization that the data were incomplete changed the entire analysis.;"Erkenntnis; Verwirklichung";1
C1 Vokabelliste;"Bereich; Reich";realm — Cybersecurity has become an important realm of grid operation.;"Bereich; Reich";realm — Cybersecurity has become an important realm of grid operation.;realm — Cybersecurity has become an important realm of grid operation.;"Bereich; Reich";1
C1 Vokabelliste;"Argumentation; Schlussfolgerung";reasoning — Her reasoning was clear and supported by the evidence.;"Argumentation; Schlussfolgerung";reasoning — Her reasoning was clear and supported by the evidence.;reasoning — Her reasoning was clear and supported by the evidence.;"Argumentation; Schlussfolgerung";1
C1 Vokabelliste;"Rebell/in; Aufständische/r";rebel — The rebel group rejected the proposed ceasefire.;"Rebell/in; Aufständische/r";rebel — The rebel group rejected the proposed ceasefire.;rebel — The rebel group rejected the proposed ceasefire.;"Rebell/in; Aufständische/r";1
C1 Vokabelliste;Empfänger;recipient — Each recipient received a confirmation email.;Empfänger;recipient — Each recipient received a confirmation email.;recipient — Each recipient received a confirmation email.;Empfänger;1
C1 Vokabelliste;Wiederaufbau;reconstruction — The reconstruction of the bridge took more than two years.;Wiederaufbau;reconstruction — The reconstruction of the bridge took more than two years.;reconstruction — The reconstruction of the bridge took more than two years.;Wiederaufbau;1
C1 Vokabelliste;"Reflexion; Spiegelbild";reflection — The calm lake produced a clear reflection of the mountains.;"Reflexion; Spiegelbild";reflection — The calm lake produced a clear reflection of the mountains.;reflection — The calm lake produced a clear reflection of the mountains.;"Reflexion; Spiegelbild";1
C1 Vokabelliste;Zuflucht;refuge — The forest provides refuge for many rare species.;Zuflucht;refuge — The forest provides refuge for many rare species.;refuge — The forest provides refuge for many rare species.;Zuflucht;1
C1 Vokabelliste;wiedererlangen;regain — The battery regained most of its capacity after warming up.;wiedererlangen;regain — The battery regained most of its capacity after warming up.;regain — The battery regained most of its capacity after warming up.;wiedererlangen;1
C1 Vokabelliste;"Regime; System";regime — The new regulatory regime places stricter requirements on operators.;"Regime; System";regime — The new regulatory regime places stricter requirements on operators.;regime — The new regulatory regime places stricter requirements on operators.;"Regime; System";1
C1 Vokabelliste;Regulierungsbehörde;regulator — The regulator monitors competition in the energy market.;Regulierungsbehörde;regulator — The regulator monitors competition in the energy market.;regulator — The regulator monitors competition in the energy market.;Regulierungsbehörde;1
C1 Vokabelliste;Relevanz;relevance — The relevance of the old dataset is limited for current conditions.;Relevanz;relevance — The relevance of the old dataset is limited for current conditions.;relevance — The relevance of the old dataset is limited for current conditions.;Relevanz;1
C1 Vokabelliste;Überreste;remains — Archaeologists discovered remains of an old settlement near the site.;Überreste;remains — Archaeologists discovered remains of an old settlement near the site.;remains — Archaeologists discovered remains of an old settlement near the site.;Überreste;1
C1 Vokabelliste;"Abhilfe; Heilmittel";remedy — Better ventilation may provide a simple remedy for the problem.;"Abhilfe; Heilmittel";remedy — Better ventilation may provide a simple remedy for the problem.;remedy — Better ventilation may provide a simple remedy for the problem.;"Abhilfe; Heilmittel";1
C1 Vokabelliste;"machen; darstellen";render — Heavy cloud cover can render solar forecasts less accurate.;"machen; darstellen";render — Heavy cloud cover can render solar forecasts less accurate.;render — Heavy cloud cover can render solar forecasts less accurate.;"machen; darstellen";1
C1 Vokabelliste;Ersatz;replacement — The damaged inverter needs a replacement.;Ersatz;replacement — The damaged inverter needs a replacement.;replacement — The damaged inverter needs a replacement.;Ersatz;1
C1 Vokabelliste;Berichten zufolge;reportedly — The company reportedly plans to expand its offshore portfolio.;Berichten zufolge;reportedly — The company reportedly plans to expand its offshore portfolio.;reportedly — The company reportedly plans to expand its offshore portfolio.;Berichten zufolge;1
C1 Vokabelliste;"reproduzieren; fortpflanzen";reproduce — Other researchers were unable to reproduce the original result.;"reproduzieren; fortpflanzen";reproduce — Other researchers were unable to reproduce the original result.;reproduce — Other researchers were unable to reproduce the original result.;"reproduzieren; fortpflanzen";1
C1 Vokabelliste;Wohnsitz;residence — Applicants must provide proof of residence.;Wohnsitz;residence — Applicants must provide proof of residence.;residence — Applicants must provide proof of residence.;Wohnsitz;1
C1 Vokabelliste;Wohn-;residential — Residential electricity demand usually rises in the evening.;Wohn-;residential — Residential electricity demand usually rises in the evening.;residential — Residential electricity demand usually rises in the evening.;Wohn-;1
C1 Vokabelliste;Rücktritt;resignation — The minister announced her resignation after the investigation.;Rücktritt;resignation — The minister announced her resignation after the investigation.;resignation — The minister announced her resignation after the investigation.;Rücktritt;1
C1 Vokabelliste;jeweilig;respective — The teams returned to their respective offices after the meeting.;jeweilig;respective — The teams returned to their respective offices after the meeting.;respective — The teams returned to their respective offices after the meeting.;jeweilig;1
C1 Vokabelliste;Wiederherstellung;restoration — The restoration of the wetland has improved local biodiversity.;Wiederherstellung;restoration — The restoration of the wetland has improved local biodiversity.;restoration — The restoration of the wetland has improved local biodiversity.;Wiederherstellung;1
C1 Vokabelliste;"Rückzug; sich zurückziehen";retreat — The glacier has continued to retreat over the past decades.;"Rückzug; sich zurückziehen";retreat — The glacier has continued to retreat over the past decades.;retreat — The glacier has continued to retreat over the past decades.;"Rückzug; sich zurückziehen";1
C1 Vokabelliste;"Enthüllung; Offenbarung";revelation — The leaked documents led to a major political revelation.;"Enthüllung; Offenbarung";revelation — The leaked documents led to a major political revelation.;revelation — The leaked documents led to a major political revelation.;"Enthüllung; Offenbarung";1
C1 Vokabelliste;"umkehren; Gegenteil";reverse — The software update can reverse some of the previous changes.;"umkehren; Gegenteil";reverse — The software update can reverse some of the previous changes.;reverse — The software update can reverse some of the previous changes.;"umkehren; Gegenteil";1
C1 Vokabelliste;revolutionär;revolutionary — At the time, the new battery design was considered revolutionary.;revolutionär;revolutionary — At the time, the new battery design was considered revolutionary.;revolutionary — At the time, the new battery design was considered revolutionary.;revolutionär;1
C1 Vokabelliste;"Aufstand; Ausschreitung";riot — Several people were injured during the riot.;"Aufstand; Ausschreitung";riot — Several people were injured during the riot.;riot — Several people were injured during the riot.;"Aufstand; Ausschreitung";1
C1 Vokabelliste;"robust; widerstandsfähig";robust — The model remained robust even when some input data were missing.;"robust; widerstandsfähig";robust — The model remained robust even when some input data were missing.;robust — The model remained robust even when some input data were missing.;"robust; widerstandsfähig";1
C1 Vokabelliste;"Urteil; Entscheidung";ruling — The court's ruling forced the company to change its procedures.;"Urteil; Entscheidung";ruling — The court's ruling forced the company to change its procedures.;ruling — The court's ruling forced the company to change its procedures.;"Urteil; Entscheidung";1
C1 Vokabelliste;"entlassen; feuern";sack — The company sacked the manager after repeated safety violations.;"entlassen; feuern";sack — The company sacked the manager after repeated safety violations.;sack — The company sacked the manager after repeated safety violations.;"entlassen; feuern";1
C1 Vokabelliste;heilig;sacred — The forest is considered sacred by the local community.;heilig;sacred — The forest is considered sacred by the local community.;sacred — The forest is considered sacred by the local community.;heilig;1
C1 Vokabelliste;"Opfer; opfern";sacrifice — Protecting the habitat should not require sacrificing basic safety.;"Opfer; opfern";sacrifice — Protecting the habitat should not require sacrificing basic safety.;sacrifice — Protecting the habitat should not require sacrificing basic safety.;"Opfer; opfern";1
C1 Vokabelliste;Heilige/r;saint — The cathedral is named after a local saint.;Heilige/r;saint — The cathedral is named after a local saint.;saint — The cathedral is named after a local saint.;Heilige/r;1
C1 Vokabelliste;"Zweck; um ... willen";sake — For the sake of clarity, the chart shows only the five largest categories.;"Zweck; um ... willen";sake — For the sake of clarity, the chart shows only the five largest categories.;sake — For the sake of clarity, the chart shows only the five largest categories.;"Zweck; um ... willen";1
C1 Vokabelliste;"Sanktion; Genehmigung";sanction — The regulator imposed a financial sanction for repeated violations.;"Sanktion; Genehmigung";sanction — The regulator imposed a financial sanction for repeated violations.;sanction — The regulator imposed a financial sanction for repeated violations.;"Sanktion; Genehmigung";1
C1 Vokabelliste;"verstreut; vereinzelt";scattered — Small villages are scattered across the mountain region.;"verstreut; vereinzelt";scattered — Small villages are scattered across the mountain region.;scattered — Small villages are scattered across the mountain region.;"verstreut; vereinzelt";1
C1 Vokabelliste;skeptisch;sceptical — Many residents remain sceptical about the promised benefits.;skeptisch;sceptical — Many residents remain sceptical about the promised benefits.;sceptical — Many residents remain sceptical about the promised benefits.;skeptisch;1
C1 Vokabelliste;"Umfang; Spielraum";scope — The scope of the study includes both wind and solar generation.;"Umfang; Spielraum";scope — The scope of the study includes both wind and solar generation.;scope — The scope of the study includes both wind and solar generation.;"Umfang; Spielraum";1
C1 Vokabelliste;"genaue Prüfung; kritische Prüfung";scrutiny — The project came under intense public scrutiny.;"genaue Prüfung; kritische Prüfung";scrutiny — The project came under intense public scrutiny.;scrutiny — The project came under intense public scrutiny.;"genaue Prüfung; kritische Prüfung";1
C1 Vokabelliste;"Siegel; versiegeln; abdichten";seal — Workers sealed the joint to prevent water from entering.;"Siegel; versiegeln; abdichten";seal — Workers sealed the joint to prevent water from entering.;seal — Workers sealed the joint to prevent water from entering.;"Siegel; versiegeln; abdichten";1
C1 Vokabelliste;"weltlich; säkular";secular — The country has a largely secular education system.;"weltlich; säkular";secular — The country has a largely secular education system.;secular — The country has a largely secular education system.;"weltlich; säkular";1
C1 Vokabelliste;Senator/in;senator — The senator called for stricter environmental standards.;Senator/in;senator — The senator called for stricter environmental standards.;senator — The senator called for stricter environmental standards.;Senator/in;1
C1 Vokabelliste;"Empfindung; Aufsehen";sensation — The discovery caused a sensation in the scientific community.;"Empfindung; Aufsehen";sensation — The discovery caused a sensation in the scientific community.;sensation — The discovery caused a sensation in the scientific community.;"Empfindung; Aufsehen";1
C1 Vokabelliste;"Sensibilität; Empfindlichkeit";sensitivity — The sensor's sensitivity can be adjusted in the software.;"Sensibilität; Empfindlichkeit";sensitivity — The sensor's sensitivity can be adjusted in the software.;sensitivity — The sensor's sensitivity can be adjusted in the software.;"Sensibilität; Empfindlichkeit";1
C1 Vokabelliste;"Stimmung; Gefühl; Haltung";sentiment — Public sentiment toward the project has become more positive.;"Stimmung; Gefühl; Haltung";sentiment — Public sentiment toward the project has become more positive.;sentiment — Public sentiment toward the project has become more positive.;"Stimmung; Gefühl; Haltung";1
C1 Vokabelliste;Aktionär;shareholder — Each shareholder was invited to vote at the annual meeting.;Aktionär;shareholder — Each shareholder was invited to vote at the annual meeting.;shareholder — Each shareholder was invited to vote at the annual meeting.;Aktionär;1
C1 Vokabelliste;"rein; schier";sheer — The sheer scale of the project is difficult to imagine.;"rein; schier";sheer — The sheer scale of the project is difficult to imagine.;sheer — The sheer scale of the project is difficult to imagine.;"rein; schier";1
C1 Vokabelliste;"Versand; Schifffahrt";shipping — Offshore wind construction depends heavily on specialized shipping.;"Versand; Schifffahrt";shipping — Offshore wind construction depends heavily on specialized shipping.;shipping — Offshore wind construction depends heavily on specialized shipping.;"Versand; Schifffahrt";1
C1 Vokabelliste;Simulation;simulation — The simulation shows how the grid responds to sudden changes in demand.;Simulation;simulation — The simulation shows how the grid responds to sudden changes in demand.;simulation — The simulation shows how the grid responds to sudden changes in demand.;Simulation;1
C1 Vokabelliste;gleichzeitig;simultaneously — Several turbines can be monitored simultaneously from the control room.;gleichzeitig;simultaneously — Several turbines can be monitored simultaneously from the control room.;simultaneously — Several turbines can be monitored simultaneously from the control room.;gleichzeitig;1
C1 Vokabelliste;Solidarität;solidarity — The community showed strong solidarity after the flood.;Solidarität;solidarity — The community showed strong solidarity after the flood.;solidarity — The community showed strong solidarity after the flood.;Solidarität;1
C1 Vokabelliste;Souveränität;sovereignty — Energy security is often linked to national sovereignty.;Souveränität;sovereignty — Energy security is often linked to national sovereignty.;sovereignty — Energy security is often linked to national sovereignty.;Souveränität;1
C1 Vokabelliste;"Zeitraum; umfassen";span — The dataset spans a period of ten years.;"Zeitraum; umfassen";span — The dataset spans a period of ten years.;span — The dataset spans a period of ten years.;"Zeitraum; umfassen";1
C1 Vokabelliste;Spezifikation;specification — The component must meet the technical specification exactly.;Spezifikation;specification — The component must meet the technical specification exactly.;specification — The component must meet the technical specification exactly.;Spezifikation;1
C1 Vokabelliste;"Sphäre; Bereich";sphere — Energy policy affects the economic as well as the environmental sphere.;"Sphäre; Bereich";sphere — Energy policy affects the economic as well as the environmental sphere.;sphere — Energy policy affects the economic as well as the environmental sphere.;"Sphäre; Bereich";1
C1 Vokabelliste;Rampenlicht;spotlight — The report put grid expansion in the political spotlight.;Rampenlicht;spotlight — The report put grid expansion in the political spotlight.;spotlight — The report put grid expansion in the political spotlight.;Rampenlicht;1
C1 Vokabelliste;statistisch;statistical — The difference was not statistically significant.;statistisch;statistical — The difference was not statistically significant.;statistical — The difference was not statistically significant.;statistisch;1
C1 Vokabelliste;"steuern; lenken";steer — The operator can steer demand by adjusting electricity prices.;"steuern; lenken";steer — The operator can steer demand by adjusting electricity prices.;steer — The operator can steer demand by adjusting electricity prices.;"steuern; lenken";1
C1 Vokabelliste;"Anreiz; Reiz";stimulus — Lower interest rates provided a stimulus for investment.;"Anreiz; Reiz";stimulus — Lower interest rates provided a stimulus for investment.;stimulus — Lower interest rates provided a stimulus for investment.;"Anreiz; Reiz";1
C1 Vokabelliste;strategisch;strategic — Grid expansion is a strategic priority for the company.;strategisch;strategic — Grid expansion is a strategic priority for the company.;strategic — Grid expansion is a strategic priority for the company.;strategisch;1
C1 Vokabelliste;auffällig;striking — The chart reveals a striking difference between summer and winter.;auffällig;striking — The chart reveals a striking difference between summer and winter.;striking — The chart reveals a striking difference between summer and winter.;auffällig;1
C1 Vokabelliste;strukturell;structural — The market faces structural challenges that cannot be solved overnight.;strukturell;structural — The market faces structural challenges that cannot be solved overnight.;structural — The market faces structural challenges that cannot be solved overnight.;strukturell;1
C1 Vokabelliste;"Einreichung; Unterwerfung";submission — The deadline for submission of the report is Friday.;"Einreichung; Unterwerfung";submission — The deadline for submission of the report is Friday.;submission — The deadline for submission of the report is Friday.;"Einreichung; Unterwerfung";1
C1 Vokabelliste;"Ersatz; ersetzen";substitute — Battery storage cannot fully substitute for grid expansion.;"Ersatz; ersetzen";substitute — Battery storage cannot fully substitute for grid expansion.;substitute — Battery storage cannot fully substitute for grid expansion.;"Ersatz; ersetzen";1
C1 Vokabelliste;"Abfolge; Nachfolge";succession — A succession of storms damaged the coastal infrastructure.;"Abfolge; Nachfolge";succession — A succession of storms damaged the coastal infrastructure.;succession — A succession of storms damaged the coastal infrastructure.;"Abfolge; Nachfolge";1
C1 Vokabelliste;aufeinanderfolgend;successive — Output increased in three successive years.;aufeinanderfolgend;successive — Output increased in three successive years.;successive — Output increased in three successive years.;aufeinanderfolgend;1
C1 Vokabelliste;"Ergänzung; ergänzen";supplement — Solar power can supplement electricity from other renewable sources.;"Ergänzung; ergänzen";supplement — Solar power can supplement electricity from other renewable sources.;supplement — Solar power can supplement electricity from other renewable sources.;"Ergänzung; ergänzen";1
C1 Vokabelliste;"höchste; oberste";supreme — The Supreme Court will hear the case next month.;"höchste; oberste";supreme — The Supreme Court will hear the case next month.;supreme — The Supreme Court will hear the case next month.;"höchste; oberste";1
C1 Vokabelliste;"Anstieg; stark steigen";surge — A sudden surge in demand pushed prices higher.;"Anstieg; stark steigen";surge — A sudden surge in demand pushed prices higher.;surge — A sudden surge in demand pushed prices higher.;"Anstieg; stark steigen";1
C1 Vokabelliste;symbolisch;symbolic — The closure of the last coal mine was highly symbolic.;symbolisch;symbolic — The closure of the last coal mine was highly symbolic.;symbolic — The closure of the last coal mine was highly symbolic.;symbolisch;1
C1 Vokabelliste;"Ausrüstung; Gerät";tackle — The maintenance crew packed the necessary tackle before heading offshore.;"Ausrüstung; Gerät";tackle — The maintenance crew packed the necessary tackle before heading offshore.;tackle — The maintenance crew packed the necessary tackle before heading offshore.;"Ausrüstung; Gerät";1
C1 Vokabelliste;Taktik;tactic — Reducing prices temporarily was a tactic to attract new customers.;Taktik;tactic — Reducing prices temporarily was a tactic to attract new customers.;tactic — Reducing prices temporarily was a tactic to attract new customers.;Taktik;1
C1 Vokabelliste;taktisch;tactical — The team made a tactical change after reviewing the latest data.;taktisch;tactical — The team made a tactical change after reviewing the latest data.;tactical — The team made a tactical change after reviewing the latest data.;taktisch;1
C1 Vokabelliste;Steuerzahler/in;taxpayer — The project should provide good value for the taxpayer.;Steuerzahler/in;taxpayer — The project should provide good value for the taxpayer.;taxpayer — The project should provide good value for the taxpayer.;Steuerzahler/in;1
C1 Vokabelliste;Mieter;tenant — The landlord informed each tenant about the planned renovation.;Mieter;tenant — The landlord informed each tenant about the planned renovation.;tenant — The landlord informed each tenant about the planned renovation.;Mieter;1
C1 Vokabelliste;"Amtszeit; Beschäftigungsdauer";tenure — During her tenure as director, the institute expanded significantly.;"Amtszeit; Beschäftigungsdauer";tenure — During her tenure as director, the institute expanded significantly.;tenure — During her tenure as director, the institute expanded significantly.;"Amtszeit; Beschäftigungsdauer";1
C1 Vokabelliste;Gelände;terrain — The steep terrain makes construction difficult.;Gelände;terrain — The steep terrain makes construction difficult.;terrain — The steep terrain makes construction difficult.;Gelände;1
C1 Vokabelliste;theoretisch;theoretical — The theoretical model does not capture every real-world effect.;theoretisch;theoretical — The theoretical model does not capture every real-world effect.;theoretical — The theoretical model does not capture every real-world effect.;theoretisch;1
C1 Vokabelliste;Schwelle;threshold — The alarm is triggered when the value exceeds a defined threshold.;Schwelle;threshold — The alarm is triggered when the value exceeds a defined threshold.;threshold — The alarm is triggered when the value exceeds a defined threshold.;Schwelle;1
C1 Vokabelliste;"verschärfen; festziehen";tighten — The government plans to tighten emissions standards.;"verschärfen; festziehen";tighten — The government plans to tighten emissions standards.;tighten — The government plans to tighten emissions standards.;"verschärfen; festziehen";1
C1 Vokabelliste;Bauholz;timber — The building was constructed largely from locally sourced timber.;Bauholz;timber — The building was constructed largely from locally sourced timber.;timber — The building was constructed largely from locally sourced timber.;Bauholz;1
C1 Vokabelliste;tolerieren;tolerate — The system can tolerate small fluctuations in voltage.;tolerieren;tolerate — The system can tolerate small fluctuations in voltage.;tolerate — The system can tolerate small fluctuations in voltage.;tolerieren;1
C1 Vokabelliste;"Folter; foltern";torture — International law prohibits torture.;"Folter; foltern";torture — International law prohibits torture.;torture — International law prohibits torture.;"Folter; foltern";1
C1 Vokabelliste;"Spur; Anzeichen";trace — Researchers found traces of pollutants in the soil.;"Spur; Anzeichen";trace — Researchers found traces of pollutants in the soil.;trace — Researchers found traces of pollutants in the soil.;"Spur; Anzeichen";1
C1 Vokabelliste;Transaktion;transaction — Every market transaction is recorded electronically.;Transaktion;transaction — Every market transaction is recorded electronically.;transaction — Every market transaction is recorded electronically.;Transaktion;1
C1 Vokabelliste;"Transit; Durchreise";transit — The port is an important transit point for offshore equipment.;"Transit; Durchreise";transit — The port is an important transit point for offshore equipment.;transit — The port is an important transit point for offshore equipment.;"Transit; Durchreise";1
C1 Vokabelliste;Transparenz;transparency — Greater transparency can increase public trust.;Transparenz;transparency — Greater transparency can increase public trust.;transparency — Greater transparency can increase public trust.;Transparenz;1
C1 Vokabelliste;transparent;transparent — The methodology should be transparent and easy to verify.;transparent;transparent — The methodology should be transparent and easy to verify.;transparent — The methodology should be transparent and easy to verify.;transparent;1
C1 Vokabelliste;"Vertrag; Abkommen";treaty — The countries signed a treaty on cross-border energy cooperation.;"Vertrag; Abkommen";treaty — The countries signed a treaty on cross-border energy cooperation.;treaty — The countries signed a treaty on cross-border energy cooperation.;"Vertrag; Abkommen";1
C1 Vokabelliste;Stammes-;tribal — The project consultation included representatives from tribal communities.;Stammes-;tribal — The project consultation included representatives from tribal communities.;tribal — The project consultation included representatives from tribal communities.;Stammes-;1
C1 Vokabelliste;"Tribut; Würdigung";tribute — The exhibition is a tribute to the engineers who built the early grid.;"Tribut; Würdigung";tribute — The exhibition is a tribute to the engineers who built the early grid.;tribute — The exhibition is a tribute to the engineers who built the early grid.;"Tribut; Würdigung";1
C1 Vokabelliste;Triumph;triumph — Completing the difficult expedition was a personal triumph.;Triumph;triumph — Completing the difficult expedition was a personal triumph.;triumph — Completing the difficult expedition was a personal triumph.;Triumph;1
C1 Vokabelliste;Treuhänder;trustee — The trustee is responsible for managing the fund on behalf of others.;Treuhänder;trustee — The trustee is responsible for managing the fund on behalf of others.;trustee — The trustee is responsible for managing the fund on behalf of others.;Treuhänder;1
C1 Vokabelliste;"Umsatz; Fluktuation";turnover — The company reported annual turnover of more than ten million euros.;"Umsatz; Fluktuation";turnover — The company reported annual turnover of more than ten million euros.;turnover — The company reported annual turnover of more than ten million euros.;"Umsatz; Fluktuation";1
C1 Vokabelliste;"Student/in im grundständigen Studium; Bachelorstudent/in";undergraduate — The research assistant was still an undergraduate at the time.;"Student/in im grundständigen Studium; Bachelorstudent/in";undergraduate — The research assistant was still an undergraduate at the time.;undergraduate — The research assistant was still an undergraduate at the time.;"Student/in im grundständigen Studium; Bachelorstudent/in";1
C1 Vokabelliste;zugrunde liegend;underlying — The analysis identified the underlying cause of the repeated failures.;zugrunde liegend;underlying — The analysis identified the underlying cause of the repeated failures.;underlying — The analysis identified the underlying cause of the repeated failures.;zugrunde liegend;1
C1 Vokabelliste;"untergraben; schwächen";undermine — Poor data quality can undermine confidence in the results.;"untergraben; schwächen";undermine — Poor data quality can undermine confidence in the results.;undermine — Poor data quality can undermine confidence in the results.;"untergraben; schwächen";1
C1 Vokabelliste;vereinigen;unify — A common data standard could unify several separate systems.;vereinigen;unify — A common data standard could unify several separate systems.;unify — A common data standard could unify several separate systems.;vereinigen;1
C1 Vokabelliste;enthüllen;unveil — The company unveiled its new battery prototype at the conference.;enthüllen;unveil — The company unveiled its new battery prototype at the conference.;unveil — The company unveiled its new battery prototype at the conference.;enthüllen;1
C1 Vokabelliste;"Nutzen; Versorgungsunternehmen";utility — The local utility is investing heavily in grid modernization.;"Nutzen; Versorgungsunternehmen";utility — The local utility is investing heavily in grid modernization.;utility — The local utility is investing heavily in grid modernization.;"Nutzen; Versorgungsunternehmen";1
C1 Vokabelliste;Gültigkeit;validity — Researchers questioned the validity of the original conclusion.;Gültigkeit;validity — Researchers questioned the validity of the original conclusion.;validity — Researchers questioned the validity of the original conclusion.;Gültigkeit;1
C1 Vokabelliste;verschwinden;vanish — The morning fog vanished as the sun rose.;verschwinden;vanish — The morning fog vanished as the sun rose.;vanish — The morning fog vanished as the sun rose.;verschwinden;1
C1 Vokabelliste;"Unterfangen; wagen";venture — The offshore project is a joint venture between two energy companies.;"Unterfangen; wagen";venture — The offshore project is a joint venture between two energy companies.;venture — The offshore project is a joint venture between two energy companies.;"Unterfangen; wagen";1
C1 Vokabelliste;Urteil;verdict — The jury returned a guilty verdict.;Urteil;verdict — The jury returned a guilty verdict.;verdict — The jury returned a guilty verdict.;Urteil;1
C1 Vokabelliste;überprüfen;verify — Always verify the source before using a figure in your analysis.;überprüfen;verify — Always verify the source before using a figure in your analysis.;verify — Always verify the source before using a figure in your analysis.;überprüfen;1
C1 Vokabelliste;Veteran;veteran — The veteran engineer had worked in the power sector for forty years.;Veteran;veteran — The veteran engineer had worked in the power sector for forty years.;veteran — The veteran engineer had worked in the power sector for forty years.;Veteran;1
C1 Vokabelliste;"lebendig; dynamisch";vibrant — The university town has a vibrant research community.;"lebendig; dynamisch";vibrant — The university town has a vibrant research community.;vibrant — The university town has a vibrant research community.;"lebendig; dynamisch";1
C1 Vokabelliste;"verletzen; verstoßen gegen";violate — Companies that violate safety rules can face heavy fines.;"verletzen; verstoßen gegen";violate — Companies that violate safety rules can face heavy fines.;violate — Companies that violate safety rules can face heavy fines.;"verletzen; verstoßen gegen";1
C1 Vokabelliste;Verstoß;violation — The inspection found a serious violation of environmental regulations.;Verstoß;violation — The inspection found a serious violation of environmental regulations.;violation — The inspection found a serious violation of environmental regulations.;Verstoß;1
C1 Vokabelliste;"lautstark; stimmlich";vocal — Local residents have been vocal in their opposition to the route.;"lautstark; stimmlich";vocal — Local residents have been vocal in their opposition to the route.;vocal — Local residents have been vocal in their opposition to the route.;"lautstark; stimmlich";1
C1 Vokabelliste;"verletzlich; gefährdet";vulnerable — Coastal infrastructure is particularly vulnerable to rising sea levels.;"verletzlich; gefährdet";vulnerable — Coastal infrastructure is particularly vulnerable to rising sea levels.;vulnerable — Coastal infrastructure is particularly vulnerable to rising sea levels.;"verletzlich; gefährdet";1
C1 Vokabelliste;"Station; Bezirk";ward — She works on the children's ward at the hospital.;"Station; Bezirk";ward — She works on the children's ward at the hospital.;ward — She works on the children's ward at the hospital.;"Station; Bezirk";1
C1 Vokabelliste;Lagerhaus;warehouse — The spare parts are stored in a warehouse near the port.;Lagerhaus;warehouse — The spare parts are stored in a warehouse near the port.;warehouse — The spare parts are stored in a warehouse near the port.;Lagerhaus;1
C1 Vokabelliste;Kriegsführung;warfare — Modern warfare increasingly relies on digital technology.;Kriegsführung;warfare — Modern warfare increasingly relies on digital technology.;warfare — Modern warfare increasingly relies on digital technology.;Kriegsführung;1
C1 Vokabelliste;"rechtfertigen; Haftbefehl";warrant — The evidence does not warrant such a strong conclusion.;"rechtfertigen; Haftbefehl";warrant — The evidence does not warrant such a strong conclusion.;warrant — The evidence does not warrant such a strong conclusion.;"rechtfertigen; Haftbefehl";1
C1 Vokabelliste;"Rückzug; Abhebung";withdrawal — The sudden withdrawal of funding delayed the project.;"Rückzug; Abhebung";withdrawal — The sudden withdrawal of funding delayed the project.;withdrawal — The sudden withdrawal of funding delayed the project.;"Rückzug; Abhebung";1
C1 Vokabelliste;lohnenswert;worthwhile — Learning to automate repetitive data tasks is worthwhile.;lohnenswert;worthwhile — Learning to automate repetitive data tasks is worthwhile.;worthwhile — Learning to automate repetitive data tasks is worthwhile.;lohnenswert;1
C1 Vokabelliste;"Ertrag; nachgeben";yield — The solar farm achieved a higher energy yield than expected.;"Ertrag; nachgeben";yield — The solar farm achieved a higher energy yield than expected.;yield — The solar farm achieved a higher energy yield than expected.;"Ertrag; nachgeben";1
