category;front;back;front_de;back_de;front_en;back_en;is_bidirectional
C2 Vokabelliste;"Abweichung; Anomalie";aberration — The sudden voltage spike was treated as an aberration in an otherwise stable dataset.;"Abweichung; Anomalie";aberration — The sudden voltage spike was treated as an aberration in an otherwise stable dataset.;aberration — The sudden voltage spike was treated as an aberration in an otherwise stable dataset.;"Abweichung; Anomalie";1
C2 Vokabelliste;verabscheuen;abhor — Many conservationists abhor the destruction of protected habitats.;verabscheuen;abhor — Many conservationists abhor the destruction of protected habitats.;abhor — Many conservationists abhor the destruction of protected habitats.;verabscheuen;1
C2 Vokabelliste;abscheulich;abhorrent — The deliberate pollution of the river was widely regarded as abhorrent.;abscheulich;abhorrent — The deliberate pollution of the river was widely regarded as abhorrent.;abhorrent — The deliberate pollution of the river was widely regarded as abhorrent.;abscheulich;1
C2 Vokabelliste;"erbärmlich; elend";abject — The project ended in abject failure after years of poor planning.;"erbärmlich; elend";abject — The project ended in abject failure after years of poor planning.;abject — The project ended in abject failure after years of poor planning.;"erbärmlich; elend";1
C2 Vokabelliste;reichlich;abundant — Wind energy is abundant along much of the northern coast.;reichlich;abundant — Wind energy is abundant along much of the northern coast.;abundant — Wind energy is abundant along much of the northern coast.;reichlich;1
C2 Vokabelliste;Zugänglichkeit;accessibility — The redesign improved the accessibility of the dashboard for all users.;Zugänglichkeit;accessibility — The redesign improved the accessibility of the dashboard for all users.;accessibility — The redesign improved the accessibility of the dashboard for all users.;Zugänglichkeit;1
C2 Vokabelliste;"anwachsen; anfallen";accrue — Small efficiency gains can accrue over many years of operation.;"anwachsen; anfallen";accrue — Small efficiency gains can accrue over many years of operation.;accrue — Small efficiency gains can accrue over many years of operation.;"anwachsen; anfallen";1
C2 Vokabelliste;"geschickt; versiert; Experte/Expertin";adept — She is adept at turning complex datasets into clear visualisations.;"geschickt; versiert; Experte/Expertin";adept — She is adept at turning complex datasets into clear visualisations.;adept — She is adept at turning complex datasets into clear visualisations.;"geschickt; versiert; Experte/Expertin";1
C2 Vokabelliste;"Haftung; Adhäsion";adhesion — Good adhesion is essential when mounting the protective coating.;"Haftung; Adhäsion";adhesion — Good adhesion is essential when mounting the protective coating.;adhesion — Good adhesion is essential when mounting the protective coating.;"Haftung; Adhäsion";1
C2 Vokabelliste;schmücken;adorn — Wildflowers adorn the paths around the solar park in summer.;schmücken;adorn — Wildflowers adorn the paths around the solar park in summer.;adorn — Wildflowers adorn the paths around the solar park in summer.;schmücken;1
C2 Vokabelliste;"Schmuck; Verzierung";adornment — The simple wooden façade needs no additional adornment.;"Schmuck; Verzierung";adornment — The simple wooden façade needs no additional adornment.;adornment — The simple wooden façade needs no additional adornment.;"Schmuck; Verzierung";1
C2 Vokabelliste;allumfassend;all-encompassing — No single model can provide an all-encompassing explanation of the energy system.;allumfassend;all-encompassing — No single model can provide an all-encompassing explanation of the energy system.;all-encompassing — No single model can provide an all-encompassing explanation of the energy system.;allumfassend;1
C2 Vokabelliste;anspielen;allude — The report alludes to further grid expansion without giving exact figures.;anspielen;allude — The report alludes to further grid expansion without giving exact figures.;allude — The report alludes to further grid expansion without giving exact figures.;anspielen;1
C2 Vokabelliste;Anspielung;allusion — His speech contained a subtle allusion to the failed project.;Anspielung;allusion — His speech contained a subtle allusion to the failed project.;allusion — His speech contained a subtle allusion to the failed project.;Anspielung;1
C2 Vokabelliste;anarchisch;anarchic — Without clear rules, the early market seemed almost anarchic.;anarchisch;anarchic — Without clear rules, the early market seemed almost anarchic.;anarchic — Without clear rules, the early market seemed almost anarchic.;anarchisch;1
C2 Vokabelliste;"Angst; Unbehagen";angst — Public angst about rising energy prices increased during the winter.;"Angst; Unbehagen";angst — Public angst about rising energy prices increased during the winter.;angst — Public angst about rising energy prices increased during the winter.;"Angst; Unbehagen";1
C2 Vokabelliste;"eckig; kantig";angular — The angular design of the building gives it a distinctly modern look.;"eckig; kantig";angular — The angular design of the building gives it a distinctly modern look.;angular — The angular design of the building gives it a distinctly modern look.;"eckig; kantig";1
C2 Vokabelliste;"Anbau; annektieren";annex — The laboratory was built as an annex to the main university building.;"Anbau; annektieren";annex — The laboratory was built as an annex to the main university building.;annex — The laboratory was built as an annex to the main university building.;"Anbau; annektieren";1
C2 Vokabelliste;Anonymität;anonymity — The survey guaranteed complete anonymity to all participants.;Anonymität;anonymity — The survey guaranteed complete anonymity to all participants.;anonymity — The survey guaranteed complete anonymity to all participants.;Anonymität;1
C2 Vokabelliste;"uralt; vorsintflutlich";antediluvian — The office still relied on an antediluvian filing system based entirely on paper.;"uralt; vorsintflutlich";antediluvian — The office still relied on an antediluvian filing system based entirely on paper.;antediluvian — The office still relied on an antediluvian filing system based entirely on paper.;"uralt; vorsintflutlich";1
C2 Vokabelliste;"Anthologie; Sammlung";anthology — The course included an anthology of essays on technology and society.;"Anthologie; Sammlung";anthology — The course included an anthology of essays on technology and society.;anthology — The course included an anthology of essays on technology and society.;"Anthologie; Sammlung";1
C2 Vokabelliste;anthropologisch;anthropological — The researchers took an anthropological approach to studying energy use in rural communities.;anthropologisch;anthropological — The researchers took an anthropological approach to studying energy use in rural communities.;anthropological — The researchers took an anthropological approach to studying energy use in rural communities.;anthropologisch;1
C2 Vokabelliste;Gegenmittel;antidote — Critical thinking is a useful antidote to misleading claims online.;Gegenmittel;antidote — Critical thinking is a useful antidote to misleading claims online.;antidote — Critical thinking is a useful antidote to misleading claims online.;Gegenmittel;1
C2 Vokabelliste;"Gegensatz; Antithese";antithesis — A sprawling car-dependent suburb is the antithesis of compact urban planning.;"Gegensatz; Antithese";antithesis — A sprawling car-dependent suburb is the antithesis of compact urban planning.;antithesis — A sprawling car-dependent suburb is the antithesis of compact urban planning.;"Gegensatz; Antithese";1
C2 Vokabelliste;gegensätzlich;antithetical — Short-term profit can be antithetical to long-term environmental goals.;gegensätzlich;antithetical — Short-term profit can be antithetical to long-term environmental goals.;antithetical — Short-term profit can be antithetical to long-term environmental goals.;gegensätzlich;1
C2 Vokabelliste;"geheimnisvoll; nur Eingeweihten bekannt";arcane — Some electricity-market rules can seem arcane to newcomers.;"geheimnisvoll; nur Eingeweihten bekannt";arcane — Some electricity-market rules can seem arcane to newcomers.;arcane — Some electricity-market rules can seem arcane to newcomers.;"geheimnisvoll; nur Eingeweihten bekannt";1
C2 Vokabelliste;archetypisch;archetypal — The small windmill has become an archetypal image of rural renewable energy.;archetypisch;archetypal — The small windmill has become an archetypal image of rural renewable energy.;archetypal — The small windmill has become an archetypal image of rural renewable energy.;archetypisch;1
C2 Vokabelliste;Archetyp;archetype — The lone inventor is a familiar archetype in stories about technological progress.;Archetyp;archetype — The lone inventor is a familiar archetype in stories about technological progress.;archetype — The lone inventor is a familiar archetype in stories about technological progress.;Archetyp;1
C2 Vokabelliste;archivarisch;archival — The study combined current measurements with archival weather records.;archivarisch;archival — The study combined current measurements with archival weather records.;archival — The study combined current measurements with archival weather records.;archivarisch;1
C2 Vokabelliste;"Ausdruck; Artikulation";articulation — Her clear articulation of the problem helped the team reach a decision.;"Ausdruck; Artikulation";articulation — Her clear articulation of the problem helped the team reach a decision.;articulation — Her clear articulation of the problem helped the team reach a decision.;"Ausdruck; Artikulation";1
C2 Vokabelliste;Artefakt;artifact — The apparent peak was merely an artifact caused by a faulty sensor.;Artefakt;artifact — The apparent peak was merely an artifact caused by a faulty sensor.;artifact — The apparent peak was merely an artifact caused by a faulty sensor.;Artefakt;1
C2 Vokabelliste;"Erreichen; Errungenschaft; Leistung";attainment — The attainment of climate targets will require major changes across several sectors.;"Erreichen; Errungenschaft; Leistung";attainment — The attainment of climate targets will require major changes across several sectors.;attainment — The attainment of climate targets will require major changes across several sectors.;"Erreichen; Errungenschaft; Leistung";1
C2 Vokabelliste;"Abnutzung; Zermürbung";attrition — The team lost several members through gradual attrition over the course of the project.;"Abnutzung; Zermürbung";attrition — The team lost several members through gradual attrition over the course of the project.;attrition — The team lost several members through gradual attrition over the course of the project.;"Abnutzung; Zermürbung";1
C2 Vokabelliste;"streng; karg";austere — The control room has an austere design with almost no decoration.;"streng; karg";austere — The control room has an austere design with almost no decoration.;austere — The control room has an austere design with almost no decoration.;"streng; karg";1
C2 Vokabelliste;"Strenge; Sparpolitik";austerity — Years of public-sector austerity delayed investment in local infrastructure.;"Strenge; Sparpolitik";austerity — Years of public-sector austerity delayed investment in local infrastructure.;austerity — Years of public-sector austerity delayed investment in local infrastructure.;"Strenge; Sparpolitik";1
C2 Vokabelliste;Authentizität;authenticity — The documentary was praised for the authenticity of its interviews.;Authentizität;authenticity — The documentary was praised for the authenticity of its interviews.;authenticity — The documentary was praised for the authenticity of its interviews.;Authentizität;1
C2 Vokabelliste;autonom;autonomous — The research group operates as a largely autonomous unit within the university.;autonom;autonomous — The research group operates as a largely autonomous unit within the university.;autonomous — The research group operates as a largely autonomous unit within the university.;autonom;1
C2 Vokabelliste;Autopilot;autopilot — The vessel remained on autopilot during the calm part of the journey.;Autopilot;autopilot — The vessel remained on autopilot during the calm part of the journey.;autopilot — The vessel remained on autopilot during the calm part of the journey.;Autopilot;1
C2 Vokabelliste;abgeneigt;averse — Many investors are averse to projects with highly uncertain returns.;abgeneigt;averse — Many investors are averse to projects with highly uncertain returns.;averse — Many investors are averse to projects with highly uncertain returns.;abgeneigt;1
C2 Vokabelliste;"Vogel-; aviär";avian — The environmental assessment included a detailed survey of avian species.;"Vogel-; aviär";avian — The environmental assessment included a detailed survey of avian species.;avian — The environmental assessment included a detailed survey of avian species.;"Vogel-; aviär";1
C2 Vokabelliste;Axiom;axiom — It is a basic axiom of grid operation that supply and demand must remain balanced.;Axiom;axiom — It is a basic axiom of grid operation that supply and demand must remain balanced.;axiom — It is a basic axiom of grid operation that supply and demand must remain balanced.;Axiom;1
C2 Vokabelliste;"selbstverständlich; axiomatisch";axiomatic — For engineers, the need for reliable data is almost axiomatic.;"selbstverständlich; axiomatisch";axiomatic — For engineers, the need for reliable data is almost axiomatic.;axiomatic — For engineers, the need for reliable data is almost axiomatic.;"selbstverständlich; axiomatisch";1
C2 Vokabelliste;plappern;babble — The children babbled excitedly as they walked through the science museum.;plappern;babble — The children babbled excitedly as they walked through the science museum.;babble — The children babbled excitedly as they walked through the science museum.;plappern;1
C2 Vokabelliste;"Barometer; Gradmesser";barometer — Electricity prices can serve as a barometer of stress in the power system.;"Barometer; Gradmesser";barometer — Electricity prices can serve as a barometer of stress in the power system.;barometer — Electricity prices can serve as a barometer of stress in the power system.;"Barometer; Gradmesser";1
C2 Vokabelliste;"barock; Barock; überladen";baroque — The old town hall has an elaborate baroque façade.;"barock; Barock; überladen";baroque — The old town hall has an elaborate baroque façade.;baroque — The old town hall has an elaborate baroque façade.;"barock; Barock; überladen";1
C2 Vokabelliste;"Schmuckstück; Tand";bauble — The market stall was covered with cheap decorative baubles.;"Schmuckstück; Tand";bauble — The market stall was covered with cheap decorative baubles.;bauble — The market stall was covered with cheap decorative baubles.;"Schmuckstück; Tand";1
C2 Vokabelliste;"beraubt; verlassen";bereft — After the factory closed, the town seemed bereft of economic opportunities.;"beraubt; verlassen";bereft — After the factory closed, the town seemed bereft of economic opportunities.;bereft — After the factory closed, the town seemed bereft of economic opportunities.;"beraubt; verlassen";1
C2 Vokabelliste;belagern;besiege — Journalists besieged the minister with questions after the announcement.;belagern;besiege — Journalists besieged the minister with questions after the announcement.;besiege — Journalists besieged the minister with questions after the announcement.;belagern;1
C2 Vokabelliste;Schmeichelei;blandishment — The company relied on blandishments rather than evidence to win public support.;Schmeichelei;blandishment — The company relied on blandishments rather than evidence to win public support.;blandishment — The company relied on blandishments rather than evidence to win public support.;Schmeichelei;1
C2 Vokabelliste;"Klappentext; Werbetext";blurb — The book blurb promises a clear introduction to climate science.;"Klappentext; Werbetext";blurb — The book blurb promises a clear introduction to climate science.;blurb — The book blurb promises a clear introduction to climate science.;"Klappentext; Werbetext";1
C2 Vokabelliste;"echt; authentisch; in gutem Glauben";bona fide — The researchers verified that the dataset came from a bona fide scientific source.;"echt; authentisch; in gutem Glauben";bona fide — The researchers verified that the dataset came from a bona fide scientific source.;bona fide — The researchers verified that the dataset came from a bona fide scientific source.;"echt; authentisch; in gutem Glauben";1
C2 Vokabelliste;"schwingen; drohend zeigen";brandish — The protester brandished a sign calling for faster climate action.;"schwingen; drohend zeigen";brandish — The protester brandished a sign calling for faster climate action.;brandish — The protester brandished a sign calling for faster climate action.;"schwingen; drohend zeigen";1
C2 Vokabelliste;Kürze;brevity — The brevity of the summary made it easy to read but left out important details.;Kürze;brevity — The brevity of the summary made it easy to read but left out important details.;brevity — The brevity of the summary made it easy to read but left out important details.;Kürze;1
C2 Vokabelliste;"Rand; bis zum Rand füllen";brim — After heavy rain, the reservoir was filled to the brim.;"Rand; bis zum Rand füllen";brim — After heavy rain, the reservoir was filled to the brim.;brim — After heavy rain, the reservoir was filled to the brim.;"Rand; bis zum Rand füllen";1
C2 Vokabelliste;Schwefel;brimstone — The volcanic area smelled strongly of brimstone.;Schwefel;brimstone — The volcanic area smelled strongly of brimstone.;brimstone — The volcanic area smelled strongly of brimstone.;Schwefel;1
C2 Vokabelliste;"Rand; Schwelle";brink — The outdated power station was on the brink of closure.;"Rand; Schwelle";brink — The outdated power station was on the brink of closure.;brink — The outdated power station was on the brink of closure.;"Rand; Schwelle";1
C2 Vokabelliste;"Aufruhr; Wirbel";brouhaha — A minor wording change caused an unexpected brouhaha online.;"Aufruhr; Wirbel";brouhaha — A minor wording change caused an unexpected brouhaha online.;brouhaha — A minor wording change caused an unexpected brouhaha online.;"Aufruhr; Wirbel";1
C2 Vokabelliste;Freibeuter;buccaneer — The novel follows a young buccaneer across the Caribbean.;Freibeuter;buccaneer — The novel follows a young buccaneer across the Caribbean.;buccaneer — The novel follows a young buccaneer across the Caribbean.;Freibeuter;1
C2 Vokabelliste;"Possenspiel; Albernheit";buffoonery — The meeting descended into buffoonery instead of serious discussion.;"Possenspiel; Albernheit";buffoonery — The meeting descended into buffoonery instead of serious discussion.;buffoonery — The meeting descended into buffoonery instead of serious discussion.;"Possenspiel; Albernheit";1
C2 Vokabelliste;mit Koffein versetzen;caffeinate — Some runners caffeinate before a race to improve alertness.;mit Koffein versetzen;caffeinate — Some runners caffeinate before a race to improve alertness.;caffeinate — Some runners caffeinate before a race to improve alertness.;mit Koffein versetzen;1
C2 Vokabelliste;katastrophal;calamitous — A prolonged nationwide blackout would have calamitous consequences.;katastrophal;calamitous — A prolonged nationwide blackout would have calamitous consequences.;calamitous — A prolonged nationwide blackout would have calamitous consequences.;katastrophal;1
C2 Vokabelliste;"Unglück; Katastrophe";calamity — The flood was a calamity for several villages along the river.;"Unglück; Katastrophe";calamity — The flood was a calamity for several villages along the river.;calamity — The flood was a calamity for several villages along the river.;"Unglück; Katastrophe";1
C2 Vokabelliste;kalorienreich;calorific — The snack is tasty but extremely calorific.;kalorienreich;calorific — The snack is tasty but extremely calorific.;calorific — The snack is tasty but extremely calorific.;kalorienreich;1
C2 Vokabelliste;"verkohlen; carbonisieren";carbonise — Under extreme heat and little oxygen, organic material can carbonise.;"verkohlen; carbonisieren";carbonise — Under extreme heat and little oxygen, organic material can carbonise.;carbonise — Under extreme heat and little oxygen, organic material can carbonise.;"verkohlen; carbonisieren";1
C2 Vokabelliste;katastrophal;catastrophic — A catastrophic equipment failure shut down the entire plant.;katastrophal;catastrophic — A catastrophic equipment failure shut down the entire plant.;catastrophic — A catastrophic equipment failure shut down the entire plant.;katastrophal;1
C2 Vokabelliste;kleine Koralleninsel;cay — The research boat anchored beside a small sandy cay.;kleine Koralleninsel;cay — The research boat anchored beside a small sandy cay.;cay — The research boat anchored beside a small sandy cay.;kleine Koralleninsel;1
C2 Vokabelliste;zentralisiert;centralised — The old electricity system relied heavily on large centralised power stations.;zentralisiert;centralised — The old electricity system relied heavily on large centralised power stations.;centralised — The old electricity system relied heavily on large centralised power stations.;zentralisiert;1
C2 Vokabelliste;Choreografie;choreography — The documentary uses careful choreography to move people and cameras through the scene.;Choreografie;choreography — The documentary uses careful choreography to move people and cameras through the scene.;choreography — The documentary uses careful choreography to move people and cameras through the scene.;Choreografie;1
C2 Vokabelliste;chronologisch;chronological — The report presents the development of the grid in chronological order.;chronologisch;chronological — The report presents the development of the grid in chronological order.;chronological — The report presents the development of the grid in chronological order.;chronologisch;1
C2 Vokabelliste;Chronologie;chronology — The timeline gives a clear chronology of the major energy-policy reforms.;Chronologie;chronology — The timeline gives a clear chronology of the major energy-policy reforms.;chronology — The timeline gives a clear chronology of the major energy-policy reforms.;Chronologie;1
C2 Vokabelliste;Puppe;chrysalis — The caterpillar remained inside its chrysalis until spring.;Puppe;chrysalis — The caterpillar remained inside its chrysalis until spring.;chrysalis — The caterpillar remained inside its chrysalis until spring.;Puppe;1
C2 Vokabelliste;"Kameramann; Kamerafrau";cinematographer — The cinematographer captured dramatic aerial shots of the offshore wind farm.;"Kameramann; Kamerafrau";cinematographer — The cinematographer captured dramatic aerial shots of the offshore wind farm.;cinematographer — The cinematographer captured dramatic aerial shots of the offshore wind farm.;"Kameramann; Kamerafrau";1
C2 Vokabelliste;Kinematografie;cinematography — The film is memorable for its striking cinematography.;Kinematografie;cinematography — The film is memorable for its striking cinematography.;cinematography — The film is memorable for its striking cinematography.;Kinematografie;1
C2 Vokabelliste;"entscheiden; festmachen";clinch — A final agreement on funding helped clinch the deal.;"entscheiden; festmachen";clinch — A final agreement on funding helped clinch the deal.;clinch — A final agreement on funding helped clinch the deal.;"entscheiden; festmachen";1
C2 Vokabelliste;"Kreuzgang; Kloster";cloister — Visitors walked quietly through the medieval cloister.;"Kreuzgang; Kloster";cloister — Visitors walked quietly through the medieval cloister.;cloister — Visitors walked quietly through the medieval cloister.;"Kreuzgang; Kloster";1
C2 Vokabelliste;abgeschieden;cloistered — The institute once had a rather cloistered academic culture.;abgeschieden;cloistered — The institute once had a rather cloistered academic culture.;cloistered — The institute once had a rather cloistered academic culture.;abgeschieden;1
C2 Vokabelliste;"Kokon; einspinnen; abschirmen";cocoon — Thick insulation can cocoon a building against winter cold.;"Kokon; einspinnen; abschirmen";cocoon — Thick insulation can cocoon a building against winter cold.;cocoon — Thick insulation can cocoon a building against winter cold.;"Kokon; einspinnen; abschirmen";1
C2 Vokabelliste;umgangssprachlich;colloquial — The teacher explained that the phrase is common in colloquial English.;umgangssprachlich;colloquial — The teacher explained that the phrase is common in colloquial English.;colloquial — The teacher explained that the phrase is common in colloquial English.;umgangssprachlich;1
C2 Vokabelliste;Kolloquium;colloquium — She presented her bachelor project at the departmental colloquium.;Kolloquium;colloquium — She presented her bachelor project at the departmental colloquium.;colloquium — She presented her bachelor project at the departmental colloquium.;Kolloquium;1
C2 Vokabelliste;Verbrennung;combustion — Hydrogen combustion produces water but can still create nitrogen oxides.;Verbrennung;combustion — Hydrogen combustion produces water but can still create nitrogen oxides.;combustion — Hydrogen combustion produces water but can still create nitrogen oxides.;Verbrennung;1
C2 Vokabelliste;"Kommode; Nachtstuhl";commode — The antique commode stood against the bedroom wall.;"Kommode; Nachtstuhl";commode — The antique commode stood against the bedroom wall.;commode — The antique commode stood against the bedroom wall.;"Kommode; Nachtstuhl";1
C2 Vokabelliste;überzeugend;compellingly — The data compellingly demonstrate the fall in coal generation.;überzeugend;compellingly — The data compellingly demonstrate the fall in coal generation.;compellingly — The data compellingly demonstrate the fall in coal generation.;überzeugend;1
C2 Vokabelliste;"computerisieren; auf EDV umstellen";computerise — The company plans to computerise its remaining paper-based processes.;"computerisieren; auf EDV umstellen";computerise — The company plans to computerise its remaining paper-based processes.;computerise — The company plans to computerise its remaining paper-based processes.;"computerisieren; auf EDV umstellen";1
C2 Vokabelliste;Schlichtung;conciliation — Both sides agreed to conciliation before taking the dispute to court.;Schlichtung;conciliation — Both sides agreed to conciliation before taking the dispute to court.;conciliation — Both sides agreed to conciliation before taking the dispute to court.;Schlichtung;1
C2 Vokabelliste;versöhnlich;conciliatory — Her conciliatory tone helped calm the tense discussion.;versöhnlich;conciliatory — Her conciliatory tone helped calm the tense discussion.;conciliatory — Her conciliatory tone helped calm the tense discussion.;versöhnlich;1
C2 Vokabelliste;"Kondensation; Verdichtung";condensation — Condensation formed on the cold laboratory window.;"Kondensation; Verdichtung";condensation — Condensation formed on the cold laboratory window.;condensation — Condensation formed on the cold laboratory window.;"Kondensation; Verdichtung";1
C2 Vokabelliste;"dulden; billigen";condone — The university does not condone the manipulation of research data.;"dulden; billigen";condone — The university does not condone the manipulation of research data.;condone — The university does not condone the manipulation of research data.;"dulden; billigen";1
C2 Vokabelliste;"Leitung; Kanal";conduit — The buried conduit carries fibre-optic cables across the site.;"Leitung; Kanal";conduit — The buried conduit carries fibre-optic cables across the site.;conduit — The buried conduit carries fibre-optic cables across the site.;"Leitung; Kanal";1
C2 Vokabelliste;"plaudern; konfabulieren";confabulate — The two researchers confabulated over coffee after the conference.;"plaudern; konfabulieren";confabulate — The two researchers confabulated over coffee after the conference.;confabulate — The two researchers confabulated over coffee after the conference.;"plaudern; konfabulieren";1
C2 Vokabelliste;Konfabulation;confabulation — The patient’s account contained details that appeared to be confabulation rather than memory.;Konfabulation;confabulation — The patient’s account contained details that appeared to be confabulation rather than memory.;confabulation — The patient’s account contained details that appeared to be confabulation rather than memory.;Konfabulation;1
C2 Vokabelliste;"Konglomerat; Mischkonzern";conglomerate — The energy business became part of a large industrial conglomerate.;"Konglomerat; Mischkonzern";conglomerate — The energy business became part of a large industrial conglomerate.;conglomerate — The energy business became part of a large industrial conglomerate.;"Konglomerat; Mischkonzern";1
C2 Vokabelliste;"Vermutung; vermuten";conjecture — Without further measurements, any explanation would remain conjecture.;"Vermutung; vermuten";conjecture — Without further measurements, any explanation would remain conjecture.;conjecture — Without further measurements, any explanation would remain conjecture.;"Vermutung; vermuten";1
C2 Vokabelliste;Nebenbedeutung;connotation — The word “green” has a positive environmental connotation.;Nebenbedeutung;connotation — The word “green” has a positive environmental connotation.;connotation — The word “green” has a positive environmental connotation.;Nebenbedeutung;1
C2 Vokabelliste;"mitbedeuten; implizieren; assoziieren lassen";connote — In this context, the term “resilience” can connote both strength and adaptability.;"mitbedeuten; implizieren; assoziieren lassen";connote — In this context, the term “resilience” can connote both strength and adaptability.;connote — In this context, the term “resilience” can connote both strength and adaptability.;"mitbedeuten; implizieren; assoziieren lassen";1
C2 Vokabelliste;"übergeben; versenden; zuweisen";consign — The damaged equipment was consigned to storage until it could be inspected.;"übergeben; versenden; zuweisen";consign — The damaged equipment was consigned to storage until it could be inspected.;consign — The damaged equipment was consigned to storage until it could be inspected.;"übergeben; versenden; zuweisen";1
C2 Vokabelliste;"Sendung; Lieferung";consignment — The laboratory received a consignment of new sensors.;"Sendung; Lieferung";consignment — The laboratory received a consignment of new sensors.;consignment — The laboratory received a consignment of new sensors.;"Sendung; Lieferung";1
C2 Vokabelliste;Bestürzung;consternation — The sudden cancellation caused consternation among the project team.;Bestürzung;consternation — The sudden cancellation caused consternation among the project team.;consternation — The sudden cancellation caused consternation among the project team.;Bestürzung;1
C2 Vokabelliste;Ansteckung;contagion — Officials acted quickly to limit contagion during the outbreak.;Ansteckung;contagion — Officials acted quickly to limit contagion during the outbreak.;contagion — Officials acted quickly to limit contagion during the outbreak.;Ansteckung;1
C2 Vokabelliste;verächtlich;contemptuous — His contemptuous response discouraged further discussion.;verächtlich;contemptuous — His contemptuous response discouraged further discussion.;contemptuous — His contemptuous response discouraged further discussion.;verächtlich;1
C2 Vokabelliste;kontextbezogen;contextual — The dashboard provides contextual information alongside each indicator.;kontextbezogen;contextual — The dashboard provides contextual information alongside each indicator.;contextual — The dashboard provides contextual information alongside each indicator.;kontextbezogen;1
C2 Vokabelliste;vertraglich;contractual — The internship agreement sets out the contractual obligations of both parties.;vertraglich;contractual — The internship agreement sets out the contractual obligations of both parties.;contractual — The internship agreement sets out the contractual obligations of both parties.;vertraglich;1
C2 Vokabelliste;"Apparat; seltsame Vorrichtung";contraption — He built a strange contraption to measure wind speed in the garden.;"Apparat; seltsame Vorrichtung";contraption — He built a strange contraption to measure wind speed in the garden.;contraption — He built a strange contraption to measure wind speed in the garden.;"Apparat; seltsame Vorrichtung";1
C2 Vokabelliste;"ersinnen; zustande bringen";contrive — The engineers contrived a temporary solution using spare components.;"ersinnen; zustande bringen";contrive — The engineers contrived a temporary solution using spare components.;contrive — The engineers contrived a temporary solution using spare components.;"ersinnen; zustande bringen";1
C2 Vokabelliste;"Gegenteil; gegenteilig";converse — The converse is also true: lower demand can reduce pressure on the grid.;"Gegenteil; gegenteilig";converse — The converse is also true: lower demand can reduce pressure on the grid.;converse — The converse is also true: lower demand can reduce pressure on the grid.;"Gegenteil; gegenteilig";1
C2 Vokabelliste;"absperren; Absperrung";cordon — Police cordoned off the area around the damaged substation.;"absperren; Absperrung";cordon — Police cordoned off the area around the damaged substation.;cordon — Police cordoned off the area around the damaged substation.;"absperren; Absperrung";1
C2 Vokabelliste;"korrelieren; zusammenhängen; Korrelat";correlate — High wind speeds tend to correlate with greater turbine output.;"korrelieren; zusammenhängen; Korrelat";correlate — High wind speeds tend to correlate with greater turbine output.;correlate — High wind speeds tend to correlate with greater turbine output.;"korrelieren; zusammenhängen; Korrelat";1
C2 Vokabelliste;"Zusammenhang; Korrelation";correlation — The analysis found a strong correlation between temperature and heating demand.;"Zusammenhang; Korrelation";correlation — The analysis found a strong correlation between temperature and heating demand.;correlation — The analysis found a strong correlation between temperature and heating demand.;"Zusammenhang; Korrelation";1
C2 Vokabelliste;kosmisch;cosmic — Cosmic radiation can affect sensitive electronic equipment.;kosmisch;cosmic — Cosmic radiation can affect sensitive electronic equipment.;cosmic — Cosmic radiation can affect sensitive electronic equipment.;kosmisch;1
C2 Vokabelliste;"Kumpan; Günstling";crony — Critics accused the mayor of awarding contracts to a political crony.;"Kumpan; Günstling";crony — Critics accused the mayor of awarding contracts to a political crony.;crony — Critics accused the mayor of awarding contracts to a political crony.;"Kumpan; Günstling";1
C2 Vokabelliste;"kristallisieren; sich herauskristallisieren";crystallise — After several discussions, the main research question began to crystallise.;"kristallisieren; sich herauskristallisieren";crystallise — After several discussions, the main research question began to crystallise.;crystallise — After several discussions, the main research question began to crystallise.;"kristallisieren; sich herauskristallisieren";1
C2 Vokabelliste;"aussondern; auswählen";cull — The analyst culled unreliable records before calculating the final statistics.;"aussondern; auswählen";cull — The analyst culled unreliable records before calculating the final statistics.;cull — The analyst culled unreliable records before calculating the final statistics.;"aussondern; auswählen";1
C2 Vokabelliste;sektenartig;cultish — The group’s unquestioning devotion to its founder felt increasingly cultish.;sektenartig;cultish — The group’s unquestioning devotion to its founder felt increasingly cultish.;cultish — The group’s unquestioning devotion to its founder felt increasingly cultish.;sektenartig;1
C2 Vokabelliste;kuratieren;curate — The museum will curate an exhibition on the history of electricity.;kuratieren;curate — The museum will curate an exhibition on the history of electricity.;curate — The museum will curate an exhibition on the history of electricity.;kuratieren;1
C2 Vokabelliste;Kurator;curator — The curator selected several early electrical instruments for display.;Kurator;curator — The curator selected several early electrical instruments for display.;curator — The curator selected several early electrical instruments for display.;Kurator;1
C2 Vokabelliste;Lehrplan;curriculum — Data visualisation is an important part of the programme’s curriculum.;Lehrplan;curriculum — Data visualisation is an important part of the programme’s curriculum.;curriculum — Data visualisation is an important part of the programme’s curriculum.;Lehrplan;1
C2 Vokabelliste;dämpfen;dampen — Cloud cover can dampen solar generation during the afternoon.;dämpfen;dampen — Cloud cover can dampen solar generation during the afternoon.;dampen — Cloud cover can dampen solar generation during the afternoon.;dämpfen;1
C2 Vokabelliste;dezentralisieren;decentralise — Digital tools can help decentralise parts of the energy system.;dezentralisieren;decentralise — Digital tools can help decentralise parts of the energy system.;decentralise — Digital tools can help decentralise parts of the energy system.;dezentralisieren;1
C2 Vokabelliste;"Deklination; Rückgang";declination — The astronomer measured the star’s declination with great precision.;"Deklination; Rückgang";declination — The astronomer measured the star’s declination with great precision.;declination — The astronomer measured the star’s declination with great precision.;"Deklination; Rückgang";1
C2 Vokabelliste;mangelhaft;deficient — The report was rejected because its methodology was deficient.;mangelhaft;deficient — The report was rejected because its methodology was deficient.;deficient — The report was rejected because its methodology was deficient.;mangelhaft;1
C2 Vokabelliste;"Feinkost; Feinkostgeschäft";delicatessen — We bought cheese and bread from a small delicatessen near the station.;"Feinkost; Feinkostgeschäft";delicatessen — We bought cheese and bread from a small delicatessen near the station.;delicatessen — We bought cheese and bread from a small delicatessen near the station.;"Feinkost; Feinkostgeschäft";1
C2 Vokabelliste;"entmystifizieren; verständlich machen";demystify — The workshop aims to demystify electricity markets for beginners.;"entmystifizieren; verständlich machen";demystify — The workshop aims to demystify electricity markets for beginners.;demystify — The workshop aims to demystify electricity markets for beginners.;"entmystifizieren; verständlich machen";1
C2 Vokabelliste;"Bezeichnung; wörtliche Bedeutung";denotation — The denotation of the word is simple, although its connotations are complex.;"Bezeichnung; wörtliche Bedeutung";denotation — The denotation of the word is simple, although its connotations are complex.;denotation — The denotation of the word is simple, although its connotations are complex.;"Bezeichnung; wörtliche Bedeutung";1
C2 Vokabelliste;bezeichnen;denote — On the map, darker shades denote areas of higher electricity demand.;bezeichnen;denote — On the map, darker shades denote areas of higher electricity demand.;denote — On the map, darker shades denote areas of higher electricity demand.;bezeichnen;1
C2 Vokabelliste;verdorben;depraved — The novel portrays a depraved ruler who abuses his power.;verdorben;depraved — The novel portrays a depraved ruler who abuses his power.;depraved — The novel portrays a depraved ruler who abuses his power.;verdorben;1
C2 Vokabelliste;Verdorbenheit;depravity — The documentary examines the depravity of the regime.;Verdorbenheit;depravity — The documentary examines the depravity of the regime.;depravity — The documentary examines the depravity of the regime.;Verdorbenheit;1
C2 Vokabelliste;"missbilligen; abwerten";deprecate — The author deprecates simplistic explanations of complex social problems.;"missbilligen; abwerten";deprecate — The author deprecates simplistic explanations of complex social problems.;deprecate — The author deprecates simplistic explanations of complex social problems.;"missbilligen; abwerten";1
C2 Vokabelliste;"Entbehrung; Mangel";deprivation — Energy deprivation remains a serious issue in some low-income households.;"Entbehrung; Mangel";deprivation — Energy deprivation remains a serious issue in some low-income households.;deprivation — Energy deprivation remains a serious issue in some low-income households.;"Entbehrung; Mangel";1
C2 Vokabelliste;"ablenken; schmälern";detract — Too many decorative elements can detract from the clarity of a dashboard.;"ablenken; schmälern";detract — Too many decorative elements can detract from the clarity of a dashboard.;detract — Too many decorative elements can detract from the clarity of a dashboard.;"ablenken; schmälern";1
C2 Vokabelliste;"abweichend; Abweichler/in";deviant — The system automatically flags deviant measurements for manual review.;"abweichend; Abweichler/in";deviant — The system automatically flags deviant measurements for manual review.;deviant — The system automatically flags deviant measurements for manual review.;"abweichend; Abweichler/in";1
C2 Vokabelliste;"diffus; verbreiten; zerstreuen";diffuse — The frosted panel helps diffuse the light evenly across the room.;"diffus; verbreiten; zerstreuen";diffuse — The frosted panel helps diffuse the light evenly across the room.;diffuse — The frosted panel helps diffuse the light evenly across the room.;"diffus; verbreiten; zerstreuen";1
C2 Vokabelliste;"Sorgfalt; Fleiß";diligence — The dataset was checked with considerable diligence before publication.;"Sorgfalt; Fleiß";diligence — The dataset was checked with considerable diligence before publication.;diligence — The dataset was checked with considerable diligence before publication.;"Sorgfalt; Fleiß";1
C2 Vokabelliste;"fleißig; gewissenhaft";diligent — She is a diligent student who documents every step of her analysis.;"fleißig; gewissenhaft";diligent — She is a diligent student who documents every step of her analysis.;diligent — She is a diligent student who documents every step of her analysis.;"fleißig; gewissenhaft";1
C2 Vokabelliste;herabsetzen;disparage — It is easy to disparage an old technology without understanding its historical role.;herabsetzen;disparage — It is easy to disparage an old technology without understanding its historical role.;disparage — It is easy to disparage an old technology without understanding its historical role.;herabsetzen;1
C2 Vokabelliste;Herabsetzung;disparagement — The article avoids personal disparagement and focuses on the evidence.;Herabsetzung;disparagement — The article avoids personal disparagement and focuses on the evidence.;disparagement — The article avoids personal disparagement and focuses on the evidence.;Herabsetzung;1
C2 Vokabelliste;abwertend;disparaging — He made several disparaging remarks about the competing proposal.;abwertend;disparaging — He made several disparaging remarks about the competing proposal.;disparaging — He made several disparaging remarks about the competing proposal.;abwertend;1
C2 Vokabelliste;"Verteilung; Zerstreuung";dispersal — Strong winds influence the dispersal of airborne pollutants.;"Verteilung; Zerstreuung";dispersal — Strong winds influence the dispersal of airborne pollutants.;dispersal — Strong winds influence the dispersal of airborne pollutants.;"Verteilung; Zerstreuung";1
C2 Vokabelliste;"zerstreuen; verteilen";disperse — The trees help disperse strong gusts before they reach the building.;"zerstreuen; verteilen";disperse — The trees help disperse strong gusts before they reach the building.;disperse — The trees help disperse strong gusts before they reach the building.;"zerstreuen; verteilen";1
C2 Vokabelliste;"verheimlichen; heucheln";dissemble — The spokesperson tried to dissemble when asked about the missing data.;"verheimlichen; heucheln";dissemble — The spokesperson tried to dissemble when asked about the missing data.;dissemble — The spokesperson tried to dissemble when asked about the missing data.;"verheimlichen; heucheln";1
C2 Vokabelliste;verbreiten;disseminate — The project team will disseminate its findings through open reports and workshops.;verbreiten;disseminate — The project team will disseminate its findings through open reports and workshops.;disseminate — The project team will disseminate its findings through open reports and workshops.;verbreiten;1
C2 Vokabelliste;Verbreitung;dissemination — Open-access publishing supports the wider dissemination of research findings.;Verbreitung;dissemination — Open-access publishing supports the wider dissemination of research findings.;dissemination — Open-access publishing supports the wider dissemination of research findings.;Verbreitung;1
C2 Vokabelliste;Uneinigkeit;dissension — There was considerable dissension within the committee over the final recommendation.;Uneinigkeit;dissension — There was considerable dissension within the committee over the final recommendation.;dissension — There was considerable dissension within the committee over the final recommendation.;Uneinigkeit;1
C2 Vokabelliste;"destillieren; herausarbeiten";distil — The final slide distils months of research into three key findings.;"destillieren; herausarbeiten";distil — The final slide distils months of research into three key findings.;distil — The final slide distils months of research into three key findings.;"destillieren; herausarbeiten";1
C2 Vokabelliste;Destillation;distillation — The report is a concise distillation of a much larger dataset.;Destillation;distillation — The report is a concise distillation of a much larger dataset.;distillation — The report is a concise distillation of a much larger dataset.;Destillation;1
C2 Vokabelliste;Wahrsagung;divination — The ancient community used divination to interpret uncertain events.;Wahrsagung;divination — The ancient community used divination to interpret uncertain events.;divination — The ancient community used divination to interpret uncertain events.;Wahrsagung;1
C2 Vokabelliste;"austeilen; zuteilen";dole out — The programme will dole out small grants to local energy projects.;"austeilen; zuteilen";dole out — The programme will dole out small grants to local energy projects.;dole out — The programme will dole out small grants to local energy projects.;"austeilen; zuteilen";1
C2 Vokabelliste;Häuslichkeit;domesticity — After years of travelling, he began to appreciate the routines of domesticity.;Häuslichkeit;domesticity — After years of travelling, he began to appreciate the routines of domesticity.;domesticity — After years of travelling, he began to appreciate the routines of domesticity.;Häuslichkeit;1
C2 Vokabelliste;"tröpfeln; dribbeln";dribble — Water began to dribble from the damaged pipe.;"tröpfeln; dribbeln";dribble — Water began to dribble from the damaged pipe.;dribble — Water began to dribble from the damaged pipe.;"tröpfeln; dribbeln";1
C2 Vokabelliste;Plackerei;drudgery — Automating repetitive data cleaning can eliminate hours of drudgery.;Plackerei;drudgery — Automating repetitive data cleaning can eliminate hours of drudgery.;drudgery — Automating repetitive data cleaning can eliminate hours of drudgery.;Plackerei;1
C2 Vokabelliste;abebben;ebb — Public interest in the issue began to ebb after the election.;abebben;ebb — Public interest in the issue began to ebb after the election.;ebb — Public interest in the issue began to ebb after the election.;abebben;1
C2 Vokabelliste;"Erbauung; Belehrung";edification — The museum was designed for both entertainment and public edification.;"Erbauung; Belehrung";edification — The museum was designed for both entertainment and public edification.;edification — The museum was designed for both entertainment and public edification.;"Erbauung; Belehrung";1
C2 Vokabelliste;"erbauen; bilden";edify — A good science exhibition should inform and edify its visitors.;"erbauen; bilden";edify — A good science exhibition should inform and edify its visitors.;edify — A good science exhibition should inform and edify its visitors.;"erbauen; bilden";1
C2 Vokabelliste;"egalitär; Egalitarist/in";egalitarian — The organisation has an egalitarian culture in which junior staff can challenge senior colleagues.;"egalitär; Egalitarist/in";egalitarian — The organisation has an egalitarian culture in which junior staff can challenge senior colleagues.;egalitarian — The organisation has an egalitarian culture in which junior staff can challenge senior colleagues.;"egalitär; Egalitarist/in";1
C2 Vokabelliste;hocherfreut;elated — She was elated when her research proposal was accepted.;hocherfreut;elated — She was elated when her research proposal was accepted.;elated — She was elated when her research proposal was accepted.;hocherfreut;1
C2 Vokabelliste;Hochgefühl;elation — Crossing the finish line brought a sudden feeling of elation.;Hochgefühl;elation — Crossing the finish line brought a sudden feeling of elation.;elation — Crossing the finish line brought a sudden feeling of elation.;Hochgefühl;1
C2 Vokabelliste;Elektrode;electrode — Each battery cell contains a positive and a negative electrode.;Elektrode;electrode — Each battery cell contains a positive and a negative electrode.;electrode — Each battery cell contains a positive and a negative electrode.;Elektrode;1
C2 Vokabelliste;"riesig; schwerfällig; elefantenartig";elephantine — The elephantine machine occupied almost the entire workshop.;"riesig; schwerfällig; elefantenartig";elephantine — The elephantine machine occupied almost the entire workshop.;elephantine — The elephantine machine occupied almost the entire workshop.;"riesig; schwerfällig; elefantenartig";1
C2 Vokabelliste;einbetten;embed — The developer embedded the interactive chart directly into the website.;einbetten;embed — The developer embedded the interactive chart directly into the website.;embed — The developer embedded the interactive chart directly into the website.;einbetten;1
C2 Vokabelliste;"Ansehen; Erhabenheit";eminence — The professor gained international eminence through decades of research.;"Ansehen; Erhabenheit";eminence — The professor gained international eminence through decades of research.;eminence — The professor gained international eminence through decades of research.;"Ansehen; Erhabenheit";1
C2 Vokabelliste;"angesehen; herausragend";eminent — An eminent climate scientist delivered the opening lecture.;"angesehen; herausragend";eminent — An eminent climate scientist delivered the opening lecture.;eminent — An eminent climate scientist delivered the opening lecture.;"angesehen; herausragend";1
C2 Vokabelliste;"Vergütung; Bezüge";emolument — The contract specifies the monthly emolument and additional benefits.;"Vergütung; Bezüge";emolument — The contract specifies the monthly emolument and additional benefits.;emolument — The contract specifies the monthly emolument and additional benefits.;"Vergütung; Bezüge";1
C2 Vokabelliste;"nacheifern; nachahmen";emulate — Several cities hope to emulate Copenhagen’s success in cycling infrastructure.;"nacheifern; nachahmen";emulate — Several cities hope to emulate Copenhagen’s success in cycling infrastructure.;emulate — Several cities hope to emulate Copenhagen’s success in cycling infrastructure.;"nacheifern; nachahmen";1
C2 Vokabelliste;Nacheiferung;emulation — Healthy emulation between research teams can encourage innovation.;Nacheiferung;emulation — Healthy emulation between research teams can encourage innovation.;emulation — Healthy emulation between research teams can encourage innovation.;Nacheiferung;1
C2 Vokabelliste;Emulgierung;emulsification — Emulsification allows oil and water to remain mixed for longer.;Emulgierung;emulsification — Emulsification allows oil and water to remain mixed for longer.;emulsification — Emulsification allows oil and water to remain mixed for longer.;Emulgierung;1
C2 Vokabelliste;emulgieren;emulsify — The blender helps emulsify the oil into the sauce.;emulgieren;emulsify — The blender helps emulsify the oil into the sauce.;emulsify — The blender helps emulsify the oil into the sauce.;emulgieren;1
C2 Vokabelliste;Ermöglicher;enabler — Affordable storage is an important enabler of a more flexible electricity system.;Ermöglicher;enabler — Affordable storage is an important enabler of a more flexible electricity system.;enabler — Affordable storage is an important enabler of a more flexible electricity system.;Ermöglicher;1
C2 Vokabelliste;"belasten; behindern";encumber — Complex approval procedures can encumber small renewable-energy projects.;"belasten; behindern";encumber — Complex approval procedures can encumber small renewable-energy projects.;encumber — Complex approval procedures can encumber small renewable-energy projects.;"belasten; behindern";1
C2 Vokabelliste;"Belastung; Hindernis";encumbrance — The outdated software became an encumbrance rather than a useful tool.;"Belastung; Hindernis";encumbrance — The outdated software became an encumbrance rather than a useful tool.;encumbrance — The outdated software became an encumbrance rather than a useful tool.;"Belastung; Hindernis";1
C2 Vokabelliste;"hervorrufen; erzeugen";engender — Transparent communication can engender public trust.;"hervorrufen; erzeugen";engender — Transparent communication can engender public trust.;engender — Transparent communication can engender public trust.;"hervorrufen; erzeugen";1
C2 Vokabelliste;"sich vorstellen; vorsehen";envisage — The plan envisages a much larger role for offshore wind after 2030.;"sich vorstellen; vorsehen";envisage — The plan envisages a much larger role for offshore wind after 2030.;envisage — The plan envisages a much larger role for offshore wind after 2030.;"sich vorstellen; vorsehen";1
C2 Vokabelliste;"kurzlebige Drucksachen; Ephemera";ephemera — The archive preserves posters, tickets and other political ephemera.;"kurzlebige Drucksachen; Ephemera";ephemera — The archive preserves posters, tickets and other political ephemera.;ephemera — The archive preserves posters, tickets and other political ephemera.;"kurzlebige Drucksachen; Ephemera";1
C2 Vokabelliste;"vergänglich; kurzlebig";ephemeral — The spectacular colours at sunset were beautiful but ephemeral.;"vergänglich; kurzlebig";ephemeral — The spectacular colours at sunset were beautiful but ephemeral.;ephemeral — The spectacular colours at sunset were beautiful but ephemeral.;"vergänglich; kurzlebig";1
C2 Vokabelliste;Vergänglichkeit;ephemerality — Photography can capture the ephemerality of changing weather conditions.;Vergänglichkeit;ephemerality — Photography can capture the ephemerality of changing weather conditions.;ephemerality — Photography can capture the ephemerality of changing weather conditions.;Vergänglichkeit;1
C2 Vokabelliste;Epoxidharz;epoxy — The technician sealed the joint with a layer of epoxy.;Epoxidharz;epoxy — The technician sealed the joint with a layer of epoxy.;epoxy — The technician sealed the joint with a layer of epoxy.;Epoxidharz;1
C2 Vokabelliste;Gleichgewicht;equilibrium — The power system must remain close to equilibrium at every moment.;Gleichgewicht;equilibrium — The power system must remain close to equilibrium at every moment.;equilibrium — The power system must remain close to equilibrium at every moment.;Gleichgewicht;1
C2 Vokabelliste;Euphemismus;euphemism — “Price adjustment” can be a euphemism for a substantial increase.;Euphemismus;euphemism — “Price adjustment” can be a euphemism for a substantial increase.;euphemism — “Price adjustment” can be a euphemism for a substantial increase.;Euphemismus;1
C2 Vokabelliste;beschönigend;euphemistic — The report used euphemistic language to describe the layoffs.;beschönigend;euphemistic — The report used euphemistic language to describe the layoffs.;euphemistic — The report used euphemistic language to describe the layoffs.;beschönigend;1
C2 Vokabelliste;Euphorie;euphoria — The team’s initial euphoria faded once the difficult implementation phase began.;Euphorie;euphoria — The team’s initial euphoria faded once the difficult implementation phase began.;euphoria — The team’s initial euphoria faded once the difficult implementation phase began.;Euphorie;1
C2 Vokabelliste;euphorisch;euphoric — Investors became euphoric after the unexpectedly strong results.;euphorisch;euphoric — Investors became euphoric after the unexpectedly strong results.;euphoric — Investors became euphoric after the unexpectedly strong results.;euphorisch;1
C2 Vokabelliste;"erhaben; hochgestellt";exalted — He eventually rose to an exalted position within the institution.;"erhaben; hochgestellt";exalted — He eventually rose to an exalted position within the institution.;exalted — He eventually rose to an exalted position within the institution.;"erhaben; hochgestellt";1
C2 Vokabelliste;Exorzismus;exorcism — The novel opens with a dramatic account of an exorcism.;Exorzismus;exorcism — The novel opens with a dramatic account of an exorcism.;exorcism — The novel opens with a dramatic account of an exorcism.;Exorzismus;1
C2 Vokabelliste;Exorzist;exorcist — The film follows an exorcist investigating a supposedly haunted house.;Exorzist;exorcist — The film follows an exorcist investigating a supposedly haunted house.;exorcist — The film follows an exorcist investigating a supposedly haunted house.;Exorzist;1
C2 Vokabelliste;außerschulisch;extracurricular — She joined an extracurricular coding group at university.;außerschulisch;extracurricular — She joined an extracurricular coding group at university.;extracurricular — She joined an extracurricular coding group at university.;außerschulisch;1
C2 Vokabelliste;sagenumwoben;fabled — The hikers hoped to reach the fabled mountain lake before sunset.;sagenumwoben;fabled — The hikers hoped to reach the fabled mountain lake before sunset.;fabled — The hikers hoped to reach the fabled mountain lake before sunset.;sagenumwoben;1
C2 Vokabelliste;"anfertigen; erfinden";fabricate — The workshop can fabricate small metal parts for prototype sensors.;"anfertigen; erfinden";fabricate — The workshop can fabricate small metal parts for prototype sensors.;fabricate — The workshop can fabricate small metal parts for prototype sensors.;"anfertigen; erfinden";1
C2 Vokabelliste;"Herstellung; Erfindung";fabrication — The fabrication of the turbine blades requires specialised equipment.;"Herstellung; Erfindung";fabrication — The fabrication of the turbine blades requires specialised equipment.;fabrication — The fabrication of the turbine blades requires specialised equipment.;"Herstellung; Erfindung";1
C2 Vokabelliste;"Fehlschluss; Irrtum";fallacy — It is a fallacy to assume that correlation always proves causation.;"Fehlschluss; Irrtum";fallacy — It is a fallacy to assume that correlation always proves causation.;fallacy — It is a fallacy to assume that correlation always proves causation.;"Fehlschluss; Irrtum";1
C2 Vokabelliste;vertraut machen;familiarise — New employees should familiarise themselves with the safety procedures.;vertraut machen;familiarise — New employees should familiarise themselves with the safety procedures.;familiarise — New employees should familiarise themselves with the safety procedures.;vertraut machen;1
C2 Vokabelliste;"Fest; Feier; feiern; ehren";fete — The university held a summer fete beside the old main building.;"Fest; Feier; feiern; ehren";fete — The university held a summer fete beside the old main building.;fete — The university held a summer fete beside the old main building.;"Fest; Feier; feiern; ehren";1
C2 Vokabelliste;"bildlich; figurativ";figurative — The phrase “a flood of data” is figurative rather than literal.;"bildlich; figurativ";figurative — The phrase “a flood of data” is figurative rather than literal.;figurative — The phrase “a flood of data” is figurative rather than literal.;"bildlich; figurativ";1
C2 Vokabelliste;nachlassend;flagging — A short break restored the team’s flagging concentration.;nachlassend;flagging — A short break restored the team’s flagging concentration.;flagging — A short break restored the team’s flagging concentration.;nachlassend;1
C2 Vokabelliste;"sprunghaft; flatterhaft";flighty — His flighty approach made long-term planning difficult.;"sprunghaft; flatterhaft";flighty — His flighty approach made long-term planning difficult.;flighty — His flighty approach made long-term planning difficult.;"sprunghaft; flatterhaft";1
C2 Vokabelliste;huschen;flit — Small birds flitted between the trees beside the trail.;huschen;flit — Small birds flitted between the trees beside the trail.;flit — Small birds flitted between the trees beside the trail.;huschen;1
C2 Vokabelliste;"Schleusen; Fluttore";floodgates — The operators opened the floodgates after days of heavy rain.;"Schleusen; Fluttore";floodgates — The operators opened the floodgates after days of heavy rain.;floodgates — The operators opened the floodgates after days of heavy rain.;"Schleusen; Fluttore";1
C2 Vokabelliste;schwanken;fluctuate — Electricity prices can fluctuate sharply within a single day.;schwanken;fluctuate — Electricity prices can fluctuate sharply within a single day.;fluctuate — Electricity prices can fluctuate sharply within a single day.;schwanken;1
C2 Vokabelliste;Schwankung;fluctuation — The graph shows a pronounced fluctuation in wind generation.;Schwankung;fluctuation — The graph shows a pronounced fluctuation in wind generation.;fluctuation — The graph shows a pronounced fluctuation in wind generation.;Schwankung;1
C2 Vokabelliste;"verlassen; hoffnungslos";forlorn — The abandoned station looked forlorn in the winter rain.;"verlassen; hoffnungslos";forlorn — The abandoned station looked forlorn in the winter rain.;forlorn — The abandoned station looked forlorn in the winter rain.;"verlassen; hoffnungslos";1
C2 Vokabelliste;herumtollen;frolic — Young deer frolicked in the field at dawn.;herumtollen;frolic — Young deer frolicked in the field at dawn.;frolic — Young deer frolicked in the field at dawn.;herumtollen;1
C2 Vokabelliste;Sturm;gale — A severe gale forced the offshore crew to postpone maintenance.;Sturm;gale — A severe gale forced the offshore crew to postpone maintenance.;gale — A severe gale forced the offshore crew to postpone maintenance.;Sturm;1
C2 Vokabelliste;"Schachzug; Taktik";gambit — Offering a lower price was a calculated gambit to win the contract.;"Schachzug; Taktik";gambit — Offering a lower price was a calculated gambit to win the contract.;gambit — Offering a lower price was a calculated gambit to win the contract.;"Schachzug; Taktik";1
C2 Vokabelliste;"ungeschickt; unbeholfen";gauche — His gauche attempt at humour made the meeting more awkward.;"ungeschickt; unbeholfen";gauche — His gauche attempt at humour made the meeting more awkward.;gauche — His gauche attempt at humour made the meeting more awkward.;"ungeschickt; unbeholfen";1
C2 Vokabelliste;"funkeln; Schimmer";glint — Sunlight glinted off the rows of solar panels.;"funkeln; Schimmer";glint — Sunlight glinted off the rows of solar panels.;glint — Sunlight glinted off the rows of solar panels.;"funkeln; Schimmer";1
C2 Vokabelliste;"sich an etwas erfreuen; sich mit etwas rühmen";glory in — Some companies glory in their reputation for technical innovation.;"sich an etwas erfreuen; sich mit etwas rühmen";glory in — Some companies glory in their reputation for technical innovation.;glory in — Some companies glory in their reputation for technical innovation.;"sich an etwas erfreuen; sich mit etwas rühmen";1
C2 Vokabelliste;"Pfropfung; Transplantat; Korruption; Bestechung";graft — The surgeon used a small skin graft to repair the damaged area.;"Pfropfung; Transplantat; Korruption; Bestechung";graft — The surgeon used a small skin graft to repair the damaged area.;graft — The surgeon used a small skin graft to repair the damaged area.;"Pfropfung; Transplantat; Korruption; Bestechung";1
C2 Vokabelliste;"sich hinbewegen; hingezogen werden";gravitate — Students interested in data often gravitate towards visualisation projects.;"sich hinbewegen; hingezogen werden";gravitate — Students interested in data often gravitate towards visualisation projects.;gravitate — Students interested in data often gravitate towards visualisation projects.;"sich hinbewegen; hingezogen werden";1
C2 Vokabelliste;gravitativ;gravitational — Hydropower relies on the gravitational potential energy of water.;gravitativ;gravitational — Hydropower relies on the gravitational potential energy of water.;gravitational — Hydropower relies on the gravitational potential energy of water.;gravitativ;1
C2 Vokabelliste;"Beschwerde; Missstand";grievance — Employees submitted a formal grievance about the new shift system.;"Beschwerde; Missstand";grievance — Employees submitted a formal grievance about the new shift system.;grievance — Employees submitted a formal grievance about the new shift system.;"Beschwerde; Missstand";1
C2 Vokabelliste;"Behausung; Bewohnung";habitation — The remote valley shows evidence of human habitation dating back centuries.;"Behausung; Bewohnung";habitation — The remote valley shows evidence of human habitation dating back centuries.;habitation — The remote valley shows evidence of human habitation dating back centuries.;"Behausung; Bewohnung";1
C2 Vokabelliste;"planlos; willkürlich";haphazard — The files had been stored in a haphazard manner with no clear naming system.;"planlos; willkürlich";haphazard — The files had been stored in a haphazard manner with no clear naming system.;haphazard — The files had been stored in a haphazard manner with no clear naming system.;"planlos; willkürlich";1
C2 Vokabelliste;"unglücklich; vom Pech verfolgt";hapless — The hapless technician arrived just as the system failed again.;"unglücklich; vom Pech verfolgt";hapless — The hapless technician arrived just as the system failed again.;hapless — The hapless technician arrived just as the system failed again.;"unglücklich; vom Pech verfolgt";1
C2 Vokabelliste;Zufall;happenstance — By pure happenstance, both researchers arrived at the same conclusion.;Zufall;happenstance — By pure happenstance, both researchers arrived at the same conclusion.;happenstance — By pure happenstance, both researchers arrived at the same conclusion.;Zufall;1
C2 Vokabelliste;hochmütig;haughty — His haughty manner alienated several members of the team.;hochmütig;haughty — His haughty manner alienated several members of the team.;haughty — His haughty manner alienated several members of the team.;hochmütig;1
C2 Vokabelliste;eindringlich;hauntingly — The singer performed the final song hauntingly.;eindringlich;hauntingly — The singer performed the final song hauntingly.;hauntingly — The singer performed the final song hauntingly.;eindringlich;1
C2 Vokabelliste;"Zuflucht; sicherer Ort";haven — The restored wetland provides a haven for birds and insects.;"Zuflucht; sicherer Ort";haven — The restored wetland provides a haven for birds and insects.;haven — The restored wetland provides a haven for birds and insects.;"Zuflucht; sicherer Ort";1
C2 Vokabelliste;"Steuer; Führung";helm — A new project manager took the helm after the reorganisation.;"Steuer; Führung";helm — A new project manager took the helm after the reorganisation.;helm — A new project manager took the helm after the reorganisation.;"Steuer; Führung";1
C2 Vokabelliste;"ankündigen; Vorbote";herald — The falling costs of batteries may herald major changes in the energy system.;"ankündigen; Vorbote";herald — The falling costs of batteries may herald major changes in the energy system.;herald — The falling costs of batteries may herald major changes in the energy system.;"ankündigen; Vorbote";1
C2 Vokabelliste;"hermetisch; abgeschottet";hermetic — The sample was stored in a hermetic container to prevent contamination.;"hermetisch; abgeschottet";hermetic — The sample was stored in a hermetic container to prevent contamination.;hermetic — The sample was stored in a hermetic container to prevent contamination.;"hermetisch; abgeschottet";1
C2 Vokabelliste;Einsiedler;hermit — The old man lived like a hermit in a cabin deep in the forest.;Einsiedler;hermit — The old man lived like a hermit in a cabin deep in the forest.;hermit — The old man lived like a hermit in a cabin deep in the forest.;Einsiedler;1
C2 Vokabelliste;"Rückblick; nachträgliche Einsicht";hindsight — With hindsight, the warning signs seem obvious.;"Rückblick; nachträgliche Einsicht";hindsight — With hindsight, the warning signs seem obvious.;hindsight — With hindsight, the warning signs seem obvious.;"Rückblick; nachträgliche Einsicht";1
C2 Vokabelliste;"Haken; Problem; anhängen; per Anhalter mitfahren";hitch — The installation went smoothly apart from one minor hitch.;"Haken; Problem; anhängen; per Anhalter mitfahren";hitch — The installation went smoothly apart from one minor hitch.;hitch — The installation went smoothly apart from one minor hitch.;"Haken; Problem; anhängen; per Anhalter mitfahren";1
C2 Vokabelliste;"bis dahin; bisher";hitherto — The study revealed patterns that had hitherto gone unnoticed.;"bis dahin; bisher";hitherto — The study revealed patterns that had hitherto gone unnoticed.;hitherto — The study revealed patterns that had hitherto gone unnoticed.;"bis dahin; bisher";1
C2 Vokabelliste;Gehöft;homestead — The family restored an old homestead at the edge of the moor.;Gehöft;homestead — The family restored an old homestead at the edge of the moor.;homestead — The family restored an old homestead at the edge of the moor.;Gehöft;1
C2 Vokabelliste;Hotelier;hotelier — The hotelier installed solar panels to reduce operating costs.;Hotelier;hotelier — The hotelier installed solar panels to reduce operating costs.;hotelier — The hotelier installed solar panels to reduce operating costs.;Hotelier;1
C2 Vokabelliste;"sich zusammendrängen; Gruppe";huddle — The runners huddled together under a shelter during the storm.;"sich zusammendrängen; Gruppe";huddle — The runners huddled together under a shelter during the storm.;huddle — The runners huddled together under a shelter during the storm.;"sich zusammendrängen; Gruppe";1
C2 Vokabelliste;"Rumpf; Hülle; Schale";hull — Engineers inspected the ship’s hull for signs of corrosion.;"Rumpf; Hülle; Schale";hull — Engineers inspected the ship’s hull for signs of corrosion.;hull — Engineers inspected the ship’s hull for signs of corrosion.;"Rumpf; Hülle; Schale";1
C2 Vokabelliste;Hysterie;hysteria — Rumours of an imminent blackout caused unnecessary hysteria.;Hysterie;hysteria — Rumours of an imminent blackout caused unnecessary hysteria.;hysteria — Rumours of an imminent blackout caused unnecessary hysteria.;Hysterie;1
C2 Vokabelliste;hysterisch;hysterical — The headline was so exaggerated that it sounded almost hysterical.;hysterisch;hysterical — The headline was so exaggerated that it sounded almost hysterical.;hysterical — The headline was so exaggerated that it sounded almost hysterical.;hysterisch;1
C2 Vokabelliste;idiomatisch;idiomatic — Regular reading helps learners develop more idiomatic English.;idiomatisch;idiomatic — Regular reading helps learners develop more idiomatic English.;idiomatic — Regular reading helps learners develop more idiomatic English.;idiomatisch;1
C2 Vokabelliste;Eigenart;idiosyncrasy — Every dataset has its own idiosyncrasies that analysts must understand.;Eigenart;idiosyncrasy — Every dataset has its own idiosyncrasies that analysts must understand.;idiosyncrasy — Every dataset has its own idiosyncrasies that analysts must understand.;Eigenart;1
C2 Vokabelliste;eigenwillig;idiosyncratic — The researcher used an idiosyncratic naming system for her files.;eigenwillig;idiosyncratic — The researcher used an idiosyncratic naming system for her files.;idiosyncratic — The researcher used an idiosyncratic naming system for her files.;eigenwillig;1
C2 Vokabelliste;schmachvoll;ignominious — The ambitious project came to an ignominious end after the funding was withdrawn.;schmachvoll;ignominious — The ambitious project came to an ignominious end after the funding was withdrawn.;ignominious — The ambitious project came to an ignominious end after the funding was withdrawn.;schmachvoll;1
C2 Vokabelliste;tadellos;impeccable — Her documentation was impeccable and easy for others to reproduce.;tadellos;impeccable — Her documentation was impeccable and easy for others to reproduce.;impeccable — Her documentation was impeccable and easy for others to reproduce.;tadellos;1
C2 Vokabelliste;kaum wahrnehmbar;imperceptible — The change in frequency was almost imperceptible without precise instruments.;kaum wahrnehmbar;imperceptible — The change in frequency was almost imperceptible without precise instruments.;imperceptible — The change in frequency was almost imperceptible without precise instruments.;kaum wahrnehmbar;1
C2 Vokabelliste;impressionistisch;impressionistic — The article offers an impressionistic account rather than a rigorous statistical analysis.;impressionistisch;impressionistic — The article offers an impressionistic account rather than a rigorous statistical analysis.;impressionistic — The article offers an impressionistic account rather than a rigorous statistical analysis.;impressionistisch;1
C2 Vokabelliste;"unausgereift; erst im Entstehen";inchoate — The project was still inchoate, with only a rough idea of its final form.;"unausgereift; erst im Entstehen";inchoate — The project was still inchoate, with only a rough idea of its final form.;inchoate — The project was still inchoate, with only a rough idea of its final form.;"unausgereift; erst im Entstehen";1
C2 Vokabelliste;"Amtsinhaber/in; amtierend; obliegend";incumbent — The incumbent operator remains responsible for maintaining the network.;"Amtsinhaber/in; amtierend; obliegend";incumbent — The incumbent operator remains responsible for maintaining the network.;incumbent — The incumbent operator remains responsible for maintaining the network.;"Amtsinhaber/in; amtierend; obliegend";1
C2 Vokabelliste;Trägheit;indolence — The coach criticised the team’s indolence during training.;Trägheit;indolence — The coach criticised the team’s indolence during training.;indolence — The coach criticised the team’s indolence during training.;Trägheit;1
C2 Vokabelliste;"träge; faul";indolent — An indolent lifestyle can quickly reduce physical fitness.;"träge; faul";indolent — An indolent lifestyle can quickly reduce physical fitness.;indolent — An indolent lifestyle can quickly reduce physical fitness.;"träge; faul";1
C2 Vokabelliste;"bewirken; veranlassen";induce — A strong magnetic field can induce a voltage in a conductor.;"bewirken; veranlassen";induce — A strong magnetic field can induce a voltage in a conductor.;induce — A strong magnetic field can induce a voltage in a conductor.;"bewirken; veranlassen";1
C2 Vokabelliste;"Anreiz; Veranlassung";inducement — The subsidy provides an inducement for households to install heat pumps.;"Anreiz; Veranlassung";inducement — The subsidy provides an inducement for households to install heat pumps.;inducement — The subsidy provides an inducement for households to install heat pumps.;"Anreiz; Veranlassung";1
C2 Vokabelliste;"träge; reaktionslos";inert — The material remains chemically inert under normal operating conditions.;"träge; reaktionslos";inert — The material remains chemically inert under normal operating conditions.;inert — The material remains chemically inert under normal operating conditions.;"träge; reaktionslos";1
C2 Vokabelliste;Unfehlbarkeit;infallibility — No forecasting model can claim infallibility.;Unfehlbarkeit;infallibility — No forecasting model can claim infallibility.;infallibility — No forecasting model can claim infallibility.;Unfehlbarkeit;1
C2 Vokabelliste;unfehlbar;infallible — Even experienced engineers are not infallible.;unfehlbar;infallible — Even experienced engineers are not infallible.;infallible — Even experienced engineers are not infallible.;unfehlbar;1
C2 Vokabelliste;höllisch;infernal — The infernal noise from the old generator made conversation impossible.;höllisch;infernal — The infernal noise from the old generator made conversation impossible.;infernal — The infernal noise from the old generator made conversation impossible.;höllisch;1
C2 Vokabelliste;Informant;informant — The journalist protected the identity of her informant.;Informant;informant — The journalist protected the identity of her informant.;informant — The journalist protected the identity of her informant.;Informant;1
C2 Vokabelliste;Undankbarer;ingrate — He was called an ingrate after publicly insulting those who had helped him.;Undankbarer;ingrate — He was called an ingrate after publicly insulting those who had helped him.;ingrate — He was called an ingrate after publicly insulting those who had helped him.;Undankbarer;1
C2 Vokabelliste;sich einschmeicheln;ingratiate — He tried to ingratiate himself with the new manager by praising every decision.;sich einschmeicheln;ingratiate — He tried to ingratiate himself with the new manager by praising every decision.;ingratiate — He tried to ingratiate himself with the new manager by praising every decision.;sich einschmeicheln;1
C2 Vokabelliste;"Andeutung; Anspielung, oft anzüglich";innuendo — The article relied on innuendo rather than direct accusations.;"Andeutung; Anspielung, oft anzüglich";innuendo — The article relied on innuendo rather than direct accusations.;innuendo — The article relied on innuendo rather than direct accusations.;"Andeutung; Anspielung, oft anzüglich";1
C2 Vokabelliste;"engstirnig; insular";insular — An insular organisation can easily miss ideas developed elsewhere.;"engstirnig; insular";insular — An insular organisation can easily miss ideas developed elsewhere.;insular — An insular organisation can easily miss ideas developed elsewhere.;"engstirnig; insular";1
C2 Vokabelliste;ineinandergreifend;interlocking — The model represents the interlocking relationships between markets, grids and consumers.;ineinandergreifend;interlocking — The model represents the interlocking relationships between markets, grids and consumers.;interlocking — The model represents the interlocking relationships between markets, grids and consumers.;ineinandergreifend;1
C2 Vokabelliste;Zwischenspiel;interlude — The quiet acoustic song provided a brief interlude in the concert.;Zwischenspiel;interlude — The quiet acoustic song provided a brief interlude in the concert.;interlude — The quiet acoustic song provided a brief interlude in the concert.;Zwischenspiel;1
C2 Vokabelliste;"Vermittler/in; Zwischeninstanz";intermediary — The platform acts as an intermediary between producers and buyers.;"Vermittler/in; Zwischeninstanz";intermediary — The platform acts as an intermediary between producers and buyers.;intermediary — The platform acts as an intermediary between producers and buyers.;"Vermittler/in; Zwischeninstanz";1
C2 Vokabelliste;"verhören; befragen";interrogate — The analyst interrogated the dataset for evidence of seasonal patterns.;"verhören; befragen";interrogate — The analyst interrogated the dataset for evidence of seasonal patterns.;interrogate — The analyst interrogated the dataset for evidence of seasonal patterns.;"verhören; befragen";1
C2 Vokabelliste;Verhör;interrogation — The suspect remained calm throughout the police interrogation.;Verhör;interrogation — The suspect remained calm throughout the police interrogation.;interrogation — The suspect remained calm throughout the police interrogation.;Verhör;1
C2 Vokabelliste;"fragend; Interrogativ-";interrogative — The teacher explained how interrogative forms differ from statements.;"fragend; Interrogativ-";interrogative — The teacher explained how interrogative forms differ from statements.;interrogative — The teacher explained how interrogative forms differ from statements.;"fragend; Interrogativ-";1
C2 Vokabelliste;"wesenseigen; intrinsisch";intrinsic — Curiosity has intrinsic value beyond its usefulness for a career.;"wesenseigen; intrinsisch";intrinsic — Curiosity has intrinsic value beyond its usefulness for a career.;intrinsic — Curiosity has intrinsic value beyond its usefulness for a career.;"wesenseigen; intrinsisch";1
C2 Vokabelliste;Irrelevanz;irrelevancy — The editor removed several paragraphs because of their irrelevancy to the main argument.;Irrelevanz;irrelevancy — The editor removed several paragraphs because of their irrelevancy to the main argument.;irrelevancy — The editor removed several paragraphs because of their irrelevancy to the main argument.;Irrelevanz;1
C2 Vokabelliste;unwiderruflich;irrevocable — Once the habitat is destroyed, some losses may be irrevocable.;unwiderruflich;irrevocable — Once the habitat is destroyed, some losses may be irrevocable.;irrevocable — Once the habitat is destroyed, some losses may be irrevocable.;unwiderruflich;1
C2 Vokabelliste;Fachsprache;jargon — The report avoids unnecessary technical jargon.;Fachsprache;jargon — The report avoids unnecessary technical jargon.;jargon — The report avoids unnecessary technical jargon.;Fachsprache;1
C2 Vokabelliste;"schrill; irritierend";jarring — The bright red warning symbol looked jarring against the otherwise calm interface.;"schrill; irritierend";jarring — The bright red warning symbol looked jarring against the otherwise calm interface.;jarring — The bright red warning symbol looked jarring against the otherwise calm interface.;"schrill; irritierend";1
C2 Vokabelliste;kinetisch;kinetic — A moving turbine blade contains considerable kinetic energy.;kinetisch;kinetic — A moving turbine blade contains considerable kinetic energy.;kinetic — A moving turbine blade contains considerable kinetic energy.;kinetisch;1
C2 Vokabelliste;"Klage; beklagen";lament — Residents lament the loss of the old railway connection.;"Klage; beklagen";lament — Residents lament the loss of the old railway connection.;lament — Residents lament the loss of the old railway connection.;"Klage; beklagen";1
C2 Vokabelliste;Klage;lamentation — The poem is a lamentation for a landscape transformed by war.;Klage;lamentation — The poem is a lamentation for a landscape transformed by war.;lamentation — The poem is a lamentation for a landscape transformed by war.;Klage;1
C2 Vokabelliste;"Lerche; Spaß; Ulk";lark — What began as a weekend lark eventually became a serious research project.;"Lerche; Spaß; Ulk";lark — What began as a weekend lark eventually became a serious research project.;lark — What began as a weekend lark eventually became a serious research project.;"Lerche; Spaß; Ulk";1
C2 Vokabelliste;Mattigkeit;lassitude — After the long race, a heavy lassitude set in.;Mattigkeit;lassitude — After the long race, a heavy lassitude set in.;lassitude — After the long race, a heavy lassitude set in.;Mattigkeit;1
C2 Vokabelliste;"Kontakt halten; sich abstimmen";liaise — The engineering team will liaise with local authorities before construction begins.;"Kontakt halten; sich abstimmen";liaise — The engineering team will liaise with local authorities before construction begins.;liaise — The engineering team will liaise with local authorities before construction begins.;"Kontakt halten; sich abstimmen";1
C2 Vokabelliste;"herumlungern; verweilen";loiter — Visitors are asked not to loiter near the emergency exits.;"herumlungern; verweilen";loiter — Visitors are asked not to loiter near the emergency exits.;loiter — Visitors are asked not to loiter near the emergency exits.;"herumlungern; verweilen";1
C2 Vokabelliste;"grell; reißerisch";lurid — The newspaper used lurid language to describe a relatively minor incident.;"grell; reißerisch";lurid — The newspaper used lurid language to describe a relatively minor incident.;lurid — The newspaper used lurid language to describe a relatively minor incident.;"grell; reißerisch";1
C2 Vokabelliste;lyrisch;lyrical — The author gives a lyrical description of the changing coastal landscape.;lyrisch;lyrical — The author gives a lyrical description of the changing coastal landscape.;lyrical — The author gives a lyrical description of the changing coastal landscape.;lyrisch;1
C2 Vokabelliste;Liedtexter;lyricist — The lyricist wrote the words while the composer developed the melody.;Liedtexter;lyricist — The lyricist wrote the words while the composer developed the melody.;lyricist — The lyricist wrote the words while the composer developed the melody.;Liedtexter;1
C2 Vokabelliste;Made;maggot — A maggot wriggled inside the fallen fruit.;Made;maggot — A maggot wriggled inside the fallen fruit.;maggot — A maggot wriggled inside the fallen fruit.;Made;1
C2 Vokabelliste;Großmut;magnanimity — She showed remarkable magnanimity towards a rival who had criticised her.;Großmut;magnanimity — She showed remarkable magnanimity towards a rival who had criticised her.;magnanimity — She showed remarkable magnanimity towards a rival who had criticised her.;Großmut;1
C2 Vokabelliste;großmütig;magnanimous — The winner was magnanimous and praised the other competitors.;großmütig;magnanimous — The winner was magnanimous and praised the other competitors.;magnanimous — The winner was magnanimous and praised the other competitors.;großmütig;1
C2 Vokabelliste;Magnat;magnate — The industrial magnate invested heavily in renewable energy.;Magnat;magnate — The industrial magnate invested heavily in renewable energy.;magnate — The industrial magnate invested heavily in renewable energy.;Magnat;1
C2 Vokabelliste;Elster;magpie — A magpie landed on the fence beside the solar panels.;Elster;magpie — A magpie landed on the fence beside the solar panels.;magpie — A magpie landed on the fence beside the solar panels.;Elster;1
C2 Vokabelliste;Bosheit;malice — The error was caused by carelessness rather than malice.;Bosheit;malice — The error was caused by carelessness rather than malice.;malice — The error was caused by carelessness rather than malice.;Bosheit;1
C2 Vokabelliste;bösartig;malicious — The company strengthened its systems against malicious cyberattacks.;bösartig;malicious — The company strengthened its systems against malicious cyberattacks.;malicious — The company strengthened its systems against malicious cyberattacks.;bösartig;1
C2 Vokabelliste;Formbarkeit;malleability — Copper is valued partly for its electrical conductivity and malleability.;Formbarkeit;malleability — Copper is valued partly for its electrical conductivity and malleability.;malleability — Copper is valued partly for its electrical conductivity and malleability.;Formbarkeit;1
C2 Vokabelliste;"formbar; beeinflussbar";malleable — The material becomes more malleable when heated.;"formbar; beeinflussbar";malleable — The material becomes more malleable when heated.;malleable — The material becomes more malleable when heated.;"formbar; beeinflussbar";1
C2 Vokabelliste;"verstümmeln; verhunzen";mangle — Automatic formatting can mangle a poorly structured data file.;"verstümmeln; verhunzen";mangle — Automatic formatting can mangle a poorly structured data file.;mangle — Automatic formatting can mangle a poorly structured data file.;"verstümmeln; verhunzen";1
C2 Vokabelliste;"Manöver; manövrieren";manoeuvre — The captain carefully manoeuvred the vessel into the harbour.;"Manöver; manövrieren";manoeuvre — The captain carefully manoeuvred the vessel into the harbour.;manoeuvre — The captain carefully manoeuvred the vessel into the harbour.;"Manöver; manövrieren";1
C2 Vokabelliste;Seefahrer;mariner — The experienced mariner knew the coastal waters well.;Seefahrer;mariner — The experienced mariner knew the coastal waters well.;mariner — The experienced mariner knew the coastal waters well.;Seefahrer;1
C2 Vokabelliste;"sich verwirklichen; erscheinen";materialise — The expected funding never materialised.;"sich verwirklichen; erscheinen";materialise — The expected funding never materialised.;materialise — The expected funding never materialised.;"sich verwirklichen; erscheinen";1
C2 Vokabelliste;"Nonkonformist; Einzelgänger";maverick — The maverick researcher often challenged established assumptions.;"Nonkonformist; Einzelgänger";maverick — The maverick researcher often challenged established assumptions.;maverick — The maverick researcher often challenged established assumptions.;"Nonkonformist; Einzelgänger";1
C2 Vokabelliste;"dürftig; mager";meagre — The village had only meagre resources for repairing the damaged road.;"dürftig; mager";meagre — The village had only meagre resources for repairing the damaged road.;meagre — The village had only meagre resources for repairing the damaged road.;"dürftig; mager";1
C2 Vokabelliste;vermitteln;mediate — An independent expert was asked to mediate between the two sides.;vermitteln;mediate — An independent expert was asked to mediate between the two sides.;mediate — An independent expert was asked to mediate between the two sides.;vermitteln;1
C2 Vokabelliste;Vermittlung;mediation — The dispute was eventually resolved through mediation.;Vermittlung;mediation — The dispute was eventually resolved through mediation.;mediation — The dispute was eventually resolved through mediation.;Vermittlung;1
C2 Vokabelliste;Mittelmäßigkeit;mediocrity — The coach refused to accept mediocrity from a talented team.;Mittelmäßigkeit;mediocrity — The coach refused to accept mediocrity from a talented team.;mediocrity — The coach refused to accept mediocrity from a talented team.;Mittelmäßigkeit;1
C2 Vokabelliste;"Melancholie; melancholisch";melancholy — A quiet melancholy hangs over the abandoned industrial site.;"Melancholie; melancholisch";melancholy — A quiet melancholy hangs over the abandoned industrial site.;melancholy — A quiet melancholy hangs over the abandoned industrial site.;"Melancholie; melancholisch";1
C2 Vokabelliste;melodisch;melodious — A melodious bird call echoed through the forest.;melodisch;melodious — A melodious bird call echoed through the forest.;melodious — A melodious bird call echoed through the forest.;melodisch;1
C2 Vokabelliste;Bedrohung;menace — Invasive species can become a serious menace to local ecosystems.;Bedrohung;menace — Invasive species can become a serious menace to local ecosystems.;menace — Invasive species can become a serious menace to local ecosystems.;Bedrohung;1
C2 Vokabelliste;bedrohlich;menacing — Dark storm clouds gave the sky a menacing appearance.;bedrohlich;menacing — Dark storm clouds gave the sky a menacing appearance.;menacing — Dark storm clouds gave the sky a menacing appearance.;bedrohlich;1
C2 Vokabelliste;"niedrig; anspruchslos";menial — Automation can reduce the amount of menial administrative work.;"niedrig; anspruchslos";menial — Automation can reduce the amount of menial administrative work.;menial — Automation can reduce the amount of menial administrative work.;"niedrig; anspruchslos";1
C2 Vokabelliste;"Söldner; eigennützig";mercenary — His motives seemed purely mercenary, with little concern for the project itself.;"Söldner; eigennützig";mercenary — His motives seemed purely mercenary, with little concern for the project itself.;mercenary — His motives seemed purely mercenary, with little concern for the project itself.;"Söldner; eigennützig";1
C2 Vokabelliste;"Verdienst; Vorzug; verdienen; rechtfertigen";merit — The proposal has merit because it combines low cost with practical benefits.;"Verdienst; Vorzug; verdienen; rechtfertigen";merit — The proposal has merit because it combines low cost with practical benefits.;merit — The proposal has merit because it combines low cost with practical benefits.;"Verdienst; Vorzug; verdienen; rechtfertigen";1
C2 Vokabelliste;ineinandergreifen;mesh — The different datasets mesh well once their time intervals are aligned.;ineinandergreifen;mesh — The different datasets mesh well once their time intervals are aligned.;mesh — The different datasets mesh well once their time intervals are aligned.;ineinandergreifen;1
C2 Vokabelliste;hypnotisierend;mesmeric — The slow movement of the aurora was almost mesmeric.;hypnotisierend;mesmeric — The slow movement of the aurora was almost mesmeric.;mesmeric — The slow movement of the aurora was almost mesmeric.;hypnotisierend;1
C2 Vokabelliste;meteorologisch;meteorological — The forecast combines satellite observations with meteorological measurements.;meteorologisch;meteorological — The forecast combines satellite observations with meteorological measurements.;meteorological — The forecast combines satellite observations with meteorological measurements.;meteorologisch;1
C2 Vokabelliste;Meteorologie;meteorology — Accurate wind forecasts depend heavily on modern meteorology.;Meteorologie;meteorology — Accurate wind forecasts depend heavily on modern meteorology.;meteorology — Accurate wind forecasts depend heavily on modern meteorology.;Meteorologie;1
C2 Vokabelliste;methodisch;methodological — The paper acknowledges several methodological limitations.;methodisch;methodological — The paper acknowledges several methodological limitations.;methodological — The paper acknowledges several methodological limitations.;methodisch;1
C2 Vokabelliste;"akribisch; äußerst sorgfältig";meticulous — She kept meticulous records of every change made to the dataset.;"akribisch; äußerst sorgfältig";meticulous — She kept meticulous records of every change made to the dataset.;meticulous — She kept meticulous records of every change made to the dataset.;"akribisch; äußerst sorgfältig";1
C2 Vokabelliste;Hebammenwesen;midwifery — The university offers specialist training in midwifery.;Hebammenwesen;midwifery — The university offers specialist training in midwifery.;midwifery — The university offers specialist training in midwifery.;Hebammenwesen;1
C2 Vokabelliste;"Minenfeld; heikles Gebiet";minefield — Data-protection law can be a minefield for small organisations.;"Minenfeld; heikles Gebiet";minefield — Data-protection law can be a minefield for small organisations.;minefield — Data-protection law can be a minefield for small organisations.;"Minenfeld; heikles Gebiet";1
C2 Vokabelliste;Modernismus;modernism — The museum exhibition explores architecture shaped by modernism.;Modernismus;modernism — The museum exhibition explores architecture shaped by modernism.;modernism — The museum exhibition explores architecture shaped by modernism.;Modernismus;1
C2 Vokabelliste;klösterlich;monastic — He lived a monastic life focused almost entirely on study.;klösterlich;monastic — He lived a monastic life focused almost entirely on study.;monastic — He lived a monastic life focused almost entirely on study.;klösterlich;1
C2 Vokabelliste;"Moor; festmachen; vertäuen";moor — The crew moored the research vessel beside the quay.;"Moor; festmachen; vertäuen";moor — The crew moored the research vessel beside the quay.;moor — The crew moored the research vessel beside the quay.;"Moor; festmachen; vertäuen";1
C2 Vokabelliste;"im Niedergang; absterbend";moribund — The once-thriving industry had become moribund by the 1990s.;"im Niedergang; absterbend";moribund — The once-thriving industry had become moribund by the 1990s.;moribund — The once-thriving industry had become moribund by the 1990s.;"im Niedergang; absterbend";1
C2 Vokabelliste;gefleckt;mottled — The old stone wall had a mottled surface of grey and green.;gefleckt;mottled — The old stone wall had a mottled surface of grey and green.;mottled — The old stone wall had a mottled surface of grey and green.;gefleckt;1
C2 Vokabelliste;"formen; prägen";mould — Early experiences can mould the way people think about technology.;"formen; prägen";mould — Early experiences can mould the way people think about technology.;mould — Early experiences can mould the way people think about technology.;"formen; prägen";1
C2 Vokabelliste;Alltäglichkeit;mundanity — The novel finds humour in the mundanity of everyday office life.;Alltäglichkeit;mundanity — The novel finds humour in the mundanity of everyday office life.;mundanity — The novel finds humour in the mundanity of everyday office life.;Alltäglichkeit;1
C2 Vokabelliste;Großzügigkeit;munificence — The museum was built largely through the munificence of a wealthy donor.;Großzügigkeit;munificence — The museum was built largely through the munificence of a wealthy donor.;munificence — The museum was built largely through the munificence of a wealthy donor.;Großzügigkeit;1
C2 Vokabelliste;"muskelbepackt; unbeweglich";muscle-bound — The muscle-bound athlete struggled with movements that required flexibility.;"muskelbepackt; unbeweglich";muscle-bound — The muscle-bound athlete struggled with movements that required flexibility.;muscle-bound — The muscle-bound athlete struggled with movements that required flexibility.;"muskelbepackt; unbeweglich";1
C2 Vokabelliste;meuterisch;mutinous — The exhausted crew grew increasingly mutinous after weeks at sea.;meuterisch;mutinous — The exhausted crew grew increasingly mutinous after weeks at sea.;mutinous — The exhausted crew grew increasingly mutinous after weeks at sea.;meuterisch;1
C2 Vokabelliste;"nahezu; nahe";nigh — The old battery was nigh impossible to repair.;"nahezu; nahe";nigh — The old battery was nigh impossible to repair.;nigh — The old battery was nigh impossible to repair.;"nahezu; nahe";1
C2 Vokabelliste;"lässig; unbekümmert";nonchalant — She remained nonchalant despite the sudden change of plans.;"lässig; unbekümmert";nonchalant — She remained nonchalant despite the sudden change of plans.;nonchalant — She remained nonchalant despite the sudden change of plans.;"lässig; unbekümmert";1
C2 Vokabelliste;Nostalgie;nostalgia — The old photographs filled him with nostalgia for his childhood.;Nostalgie;nostalgia — The old photographs filled him with nostalgia for his childhood.;nostalgia — The old photographs filled him with nostalgia for his childhood.;Nostalgie;1
C2 Vokabelliste;nostalgisch;nostalgic — The exhibition takes a nostalgic look at early home computers.;nostalgisch;nostalgic — The exhibition takes a nostalgic look at early home computers.;nostalgic — The exhibition takes a nostalgic look at early home computers.;nostalgisch;1
C2 Vokabelliste;Berüchtigtheit;notoriety — The company gained notoriety after a series of environmental violations.;Berüchtigtheit;notoriety — The company gained notoriety after a series of environmental violations.;notoriety — The company gained notoriety after a series of environmental violations.;Berüchtigtheit;1
C2 Vokabelliste;Achtzigjährige/r;octogenarian — The octogenarian still cycles several kilometres every day.;Achtzigjährige/r;octogenarian — The octogenarian still cycles several kilometres every day.;octogenarian — The octogenarian still cycles several kilometres every day.;Achtzigjährige/r;1
C2 Vokabelliste;Undurchsichtigkeit;opacity — The opacity of the pricing system makes comparison difficult for consumers.;Undurchsichtigkeit;opacity — The opacity of the pricing system makes comparison difficult for consumers.;opacity — The opacity of the pricing system makes comparison difficult for consumers.;Undurchsichtigkeit;1
C2 Vokabelliste;"undurchsichtig; unklar";opaque — The report’s methodology is so opaque that the results are hard to verify.;"undurchsichtig; unklar";opaque — The report’s methodology is so opaque that the results are hard to verify.;opaque — The report’s methodology is so opaque that the results are hard to verify.;"undurchsichtig; unklar";1
C2 Vokabelliste;"Prunk; Reichtum";opulence — The palace was designed to display royal opulence.;"Prunk; Reichtum";opulence — The palace was designed to display royal opulence.;opulence — The palace was designed to display royal opulence.;"Prunk; Reichtum";1
C2 Vokabelliste;"opulent; prunkvoll";opulent — The hotel lobby is unusually opulent, with marble floors and gold details.;"opulent; prunkvoll";opulent — The hotel lobby is unusually opulent, with marble floors and gold details.;opulent — The hotel lobby is unusually opulent, with marble floors and gold details.;"opulent; prunkvoll";1
C2 Vokabelliste;"verordnen; weihen";ordain — Tradition alone cannot ordain how a modern energy system should be designed.;"verordnen; weihen";ordain — Tradition alone cannot ordain how a modern energy system should be designed.;ordain — Tradition alone cannot ordain how a modern energy system should be designed.;"verordnen; weihen";1
C2 Vokabelliste;Erz;ore — The mine extracts iron ore from deep underground.;Erz;ore — The mine extracts iron ore from deep underground.;ore — The mine extracts iron ore from deep underground.;Erz;1
C2 Vokabelliste;"verziert; kunstvoll";ornate — The historic building has an ornate wooden entrance.;"verziert; kunstvoll";ornate — The historic building has an ornate wooden entrance.;ornate — The historic building has an ornate wooden entrance.;"verziert; kunstvoll";1
C2 Vokabelliste;vorgeblich;ostensible — The ostensible reason for the delay was bad weather.;vorgeblich;ostensible — The ostensible reason for the delay was bad weather.;ostensible — The ostensible reason for the delay was bad weather.;vorgeblich;1
C2 Vokabelliste;"überholt; veraltet";outmoded — The company replaced its outmoded software with a modern platform.;"überholt; veraltet";outmoded — The company replaced its outmoded software with a modern platform.;outmoded — The company replaced its outmoded software with a modern platform.;"überholt; veraltet";1
C2 Vokabelliste;überlagern;overlay — The GIS tool can overlay grid infrastructure on topographical maps.;überlagern;overlay — The GIS tool can overlay grid infrastructure on topographical maps.;overlay — The GIS tool can overlay grid infrastructure on topographical maps.;überlagern;1
C2 Vokabelliste;"äußerst sorgfältig; mühsam";painstaking — The researchers carried out a painstaking review of thousands of records.;"äußerst sorgfältig; mühsam";painstaking — The researchers carried out a painstaking review of thousands of records.;painstaking — The researchers carried out a painstaking review of thousands of records.;"äußerst sorgfältig; mühsam";1
C2 Vokabelliste;"schmackhaft; akzeptabel";palatable — The compromise was not ideal, but it was palatable to both sides.;"schmackhaft; akzeptabel";palatable — The compromise was not ideal, but it was palatable to both sides.;palatable — The compromise was not ideal, but it was palatable to both sides.;"schmackhaft; akzeptabel";1
C2 Vokabelliste;"Gaumen; Geschmackssinn";palate — The chef adjusted the dish to suit a less adventurous palate.;"Gaumen; Geschmackssinn";palate — The chef adjusted the dish to suit a less adventurous palate.;palate — The chef adjusted the dish to suit a less adventurous palate.;"Gaumen; Geschmackssinn";1
C2 Vokabelliste;lähmen;paralyse — A major cyberattack could paralyse critical infrastructure.;lähmen;paralyse — A major cyberattack could paralyse critical infrastructure.;paralyse — A major cyberattack could paralyse critical infrastructure.;lähmen;1
C2 Vokabelliste;Lähmung;paralysis — The accident caused temporary paralysis in one leg.;Lähmung;paralysis — The accident caused temporary paralysis in one leg.;paralysis — The accident caused temporary paralysis in one leg.;Lähmung;1
C2 Vokabelliste;"engstirnig; kirchlich";parochial — A parochial view of the problem ignores developments in other countries.;"engstirnig; kirchlich";parochial — A parochial view of the problem ignores developments in other countries.;parochial — A parochial view of the problem ignores developments in other countries.;"engstirnig; kirchlich";1
C2 Vokabelliste;"lückenhaft; fleckig";patchy — Data coverage before 2010 is patchy in several regions.;"lückenhaft; fleckig";patchy — Data coverage before 2010 is patchy in several regions.;patchy — Data coverage before 2010 is patchy in several regions.;"lückenhaft; fleckig";1
C2 Vokabelliste;Sockel;pedestal — The old turbine blade is displayed on a concrete pedestal.;Sockel;pedestal — The old turbine blade is displayed on a concrete pedestal.;pedestal — The old turbine blade is displayed on a concrete pedestal.;Sockel;1
C2 Vokabelliste;"banal; Fußgänger-";pedestrian — The article is accurate but rather pedestrian in style.;"banal; Fußgänger-";pedestrian — The article is accurate but rather pedestrian in style.;pedestrian — The article is accurate but rather pedestrian in style.;"banal; Fußgänger-";1
C2 Vokabelliste;"Sitzstange; sich niederlassen; hocken";perch — A kestrel perched on a transmission tower.;"Sitzstange; sich niederlassen; hocken";perch — A kestrel perched on a transmission tower.;perch — A kestrel perched on a transmission tower.;"Sitzstange; sich niederlassen; hocken";1
C2 Vokabelliste;"allgegenwärtig; weit verbreitet";pervasive — Digital technology has become pervasive in modern energy systems.;"allgegenwärtig; weit verbreitet";pervasive — Digital technology has become pervasive in modern energy systems.;pervasive — Digital technology has become pervasive in modern energy systems.;"allgegenwärtig; weit verbreitet";1
C2 Vokabelliste;weite Verbreitung;pervasiveness — The pervasiveness of smartphones has changed how people access information.;weite Verbreitung;pervasiveness — The pervasiveness of smartphones has changed how people access information.;pervasiveness — The pervasiveness of smartphones has changed how people access information.;weite Verbreitung;1
C2 Vokabelliste;"pervers; widersinnig";perverse — It would be perverse to reward companies for wasting energy.;"pervers; widersinnig";perverse — It would be perverse to reward companies for wasting energy.;perverse — It would be perverse to reward companies for wasting energy.;"pervers; widersinnig";1
C2 Vokabelliste;"Perversion; Widersinn";perversity — There is a certain perversity in subsidising both pollution and its cleanup.;"Perversion; Widersinn";perversity — There is a certain perversity in subsidising both pollution and its cleanup.;perversity — There is a certain perversity in subsidising both pollution and its cleanup.;"Perversion; Widersinn";1
C2 Vokabelliste;Phantom;phantom — Engineers investigated a phantom signal that appeared only at night.;Phantom;phantom — Engineers investigated a phantom signal that appeared only at night.;phantom — Engineers investigated a phantom signal that appeared only at night.;Phantom;1
C2 Vokabelliste;wohltätig;philanthropic — The foundation supports several philanthropic environmental projects.;wohltätig;philanthropic — The foundation supports several philanthropic environmental projects.;philanthropic — The foundation supports several philanthropic environmental projects.;wohltätig;1
C2 Vokabelliste;Philanthrop;philanthropist — A local philanthropist funded the restoration of the wetland.;Philanthrop;philanthropist — A local philanthropist funded the restoration of the wetland.;philanthropist — A local philanthropist funded the restoration of the wetland.;Philanthrop;1
C2 Vokabelliste;"Philanthropie; Wohltätigkeit";philanthropy — Private philanthropy helped finance the community science centre.;"Philanthropie; Wohltätigkeit";philanthropy — Private philanthropy helped finance the community science centre.;philanthropy — Private philanthropy helped finance the community science centre.;"Philanthropie; Wohltätigkeit";1
C2 Vokabelliste;Kulturbanause;philistine — Calling every form of modern art pointless would make him sound like a philistine.;Kulturbanause;philistine — Calling every form of modern art pointless would make him sound like a philistine.;philistine — Calling every form of modern art pointless would make him sound like a philistine.;Kulturbanause;1
C2 Vokabelliste;physiologisch;physiological — Heat stress can produce serious physiological effects during endurance exercise.;physiologisch;physiological — Heat stress can produce serious physiological effects during endurance exercise.;physiological — Heat stress can produce serious physiological effects during endurance exercise.;physiologisch;1
C2 Vokabelliste;"Mut; zupfen";pluck — She showed real pluck by continuing the race in difficult weather.;"Mut; zupfen";pluck — She showed real pluck by continuing the race in difficult weather.;pluck — She showed real pluck by continuing the race in difficult weather.;"Mut; zupfen";1
C2 Vokabelliste;"begehrt; erstklassig";plum — He landed a plum internship with a leading research institute.;"begehrt; erstklassig";plum — He landed a plum internship with a leading research institute.;plum — He landed a plum internship with a leading research institute.;"begehrt; erstklassig";1
C2 Vokabelliste;"Federbusch; Rauchfahne";plume — A dark plume of smoke rose above the industrial site.;"Federbusch; Rauchfahne";plume — A dark plume of smoke rose above the industrial site.;plume — A dark plume of smoke rose above the industrial site.;"Federbusch; Rauchfahne";1
C2 Vokabelliste;Plutokrat;plutocrat — The novel depicts a plutocrat whose wealth gives him enormous political influence.;Plutokrat;plutocrat — The novel depicts a plutocrat whose wealth gives him enormous political influence.;plutocrat — The novel depicts a plutocrat whose wealth gives him enormous political influence.;Plutokrat;1
C2 Vokabelliste;mehrsilbig;polysyllabic — The technical report is full of long, polysyllabic terms.;mehrsilbig;polysyllabic — The technical report is full of long, polysyllabic terms.;polysyllabic — The technical report is full of long, polysyllabic terms.;mehrsilbig;1
C2 Vokabelliste;schwerfällig;ponderous — The presentation was informative but ponderous and overly long.;schwerfällig;ponderous — The presentation was informative but ponderous and overly long.;ponderous — The presentation was informative but ponderous and overly long.;schwerfällig;1
C2 Vokabelliste;"behaupten; postulieren";posit — The researchers posit that flexible demand could reduce peak loads.;"behaupten; postulieren";posit — The researchers posit that flexible demand could reduce peak loads.;posit — The researchers posit that flexible demand could reduce peak loads.;"behaupten; postulieren";1
C2 Vokabelliste;Nachwelt;posterity — The archive preserves these records for posterity.;Nachwelt;posterity — The archive preserves these records for posterity.;posterity — The archive preserves these records for posterity.;Nachwelt;1
C2 Vokabelliste;die Körperhaltung betreffend;postural — Long hours at a desk can contribute to postural problems.;die Körperhaltung betreffend;postural — Long hours at a desk can contribute to postural problems.;postural — Long hours at a desk can contribute to postural problems.;die Körperhaltung betreffend;1
C2 Vokabelliste;"Haltung; sich darstellen";posture — Good posture can reduce discomfort during long periods of computer work.;"Haltung; sich darstellen";posture — Good posture can reduce discomfort during long periods of computer work.;posture — Good posture can reduce discomfort during long periods of computer work.;"Haltung; sich darstellen";1
C2 Vokabelliste;"führend; herausragend";pre-eminent — She is one of the pre-eminent researchers in offshore wind forecasting.;"führend; herausragend";pre-eminent — She is one of the pre-eminent researchers in offshore wind forecasting.;pre-eminent — She is one of the pre-eminent researchers in offshore wind forecasting.;"führend; herausragend";1
C2 Vokabelliste;frühreif;precocious — The precocious student began university at sixteen.;frühreif;precocious — The precocious student began university at sixteen.;precocious — The precocious student began university at sixteen.;frühreif;1
C2 Vokabelliste;"Vorurteil; vorgefasste Meinung";preconception — The experiment challenged my preconception that bigger systems are always more efficient.;"Vorurteil; vorgefasste Meinung";preconception — The experiment challenged my preconception that bigger systems are always more efficient.;preconception — The experiment challenged my preconception that bigger systems are always more efficient.;"Vorurteil; vorgefasste Meinung";1
C2 Vokabelliste;"starke Beschäftigung; Sorge";preoccupation — Energy security became a major preoccupation during the crisis.;"starke Beschäftigung; Sorge";preoccupation — Energy security became a major preoccupation during the crisis.;preoccupation — Energy security became a major preoccupation during the crisis.;"starke Beschäftigung; Sorge";1
C2 Vokabelliste;"beschäftigen; vereinnahmen";preoccupy — Questions about funding continued to preoccupy the project team.;"beschäftigen; vereinnahmen";preoccupy — Questions about funding continued to preoccupy the project team.;preoccupy — Questions about funding continued to preoccupy the project team.;"beschäftigen; vereinnahmen";1
C2 Vokabelliste;"vorschreibend; normativ";prescriptive — The guideline is deliberately flexible rather than prescriptive.;"vorschreibend; normativ";prescriptive — The guideline is deliberately flexible rather than prescriptive.;prescriptive — The guideline is deliberately flexible rather than prescriptive.;"vorschreibend; normativ";1
C2 Vokabelliste;"Bewahrer/in; Denkmal- oder Naturschützer/in";preservationist — Local preservationists opposed the demolition of the historic station building.;"Bewahrer/in; Denkmal- oder Naturschützer/in";preservationist — Local preservationists opposed the demolition of the historic station building.;preservationist — Local preservationists opposed the demolition of the historic station building.;"Bewahrer/in; Denkmal- oder Naturschützer/in";1
C2 Vokabelliste;unter Druck setzen;pressurise — The container must be pressurised before the test begins.;unter Druck setzen;pressurise — The container must be pressurised before the test begins.;pressurise — The container must be pressurised before the test begins.;unter Druck setzen;1
C2 Vokabelliste;voraussetzen;presuppose — This argument presupposes that electricity demand will remain constant.;voraussetzen;presuppose — This argument presupposes that electricity demand will remain constant.;presuppose — This argument presupposes that electricity demand will remain constant.;voraussetzen;1
C2 Vokabelliste;"Voraussetzung; Annahme";presupposition — The model is built on the presupposition that fuel prices will rise gradually.;"Voraussetzung; Annahme";presupposition — The model is built on the presupposition that fuel prices will rise gradually.;presupposition — The model is built on the presupposition that fuel prices will rise gradually.;"Voraussetzung; Annahme";1
C2 Vokabelliste;"aufstemmen; heraushebeln";prise — The technician used a tool to prise the damaged cover open.;"aufstemmen; heraushebeln";prise — The technician used a tool to prise the damaged cover open.;prise — The technician used a tool to prise the damaged cover open.;"aufstemmen; heraushebeln";1
C2 Vokabelliste;zimperlich;prissy — He dismissed the practical work as dirty and beneath him, which sounded rather prissy.;zimperlich;prissy — He dismissed the practical work as dirty and beneath him, which sounded rather prissy.;prissy — He dismissed the practical work as dirty and beneath him, which sounded rather prissy.;zimperlich;1
C2 Vokabelliste;verfahrensbezogen;procedural — The application was rejected on procedural grounds rather than technical ones.;verfahrensbezogen;procedural — The application was rejected on procedural grounds rather than technical ones.;procedural — The application was rejected on procedural grounds rather than technical ones.;verfahrensbezogen;1
C2 Vokabelliste;Rentabilität;profitability — Falling battery costs could improve the profitability of storage projects.;Rentabilität;profitability — Falling battery costs could improve the profitability of storage projects.;profitability — Falling battery costs could improve the profitability of storage projects.;Rentabilität;1
C2 Vokabelliste;verlängern;prolong — Better maintenance can prolong the life of electrical equipment.;verlängern;prolong — Better maintenance can prolong the life of electrical equipment.;prolong — Better maintenance can prolong the life of electrical equipment.;verlängern;1
C2 Vokabelliste;"Promenade; Spaziergang";promenade — We walked along the seafront promenade after dinner.;"Promenade; Spaziergang";promenade — We walked along the seafront promenade after dinner.;promenade — We walked along the seafront promenade after dinner.;"Promenade; Spaziergang";1
C2 Vokabelliste;beförderungsfähig;promotable — Her manager considered her highly promotable after the successful project.;beförderungsfähig;promotable — Her manager considered her highly promotable after the successful project.;promotable — Her manager considered her highly promotable after the successful project.;beförderungsfähig;1
C2 Vokabelliste;"anfällig; liegend";prone — Coastal infrastructure is particularly prone to storm damage.;"anfällig; liegend";prone — Coastal infrastructure is particularly prone to storm damage.;prone — Coastal infrastructure is particularly prone to storm damage.;"anfällig; liegend";1
C2 Vokabelliste;proportional;proportional — The fee is proportional to the amount of energy consumed.;proportional;proportional — The fee is proportional to the amount of energy consumed.;proportional — The fee is proportional to the amount of energy consumed.;proportional;1
C2 Vokabelliste;"firmeneigen; geschützt";proprietary — The device uses proprietary software that cannot be modified by users.;"firmeneigen; geschützt";proprietary — The device uses proprietary software that cannot be modified by users.;proprietary — The device uses proprietary software that cannot be modified by users.;"firmeneigen; geschützt";1
C2 Vokabelliste;"verbieten; ächten";proscribe — The rules proscribe the use of certain hazardous materials.;"verbieten; ächten";proscribe — The rules proscribe the use of certain hazardous materials.;proscribe — The rules proscribe the use of certain hazardous materials.;"verbieten; ächten";1
C2 Vokabelliste;Verbot;proscription — The proscription of the chemical forced manufacturers to find alternatives.;Verbot;proscription — The proscription of the chemical forced manufacturers to find alternatives.;proscription — The proscription of the chemical forced manufacturers to find alternatives.;Verbot;1
C2 Vokabelliste;"ausgestreckt; niedergeworfen; niederwerfen";prostrate — After the exhausting race, he lay prostrate on the grass.;"ausgestreckt; niedergeworfen; niederwerfen";prostrate — After the exhausting race, he lay prostrate on the grass.;prostrate — After the exhausting race, he lay prostrate on the grass.;"ausgestreckt; niedergeworfen; niederwerfen";1
C2 Vokabelliste;hervorragen;protrude — Several metal bolts protrude from the concrete base.;hervorragen;protrude — Several metal bolts protrude from the concrete base.;protrude — Several metal bolts protrude from the concrete base.;hervorragen;1
C2 Vokabelliste;Vorsprung;protrusion — The small protrusion on the casing protects the cable connector.;Vorsprung;protrusion — The small protrusion on the casing protects the cable connector.;protrusion — The small protrusion on the casing protects the cable connector.;Vorsprung;1
C2 Vokabelliste;"provinziell; engstirnig";provincial — His provincial outlook made him dismiss ideas from outside the region.;"provinziell; engstirnig";provincial — His provincial outlook made him dismiss ideas from outside the region.;provincial — His provincial outlook made him dismiss ideas from outside the region.;"provinziell; engstirnig";1
C2 Vokabelliste;pünktlich;punctual — The train was remarkably punctual despite the heavy snow.;pünktlich;punctual — The train was remarkably punctual despite the heavy snow.;punctual — The train was remarkably punctual despite the heavy snow.;pünktlich;1
C2 Vokabelliste;Pünktlichkeit;punctuality — Punctuality is important when several teams depend on the same equipment.;Pünktlichkeit;punctuality — Punctuality is important when several teams depend on the same equipment.;punctuality — Punctuality is important when several teams depend on the same equipment.;Pünktlichkeit;1
C2 Vokabelliste;Scheiterhaufen;pyre — The dry wood was stacked into a large ceremonial pyre.;Scheiterhaufen;pyre — The dry wood was stacked into a large ceremonial pyre.;pyre — The dry wood was stacked into a large ceremonial pyre.;Scheiterhaufen;1
C2 Vokabelliste;"Bedenken; Skrupel";qualm — She had no qualms about questioning the assumptions in the report.;"Bedenken; Skrupel";qualm — She had no qualms about questioning the assumptions in the report.;qualm — She had no qualms about questioning the assumptions in the report.;"Bedenken; Skrupel";1
C2 Vokabelliste;"zittern; Köcher";quiver — The thin metal plate began to quiver in the strong wind.;"zittern; Köcher";quiver — The thin metal plate began to quiver in the strong wind.;quiver — The thin metal plate began to quiver in the strong wind.;"zittern; Köcher";1
C2 Vokabelliste;"entzücken; gewaltsam rauben";ravish — The beauty of the mountain landscape ravished the visitors.;"entzücken; gewaltsam rauben";ravish — The beauty of the mountain landscape ravished the visitors.;ravish — The beauty of the mountain landscape ravished the visitors.;"entzücken; gewaltsam rauben";1
C2 Vokabelliste;"zurückprallen; Erholung";rebound — Electricity demand rebounded quickly after the temporary shutdown.;"zurückprallen; Erholung";rebound — Electricity demand rebounded quickly after the temporary shutdown.;rebound — Electricity demand rebounded quickly after the temporary shutdown.;"zurückprallen; Erholung";1
C2 Vokabelliste;"Tadel; tadeln";rebuke — The regulator issued a sharp rebuke after repeated safety violations.;"Tadel; tadeln";rebuke — The regulator issued a sharp rebuke after repeated safety violations.;rebuke — The regulator issued a sharp rebuke after repeated safety violations.;"Tadel; tadeln";1
C2 Vokabelliste;"versöhnen; in Einklang bringen";reconcile — The analyst had to reconcile figures from two different databases.;"versöhnen; in Einklang bringen";reconcile — The analyst had to reconcile figures from two different databases.;reconcile — The analyst had to reconcile figures from two different databases.;"versöhnen; in Einklang bringen";1
C2 Vokabelliste;"Versöhnung; Abgleich";reconciliation — Data reconciliation revealed several inconsistencies between the two systems.;"Versöhnung; Abgleich";reconciliation — Data reconciliation revealed several inconsistencies between the two systems.;reconciliation — Data reconciliation revealed several inconsistencies between the two systems.;"Versöhnung; Abgleich";1
C2 Vokabelliste;"Rückgriff; Zuflucht";recourse — If the supplier refuses to respond, customers have recourse to an independent mediator.;"Rückgriff; Zuflucht";recourse — If the supplier refuses to respond, customers have recourse to an independent mediator.;recourse — If the supplier refuses to respond, customers have recourse to an independent mediator.;"Rückgriff; Zuflucht";1
C2 Vokabelliste;liegend;recumbent — The cyclist used a recumbent position to reduce aerodynamic drag.;liegend;recumbent — The cyclist used a recumbent position to reduce aerodynamic drag.;recumbent — The cyclist used a recumbent position to reduce aerodynamic drag.;liegend;1
C2 Vokabelliste;sich erholen;recuperate — She took several days off to recuperate after the race.;sich erholen;recuperate — She took several days off to recuperate after the race.;recuperate — She took several days off to recuperate after the race.;sich erholen;1
C2 Vokabelliste;Erholung;recuperation — Adequate sleep is essential for recuperation after hard training.;Erholung;recuperation — Adequate sleep is essential for recuperation after hard training.;recuperation — Adequate sleep is essential for recuperation after hard training.;Erholung;1
C2 Vokabelliste;erholsam;recuperative — A quiet weekend in the countryside proved highly recuperative.;erholsam;recuperative — A quiet weekend in the countryside proved highly recuperative.;recuperative — A quiet weekend in the countryside proved highly recuperative.;erholsam;1
C2 Vokabelliste;"Redundanz; Stellenabbau";redundancy — The design includes redundancy so that one failure does not shut down the entire system.;"Redundanz; Stellenabbau";redundancy — The design includes redundancy so that one failure does not shut down the entire system.;redundancy — The design includes redundancy so that one failure does not shut down the entire system.;"Redundanz; Stellenabbau";1
C2 Vokabelliste;"überflüssig; entlassen";redundant — Several old sensors became redundant after the new monitoring system was installed.;"überflüssig; entlassen";redundant — Several old sensors became redundant after the new monitoring system was installed.;redundant — Several old sensors became redundant after the new monitoring system was installed.;"überflüssig; entlassen";1
C2 Vokabelliste;neu herausgeben;reissue — The publisher plans to reissue the book with updated maps.;neu herausgeben;reissue — The publisher plans to reissue the book with updated maps.;reissue — The publisher plans to reissue the book with updated maps.;neu herausgeben;1
C2 Vokabelliste;"aufgeben; abtreten";relinquish — The operator was unwilling to relinquish control of the network.;"aufgeben; abtreten";relinquish — The operator was unwilling to relinquish control of the network.;relinquish — The operator was unwilling to relinquish control of the network.;"aufgeben; abtreten";1
C2 Vokabelliste;"überweisen; erlassen; zurückverweisen; Aufgabenbereich";remit — The company will remit the payment at the end of the month.;"überweisen; erlassen; zurückverweisen; Aufgabenbereich";remit — The company will remit the payment at the end of the month.;remit — The company will remit the payment at the end of the month.;"überweisen; erlassen; zurückverweisen; Aufgabenbereich";1
C2 Vokabelliste;Überweisung;remittance — The supplier confirmed receipt of the remittance.;Überweisung;remittance — The supplier confirmed receipt of the remittance.;remittance — The supplier confirmed receipt of the remittance.;Überweisung;1
C2 Vokabelliste;"Ruhe; ruhen";repose — After the hike, they sat in quiet repose beside the lake.;"Ruhe; ruhen";repose — After the hike, they sat in quiet repose beside the lake.;repose — After the hike, they sat in quiet repose beside the lake.;"Ruhe; ruhen";1
C2 Vokabelliste;"Vorwurf; tadeln";reproach — The manager reproached the team for ignoring the safety procedure.;"Vorwurf; tadeln";reproach — The manager reproached the team for ignoring the safety procedure.;reproach — The manager reproached the team for ignoring the safety procedure.;"Vorwurf; tadeln";1
C2 Vokabelliste;"reptilienartig; Reptil-; Reptil";reptilian — The animal had a distinctly reptilian appearance.;"reptilienartig; Reptil-; Reptil";reptilian — The animal had a distinctly reptilian appearance.;reptilian — The animal had a distinctly reptilian appearance.;"reptilienartig; Reptil-; Reptil";1
C2 Vokabelliste;"Ruf; Ansehen";repute — The laboratory is of high repute in the field of battery research.;"Ruf; Ansehen";repute — The laboratory is of high repute in the field of battery research.;repute — The laboratory is of high repute in the field of battery research.;"Ruf; Ansehen";1
C2 Vokabelliste;"verbleibend; Rest-; Rückstand";residual — Residual demand remains after wind and solar generation are subtracted.;"verbleibend; Rest-; Rückstand";residual — Residual demand remains after wind and solar generation are subtracted.;residual — Residual demand remains after wind and solar generation are subtracted.;"verbleibend; Rest-; Rückstand";1
C2 Vokabelliste;Harz;resin — The composite blade contains fibres embedded in resin.;Harz;resin — The composite blade contains fibres embedded in resin.;resin — The composite blade contains fibres embedded in resin.;Harz;1
C2 Vokabelliste;widerhallen;resound — The warning signal resounded through the empty hall.;widerhallen;resound — The warning signal resounded through the empty hall.;resound — The warning signal resounded through the empty hall.;widerhallen;1
C2 Vokabelliste;"durchschlagend; widerhallend";resounding — The proposal received a resounding endorsement from the committee.;"durchschlagend; widerhallend";resounding — The proposal received a resounding endorsement from the committee.;resounding — The proposal received a resounding endorsement from the committee.;"durchschlagend; widerhallend";1
C2 Vokabelliste;wiederbeleben;resuscitate — Engineers managed to resuscitate the old monitoring system long enough to recover the data.;wiederbeleben;resuscitate — Engineers managed to resuscitate the old monitoring system long enough to recover the data.;resuscitate — Engineers managed to resuscitate the old monitoring system long enough to recover the data.;wiederbeleben;1
C2 Vokabelliste;Wiederbelebung;resuscitation — Rapid resuscitation can be crucial after cardiac arrest.;Wiederbelebung;resuscitation — Rapid resuscitation can be crucial after cardiac arrest.;resuscitation — Rapid resuscitation can be crucial after cardiac arrest.;Wiederbelebung;1
C2 Vokabelliste;Rückblick;retrospect — In retrospect, the project should have allocated more time for testing.;Rückblick;retrospect — In retrospect, the project should have allocated more time for testing.;retrospect — In retrospect, the project should have allocated more time for testing.;Rückblick;1
C2 Vokabelliste;Rückschau;retrospection — The anniversary prompted a period of retrospection about the organisation’s early years.;Rückschau;retrospection — The anniversary prompted a period of retrospection about the organisation’s early years.;retrospection — The anniversary prompted a period of retrospection about the organisation’s early years.;Rückschau;1
C2 Vokabelliste;rückblickend;retrospective — The museum is holding a retrospective exhibition of her work.;rückblickend;retrospective — The museum is holding a retrospective exhibition of her work.;retrospective — The museum is holding a retrospective exhibition of her work.;rückblickend;1
C2 Vokabelliste;"aufschlussreich; enthüllend";revelatory — The new dataset proved revelatory, exposing a pattern that had been hidden for years.;"aufschlussreich; enthüllend";revelatory — The new dataset proved revelatory, exposing a pattern that had been hidden for years.;revelatory — The new dataset proved revelatory, exposing a pattern that had been hidden for years.;"aufschlussreich; enthüllend";1
C2 Vokabelliste;beschimpfen;revile — It is easier to revile a policy than to propose a workable alternative.;beschimpfen;revile — It is easier to revile a policy than to propose a workable alternative.;revile — It is easier to revile a policy than to propose a workable alternative.;beschimpfen;1
C2 Vokabelliste;Abscheu;revulsion — The images of polluted beaches caused widespread revulsion.;Abscheu;revulsion — The images of polluted beaches caused widespread revulsion.;revulsion — The images of polluted beaches caused widespread revulsion.;Abscheu;1
C2 Vokabelliste;"wackelig; baufällig";rickety — The hikers crossed a rickety wooden bridge over the stream.;"wackelig; baufällig";rickety — The hikers crossed a rickety wooden bridge over the stream.;rickety — The hikers crossed a rickety wooden bridge over the stream.;"wackelig; baufällig";1
C2 Vokabelliste;weit verbreitet;rife — Rumours were rife after the company announced a sudden restructuring.;weit verbreitet;rife — Rumours were rife after the company announced a sudden restructuring.;rife — Rumours were rife after the company announced a sudden restructuring.;weit verbreitet;1
C2 Vokabelliste;"Spaltung; Riss";rift — The dispute created a deep rift within the research group.;"Spaltung; Riss";rift — The dispute created a deep rift within the research group.;rift — The dispute created a deep rift within the research group.;"Spaltung; Riss";1
C2 Vokabelliste;"herumtollen; leicht gewinnen";romp — The children romped through the meadow after the rain stopped.;"herumtollen; leicht gewinnen";romp — The children romped through the meadow after the rain stopped.;romp — The children romped through the meadow after the rain stopped.;"herumtollen; leicht gewinnen";1
C2 Vokabelliste;eingeklemmt;sandwiched — The small village is sandwiched between the forest and the motorway.;eingeklemmt;sandwiched — The small village is sandwiched between the forest and the motorway.;sandwiched — The small village is sandwiched between the forest and the motorway.;eingeklemmt;1
C2 Vokabelliste;"Aasfresser; Sammler";scavenger — The vulture is an important scavenger in many ecosystems.;"Aasfresser; Sammler";scavenger — The vulture is an important scavenger in many ecosystems.;scavenger — The vulture is an important scavenger in many ecosystems.;"Aasfresser; Sammler";1
C2 Vokabelliste;"wissenschaftlich; gelehrt";scholarly — The article is scholarly but still accessible to non-specialists.;"wissenschaftlich; gelehrt";scholarly — The article is scholarly but still accessible to non-specialists.;scholarly — The article is scholarly but still accessible to non-specialists.;"wissenschaftlich; gelehrt";1
C2 Vokabelliste;"gemächlich; würdevoll";sedately — The old boat moved sedately across the calm lake.;"gemächlich; würdevoll";sedately — The old boat moved sedately across the calm lake.;sedately — The old boat moved sedately across the calm lake.;"gemächlich; würdevoll";1
C2 Vokabelliste;"seismisch; erschütternd; gewaltig";seismic — The discovery caused a seismic shift in the way researchers understood the problem.;"seismisch; erschütternd; gewaltig";seismic — The discovery caused a seismic shift in the way researchers understood the problem.;seismic — The discovery caused a seismic shift in the way researchers understood the problem.;"seismisch; erschütternd; gewaltig";1
C2 Vokabelliste;"Bündel; Garbe";sheaf — She carried a sheaf of printed charts into the meeting.;"Bündel; Garbe";sheaf — She carried a sheaf of printed charts into the meeting.;sheaf — She carried a sheaf of printed charts into the meeting.;"Bündel; Garbe";1
C2 Vokabelliste;schimmern;shimmer — The solar panels shimmered in the low evening light.;schimmern;shimmer — The solar panels shimmered in the low evening light.;shimmer — The solar panels shimmered in the low evening light.;schimmern;1
C2 Vokabelliste;"umgehen; ausweichen";sidestep — The report tries to sidestep the difficult question of long-term costs.;"umgehen; ausweichen";sidestep — The report tries to sidestep the difficult question of long-term costs.;sidestep — The report tries to sidestep the difficult question of long-term costs.;"umgehen; ausweichen";1
C2 Vokabelliste;ansengen;singe — The spark was hot enough to singe the edge of the paper.;ansengen;singe — The spark was hot enough to singe the edge of the paper.;singe — The spark was hot enough to singe the edge of the paper.;ansengen;1
C2 Vokabelliste;"überfliegen; abschöpfen";skim — I skimmed the report before reading the most relevant sections in detail.;"überfliegen; abschöpfen";skim — I skimmed the report before reading the most relevant sections in detail.;skim — I skimmed the report before reading the most relevant sections in detail.;"überfliegen; abschöpfen";1
C2 Vokabelliste;"Platte; Block";slab — The battery cabinet stands on a thick concrete slab.;"Platte; Block";slab — The battery cabinet stands on a thick concrete slab.;slab — The battery cabinet stands on a thick concrete slab.;"Platte; Block";1
C2 Vokabelliste;"gleiten; schlängeln";slither — A small snake slithered across the warm path.;"gleiten; schlängeln";slither — A small snake slithered across the warm path.;slither — A small snake slithered across the warm path.;"gleiten; schlängeln";1
C2 Vokabelliste;"Schnipsel; kurzer Ausschnitt";snippet — The dashboard shows a short snippet of explanatory text beside each chart.;"Schnipsel; kurzer Ausschnitt";snippet — The dashboard shows a short snippet of explanatory text beside each chart.;snippet — The dashboard shows a short snippet of explanatory text beside each chart.;"Schnipsel; kurzer Ausschnitt";1
C2 Vokabelliste;Snobismus;snobbery — Academic snobbery can discourage people from asking basic questions.;Snobismus;snobbery — Academic snobbery can discourage people from asking basic questions.;snobbery — Academic snobbery can discourage people from asking basic questions.;Snobismus;1
C2 Vokabelliste;"erbitten; werben um";solicit — The project team solicited feedback from local residents.;"erbitten; werben um";solicit — The project team solicited feedback from local residents.;solicit — The project team solicited feedback from local residents.;"erbitten; werben um";1
C2 Vokabelliste;Selbstgespräch;soliloquy — The actor delivered the soliloquy alone on a dark stage.;Selbstgespräch;soliloquy — The actor delivered the soliloquy alone on a dark stage.;soliloquy — The actor delivered the soliloquy alone on a dark stage.;Selbstgespräch;1
C2 Vokabelliste;Solipsismus;solipsism — The philosopher criticised the argument for drifting towards solipsism.;Solipsismus;solipsism — The philosopher criticised the argument for drifting towards solipsism.;solipsism — The philosopher criticised the argument for drifting towards solipsism.;Solipsismus;1
C2 Vokabelliste;"einsam; allein lebend; Einzelgänger/in";solitary — A solitary wind turbine stands on the ridge above the village.;"einsam; allein lebend; Einzelgänger/in";solitary — A solitary wind turbine stands on the ridge above the village.;solitary — A solitary wind turbine stands on the ridge above the village.;"einsam; allein lebend; Einzelgänger/in";1
C2 Vokabelliste;Einsamkeit;solitude — She enjoys the solitude of early-morning runs through the forest.;Einsamkeit;solitude — She enjoys the solitude of early-morning runs through the forest.;solitude — She enjoys the solitude of early-morning runs through the forest.;Einsamkeit;1
C2 Vokabelliste;räumlich;spatial — GIS helps reveal spatial patterns that are difficult to see in a table.;räumlich;spatial — GIS helps reveal spatial patterns that are difficult to see in a table.;spatial — GIS helps reveal spatial patterns that are difficult to see in a table.;räumlich;1
C2 Vokabelliste;Turmspitze;spire — The church spire is visible from several kilometres away.;Turmspitze;spire — The church spire is visible from several kilometres away.;spire — The church spire is visible from several kilometres away.;Turmspitze;1
C2 Vokabelliste;"splittern; Splitter";splinter — The dry wood began to splinter under pressure.;"splittern; Splitter";splinter — The dry wood began to splinter under pressure.;splinter — The dry wood began to splinter under pressure.;"splittern; Splitter";1
C2 Vokabelliste;"falsch; scheinbar";spurious — The analyst removed a spurious correlation caused by a data-entry error.;"falsch; scheinbar";spurious — The analyst removed a spurious correlation caused by a data-entry error.;spurious — The analyst removed a spurious correlation caused by a data-entry error.;"falsch; scheinbar";1
C2 Vokabelliste;stabilisieren;stabilise — Battery storage can help stabilise the electricity grid.;stabilisieren;stabilise — Battery storage can help stabilise the electricity grid.;stabilise — Battery storage can help stabilise the electricity grid.;stabilisieren;1
C2 Vokabelliste;"Sterilität; Unfruchtbarkeit";sterility — The laboratory must maintain strict sterility during the experiment.;"Sterilität; Unfruchtbarkeit";sterility — The laboratory must maintain strict sterility during the experiment.;sterility — The laboratory must maintain strict sterility during the experiment.;"Sterilität; Unfruchtbarkeit";1
C2 Vokabelliste;"Meerenge; schwierige Lage";strait — The narrow strait separates the island from the mainland.;"Meerenge; schwierige Lage";strait — The narrow strait separates the island from the mainland.;strait — The narrow strait separates the island from the mainland.;"Meerenge; schwierige Lage";1
C2 Vokabelliste;"verdummen; hemmen";stultify — Excessive bureaucracy can stultify innovation.;"verdummen; hemmen";stultify — Excessive bureaucracy can stultify innovation.;stultify — Excessive bureaucracy can stultify innovation.;"verdummen; hemmen";1
C2 Vokabelliste;"erliegen; nachgeben";succumb — Several young trees succumbed to the prolonged drought.;"erliegen; nachgeben";succumb — Several young trees succumbed to the prolonged drought.;succumb — Several young trees succumbed to the prolonged drought.;"erliegen; nachgeben";1
C2 Vokabelliste;"durchfluten; überziehen";suffuse — Warm evening light suffused the valley.;"durchfluten; überziehen";suffuse — Warm evening light suffused the valley.;suffuse — Warm evening light suffused the valley.;"durchfluten; überziehen";1
C2 Vokabelliste;Schwefel;sulphur — The mineral contains a high proportion of sulphur.;Schwefel;sulphur — The mineral contains a high proportion of sulphur.;sulphur — The mineral contains a high proportion of sulphur.;Schwefel;1
C2 Vokabelliste;"Schwefel-; schwefelsauer";sulphuric — The laboratory stores sulphuric acid in a secure cabinet.;"Schwefel-; schwefelsauer";sulphuric — The laboratory stores sulphuric acid in a secure cabinet.;sulphuric — The laboratory stores sulphuric acid in a secure cabinet.;"Schwefel-; schwefelsauer";1
C2 Vokabelliste;kurzerhand;summarily — The proposal was summarily rejected without detailed discussion.;kurzerhand;summarily — The proposal was summarily rejected without detailed discussion.;summarily — The proposal was summarily rejected without detailed discussion.;kurzerhand;1
C2 Vokabelliste;überflüssig;superfluous — The editor removed several superfluous graphics from the report.;überflüssig;superfluous — The editor removed several superfluous graphics from the report.;superfluous — The editor removed several superfluous graphics from the report.;überflüssig;1
C2 Vokabelliste;Surrealismus;surrealism — The exhibition explores the influence of surrealism on modern photography.;Surrealismus;surrealism — The exhibition explores the influence of surrealism on modern photography.;surrealism — The exhibition explores the influence of surrealism on modern photography.;Surrealismus;1
C2 Vokabelliste;Surrealist;surrealist — The gallery is showing works by a prominent surrealist.;Surrealist;surrealist — The gallery is showing works by a prominent surrealist.;surrealist — The gallery is showing works by a prominent surrealist.;Surrealist;1
C2 Vokabelliste;schwenken;swivel — The chair can swivel through a full circle.;schwenken;swivel — The chair can swivel through a full circle.;swivel — The chair can swivel through a full circle.;schwenken;1
C2 Vokabelliste;silbenbezogen;syllabic — The teacher marked the syllabic structure of each unfamiliar word.;silbenbezogen;syllabic — The teacher marked the syllabic structure of each unfamiliar word.;syllabic — The teacher marked the syllabic structure of each unfamiliar word.;silbenbezogen;1
C2 Vokabelliste;"taktil; den Tastsinn betreffend";tactile — The prototype uses tactile buttons that are easy to identify without looking.;"taktil; den Tastsinn betreffend";tactile — The prototype uses tactile buttons that are easy to identify without looking.;tactile — The prototype uses tactile buttons that are easy to identify without looking.;"taktil; den Tastsinn betreffend";1
C2 Vokabelliste;gleichbedeutend;tantamount — Ignoring the safety warning would be tantamount to accepting unnecessary risk.;gleichbedeutend;tantamount — Ignoring the safety warning would be tantamount to accepting unnecessary risk.;tantamount — Ignoring the safety warning would be tantamount to accepting unnecessary risk.;gleichbedeutend;1
C2 Vokabelliste;"Empfehlung; Zeugnis";testimonial — The website includes a testimonial from a former student.;"Empfehlung; Zeugnis";testimonial — The website includes a testimonial from a former student.;testimonial — The website includes a testimonial from a former student.;"Empfehlung; Zeugnis";1
C2 Vokabelliste;topografisch;topographical — Topographical data were used to model the route of the new power line.;topografisch;topographical — Topographical data were used to model the route of the new power line.;topographical — Topographical data were used to model the route of the new power line.;topografisch;1
C2 Vokabelliste;Topografie;topography — The region’s steep topography complicates road construction.;Topografie;topography — The region’s steep topography complicates road construction.;topography — The region’s steep topography complicates road construction.;Topografie;1
C2 Vokabelliste;umstürzen;topple — Strong winds can topple poorly secured temporary structures.;umstürzen;topple — Strong winds can topple poorly secured temporary structures.;topple — Strong winds can topple poorly secured temporary structures.;umstürzen;1
C2 Vokabelliste;"totemistisch; symbolträchtig";totemic — The cooling towers became a totemic symbol of the old industrial era.;"totemistisch; symbolträchtig";totemic — The cooling towers became a totemic symbol of the old industrial era.;totemic — The cooling towers became a totemic symbol of the old industrial era.;"totemistisch; symbolträchtig";1
C2 Vokabelliste;"torkeln; wanken";totter — The overloaded stack of boxes began to totter.;"torkeln; wanken";totter — The overloaded stack of boxes began to totter.;totter — The overloaded stack of boxes began to totter.;"torkeln; wanken";1
C2 Vokabelliste;"Sender; Überträger";transmitter — The sensor sends its measurements to a nearby radio transmitter.;"Sender; Überträger";transmitter — The sensor sends its measurements to a nearby radio transmitter.;transmitter — The sensor sends its measurements to a nearby radio transmitter.;"Sender; Überträger";1
C2 Vokabelliste;"tückisch; verräterisch";treacherous — The icy mountain path became treacherous after sunset.;"tückisch; verräterisch";treacherous — The icy mountain path became treacherous after sunset.;treacherous — The icy mountain path became treacherous after sunset.;"tückisch; verräterisch";1
C2 Vokabelliste;"Verrat; Tücke";treachery — The novel centres on political intrigue and treachery.;"Verrat; Tücke";treachery — The novel centres on political intrigue and treachery.;treachery — The novel centres on political intrigue and treachery.;"Verrat; Tücke";1
C2 Vokabelliste;"Turm; Geschützturm";turret — A small stone turret rises above the castle wall.;"Turm; Geschützturm";turret — A small stone turret rises above the castle wall.;turret — A small stone turret rises above the castle wall.;"Turm; Geschützturm";1
C2 Vokabelliste;"unheimlich; verblüffend";uncanny — The model reproduced the real-world pattern with uncanny accuracy.;"unheimlich; verblüffend";uncanny — The model reproduced the real-world pattern with uncanny accuracy.;uncanny — The model reproduced the real-world pattern with uncanny accuracy.;"unheimlich; verblüffend";1
C2 Vokabelliste;zurückhaltend;undemonstrative — He is quiet and undemonstrative, even when he is pleased with the result.;zurückhaltend;undemonstrative — He is quiet and undemonstrative, even when he is pleased with the result.;undemonstrative — He is quiet and undemonstrative, even when he is pleased with the result.;zurückhaltend;1
C2 Vokabelliste;nicht nachlassend;undiminishing — She maintained an undiminishing interest in renewable-energy research.;nicht nachlassend;undiminishing — She maintained an undiminishing interest in renewable-energy research.;undiminishing — She maintained an undiminishing interest in renewable-energy research.;nicht nachlassend;1
C2 Vokabelliste;"unbelastet; frei";unencumbered — The new system is unencumbered by the limitations of the old database.;"unbelastet; frei";unencumbered — The new system is unencumbered by the limitations of the old database.;unencumbered — The new system is unencumbered by the limitations of the old database.;"unbelastet; frei";1
C2 Vokabelliste;unbehelligt;unharried — We arrived early enough to enjoy an unharried breakfast before the meeting.;unbehelligt;unharried — We arrived early enough to enjoy an unharried breakfast before the meeting.;unharried — We arrived early enough to enjoy an unharried breakfast before the meeting.;unbehelligt;1
C2 Vokabelliste;unmittelbar;unmediated — The sensor provides an unmediated measurement rather than an estimated value.;unmittelbar;unmediated — The sensor provides an unmediated measurement rather than an estimated value.;unmediated — The sensor provides an unmediated measurement rather than an estimated value.;unmittelbar;1
C2 Vokabelliste;verunsichern;unnerve — Unexpected fluctuations in the data can unnerve inexperienced analysts.;verunsichern;unnerve — Unexpected fluctuations in the data can unnerve inexperienced analysts.;unnerve — Unexpected fluctuations in the data can unnerve inexperienced analysts.;verunsichern;1
C2 Vokabelliste;unaufdringlich;unobtrusive — The new monitoring device is small and unobtrusive.;unaufdringlich;unobtrusive — The new monitoring device is small and unobtrusive.;unobtrusive — The new monitoring device is small and unobtrusive.;unaufdringlich;1
C2 Vokabelliste;unübertroffen;unsurpassed — The viewpoint offers unsurpassed views across the valley.;unübertroffen;unsurpassed — The viewpoint offers unsurpassed views across the valley.;unsurpassed — The viewpoint offers unsurpassed views across the valley.;unübertroffen;1
C2 Vokabelliste;ungeahnt;unsuspected — The analysis revealed an unsuspected source of energy loss.;ungeahnt;unsuspected — The analysis revealed an unsuspected source of energy loss.;unsuspected — The analysis revealed an unsuspected source of energy loss.;ungeahnt;1
C2 Vokabelliste;"giftig; gehässig";venomous — The region is home to several venomous snake species.;"giftig; gehässig";venomous — The region is home to several venomous snake species.;venomous — The region is home to several venomous snake species.;"giftig; gehässig";1
C2 Vokabelliste;Ungeziefer;vermin — The old warehouse had to be cleared of rats and other vermin.;Ungeziefer;vermin — The old warehouse had to be cleared of rats and other vermin.;vermin — The old warehouse had to be cleared of rats and other vermin.;Ungeziefer;1
C2 Vokabelliste;rudimentär;vestigial — A vestigial railway track can still be seen beside the former factory.;rudimentär;vestigial — A vestigial railway track can still be seen beside the former factory.;vestigial — A vestigial railway track can still be seen beside the former factory.;rudimentär;1
C2 Vokabelliste;"Umgebung; Nähe";vicinity — Several wind turbines stand in the vicinity of the village.;"Umgebung; Nähe";vicinity — Several wind turbines stand in the vicinity of the village.;vicinity — Several wind turbines stand in the vicinity of the village.;"Umgebung; Nähe";1
C2 Vokabelliste;jungfräulich;virginal — The expedition crossed a seemingly virginal landscape untouched by roads.;jungfräulich;virginal — The expedition crossed a seemingly virginal landscape untouched by roads.;virginal — The expedition crossed a seemingly virginal landscape untouched by roads.;jungfräulich;1
C2 Vokabelliste;"gegenüber; bezüglich; Gegenüber";vis-à-vis — The report compares Germany’s position vis-à-vis neighbouring electricity markets.;"gegenüber; bezüglich; Gegenüber";vis-à-vis — The report compares Germany’s position vis-à-vis neighbouring electricity markets.;vis-à-vis — The report compares Germany’s position vis-à-vis neighbouring electricity markets.;"gegenüber; bezüglich; Gegenüber";1
C2 Vokabelliste;"Sänger/in; Vokalist/in";vocalist — The vocalist performed the final song without instrumental accompaniment.;"Sänger/in; Vokalist/in";vocalist — The vocalist performed the final song without instrumental accompaniment.;vocalist — The vocalist performed the final song without instrumental accompaniment.;"Sänger/in; Vokalist/in";1
C2 Vokabelliste;"beruflich; berufsbezogen";vocational — The college offers vocational training in electrical engineering.;"beruflich; berufsbezogen";vocational — The college offers vocational training in electrical engineering.;vocational — The college offers vocational training in electrical engineering.;"beruflich; berufsbezogen";1
C2 Vokabelliste;"Gefräßigkeit; unersättliche Begierde";voracity — The caterpillars consume leaves with remarkable voracity.;"Gefräßigkeit; unersättliche Begierde";voracity — The caterpillars consume leaves with remarkable voracity.;voracity — The caterpillars consume leaves with remarkable voracity.;"Gefräßigkeit; unersättliche Begierde";1
C2 Vokabelliste;sich suhlen;wallow — The boar wallowed in the mud beside the forest track.;sich suhlen;wallow — The boar wallowed in the mud beside the forest track.;wallow — The boar wallowed in the mud beside the forest track.;sich suhlen;1
C2 Vokabelliste;"abnehmen; schwinden";wane — Solar output begins to wane in the late afternoon.;"abnehmen; schwinden";wane — Solar output begins to wane in the late afternoon.;wane — Solar output begins to wane in the late afternoon.;"abnehmen; schwinden";1
C2 Vokabelliste;"zunehmen; wachsen";wax — Public interest in the technology continued to wax as prices fell.;"zunehmen; wachsen";wax — Public interest in the technology continued to wax as prices fell.;wax — Public interest in the technology continued to wax as prices fell.;"zunehmen; wachsen";1
C2 Vokabelliste;"eigensinnig; unberechenbar";wayward — A wayward sensor produced values far outside the expected range.;"eigensinnig; unberechenbar";wayward — A wayward sensor produced values far outside the expected range.;wayward — A wayward sensor produced values far outside the expected range.;"eigensinnig; unberechenbar";1
C2 Vokabelliste;Wirbelwind;whirlwind — The first week of the new job was a whirlwind of meetings and new information.;Wirbelwind;whirlwind — The first week of the new job was a whirlwind of meetings and new information.;whirlwind — The first week of the new job was a whirlwind of meetings and new information.;Wirbelwind;1
C2 Vokabelliste;"Wortzahl; Wortmenge; Wortlaut";wordage — The editor reduced the wordage without changing the main argument.;"Wortzahl; Wortmenge; Wortlaut";wordage — The editor reduced the wordage without changing the main argument.;wordage — The editor reduced the wordage without changing the main argument.;"Wortzahl; Wortmenge; Wortlaut";1
C2 Vokabelliste;Sprachkünstler;wordsmith — The speechwriter was a skilled wordsmith with a gift for memorable phrases.;Sprachkünstler;wordsmith — The speechwriter was a skilled wordsmith with a gift for memorable phrases.;wordsmith — The speechwriter was a skilled wordsmith with a gift for memorable phrases.;Sprachkünstler;1
