front_de;back_de;front_en;back_en;is_bidirectional
Was ist der Unterschied zwischen Gleichstrom (DC) und Wechselstrom (AC)?;Gleichstrom fließt dauerhaft in eine Richtung und wird z. B. in Batterien und Akkus genutzt. Wechselstrom ändert regelmäßig seine Richtung und wird vor allem im Stromnetz und in Steckdosen verwendet.;What is the difference between direct current (DC) and alternating current (AC)?;Direct current flows continuously in one direction and is used, for example, in batteries and rechargeable batteries. Alternating current regularly changes direction and is mainly used in the power grid and household sockets.;0
Warum setzte sich im Stromnetz Wechselstrom statt Gleichstrom durch?;Wechselstrom setzte sich durch, weil sich seine Spannung mit Transformatoren einfach erhöhen und wieder senken lässt. So kann Strom mit hoher Spannung und geringeren Leitungsverlusten über große Entfernungen übertragen werden.;Why did alternating current prevail in the power grid instead of direct current?;Alternating current prevailed because its voltage can easily be stepped up and down with transformers. This allows electricity to be transmitted over long distances at high voltage with lower line losses.;0
Was ist Drehstrom (Dreiphasenwechselstrom)?;Ein System aus drei Wechselspannungen, die zeitlich um jeweils 120 Grad zueinander verschoben sind.;What is three-phase alternating current?;A system of three AC voltages that are shifted in time by 120 degrees relative to one another.;0
Warum nutzt man im Stromnetz Drehstrom statt nur einer einzelnen Wechselspannung?;Drei um 120 Grad versetzte Phasen übertragen gleichmäßiger Leistung und erzeugen in Motoren ein gleichmäßiges Drehfeld. Außerdem lässt sich damit Material sparen und es stehen zwei Spannungsebenen zur Verfügung (z. B. 230 V und 400 V).;Why does the power grid use three-phase AC instead of a single AC voltage?;Three phases offset by 120 degrees transmit power more smoothly and create a steady rotating magnetic field in motors. They also allow material savings and provide two voltage levels, for example 230 V and 400 V.;0
Wie erzeugt ein Generator Wechselstrom?;Ein Magnet (oder eine Spule) wird gedreht, sodass sich das Magnetfeld durch eine Leiterspule ständig ändert. Nach dem Prinzip der elektromagnetischen Induktion entsteht dadurch eine Wechselspannung. Die Drehbewegung kommt z. B. von einer Turbine.;How does a generator produce alternating current?;A magnet or coil is rotated so that the magnetic field through a conducting coil continuously changes. By electromagnetic induction, this creates an AC voltage. The rotation can come, for example, from a turbine.;0
Was macht ein Gleichrichter?;Er wandelt Wechselstrom in Gleichstrom um. Das wird z. B. in Netzteilen gebraucht, weil viele Geräte (Handys, Computer) intern Gleichstrom benötigen, das Netz aber Wechselstrom liefert.;What does a rectifier do?;It converts alternating current into direct current. This is needed, for example, in power supplies because many devices such as phones and computers internally require DC while the grid supplies AC.;0
Was macht ein Wechselrichter (Inverter)?;Er wandelt Gleichstrom in Wechselstrom um. Er wird z. B. bei Photovoltaik gebraucht: Solarzellen liefern Gleichstrom, der Wechselrichter macht daraus netzkonformen Wechselstrom. Auch in HGÜ-Anlagen und E-Autos spielt er eine zentrale Rolle.;What does an inverter do?;It converts direct current into alternating current. In photovoltaics, for example, solar cells produce DC and the inverter converts it into grid-compliant AC. Inverters also play an important role in HVDC systems and electric vehicles.;0
Was ist eine Diode und wofür wird sie in der Stromtechnik gebraucht?;Eine Diode ist ein Bauteil, das Strom hauptsächlich in eine Richtung fließen lässt. Sie wird zum Beispiel beim Gleichrichten von Wechselstrom verwendet.;What is a diode and what is it used for in electrical engineering?;A diode is a component that allows current to flow mainly in one direction. It is used, for example, to rectify alternating current.;0
Was ist ein Transistor und warum ist er so wichtig?;Ein Transistor ist ein Halbleiterbauteil, das Strom schalten oder steuern kann. Dadurch ist er eine Grundlage moderner Elektronik und Leistungselektronik.;What is a transistor and why is it so important?;A transistor is a semiconductor component that can switch or control current. It is therefore a fundamental component of modern electronics and power electronics.;0
Was macht ein Kondensator?;Ein Kondensator speichert elektrische Ladung und kann sie wieder abgeben. Er wird zum Beispiel zum Glätten von Spannungen oder zur Blindleistungskompensation eingesetzt.;What does a capacitor do?;A capacitor stores electric charge and can release it again. It is used, for example, to smooth voltages or compensate reactive power.;0
Was ist ein Konverter im Zusammenhang mit HGÜ?;Ein Konverter wandelt bei HGÜ Wechselstrom in Gleichstrom und am anderen Ende Gleichstrom wieder in Wechselstrom um.;What is a converter in the context of HVDC?;In HVDC, a converter changes alternating current into direct current and converts it back into alternating current at the other end.;0
Warum spielt Leistungselektronik in einem Netz mit viel Wind und Solar eine immer größere Rolle?;Windkraftanlagen erzeugen Wechselstrom, dieser ist bei modernen Anlagen jedoch meist nicht direkt netzkonform. Wechselrichter beziehungsweise Umrichter passen Frequenz, Spannung und Phasenlage an das Stromnetz an. PV- und Batteriesysteme liefern dagegen zunächst Gleichstrom und benötigen ebenfalls Leistungselektronik für die Netzeinspeisung.;Why is power electronics becoming increasingly important in a grid with a lot of wind and solar power?;Modern wind turbines usually do not feed their generated AC directly into the grid in a grid-compliant form. Inverters or converters adjust frequency, voltage and phase angle to the grid. PV and battery systems initially provide DC and also need power electronics for grid connection.;0
Was ist der Unterschied zwischen elektrischer Spannung, Stromstärke und Leistung in einem Satz?;Spannung ist der elektrische Potentialunterschied, Stromstärke die pro Zeit fließende Ladung und Leistung die pro Zeit übertragene oder umgesetzte elektrische Energie.;What is the difference between electrical voltage, current and power in one sentence?;Voltage is the electric potential difference, current is the amount of charge flowing per unit of time, and power is the electrical energy transferred or converted per unit of time.;0
Was ist der ohmsche Widerstand und welche Folge hat er im Stromnetz?;Der Widerstand gibt an, wie stark ein Material den Stromfluss behindert. In Leitungen führt er dazu, dass ein Teil der Energie als Wärme verloren geht (Leitungsverluste). Diese Verluste steigen stark mit der Stromstärke.;What is ohmic resistance and what effect does it have in the power grid?;Resistance describes how strongly a material opposes the flow of current. In power lines, it causes part of the energy to be lost as heat. These line losses increase strongly with current.;0
Warum verliert man beim Stromtransport überhaupt Energie, und wie hält man die Verluste klein?;"Jede Leitung hat Widerstand; fließender Strom erwärmt sie, dabei geht Energie verloren. Da die Verluste mit dem Quadrat der Stromstärke steigen, nutzt man für den Ferntransport hohe Spannung und niedrige Stromstärke.";Why is energy lost during electricity transmission, and how can these losses be kept low?;"Every power line has resistance; current flowing through it heats the line and causes energy losses. Because the losses increase with the square of current, long-distance transmission uses high voltage and low current.";0
Was bedeutet Sektorkopplung und warum ist sie für die Energiewende zentral?;Die Verbindung der Sektoren Strom, Wärme und Verkehr, sodass z. B. Heizen und Autofahren mit Strom funktionieren (Wärmepumpe, E-Auto). Zentral ist sie, weil nur so auch Wärme und Verkehr klimafreundlicher werden und überschüssiger Erneuerbaren-Strom sinnvoll genutzt werden kann.;What does sector coupling mean and why is it central to the energy transition?;It means linking the electricity, heating and transport sectors so that activities such as heating and driving can use electricity, for example through heat pumps and electric vehicles. This also helps decarbonize heat and transport and makes better use of surplus renewable electricity.;0
Warum steigt durch Elektromobilität und Wärmepumpen der Strombedarf, und was bedeutet das fürs Netz?;E-Autos und Wärmepumpen ersetzen Benzin bzw. Öl/Gas durch Strom, dadurch steigt der Stromverbrauch. Das Netz muss mehr Leistung transportieren und verteilen – gleichzeitig können diese Verbraucher flexibel laden/heizen und so helfen, Schwankungen von Wind und Solar auszugleichen.;Why do electric mobility and heat pumps increase electricity demand, and what does this mean for the grid?;Electric vehicles and heat pumps replace petrol or oil and gas with electricity, increasing electricity consumption. The grid must transport and distribute more power, but these consumers can also operate flexibly and help balance fluctuations in wind and solar generation.;0
Was ist eine Wärmepumpe und warum gilt sie als effizient?;Ein Gerät, das Wärme aus der Umgebung (Luft, Erde, Wasser) aufnimmt und mit etwas Strom auf ein nutzbares Temperaturniveau hochpumpt. Aus einer Einheit Strom werden oft drei bis vier Einheiten Wärme, weil sie Wärme nicht erzeugt, sondern verschiebt.;What is a heat pump and why is it considered efficient?;A heat pump takes heat from the environment, such as air, ground or water, and uses some electricity to raise it to a useful temperature level. One unit of electricity can often provide three to four units of heat because the heat pump moves heat rather than simply producing it from electricity.;0
Was ist grüner Wasserstoff und welche Rolle soll er in der Energiewende spielen?;Wasserstoff, der mit Strom aus erneuerbaren Quellen durch Elektrolyse aus Wasser erzeugt wird. Er kann Energie speichern und transportieren und dort eingesetzt werden, wo direkte Elektrifizierung schwierig ist (z. B. Industrie, Schwerlastverkehr).;What is green hydrogen and what role can it play in the energy transition?;Green hydrogen is hydrogen produced from water by electrolysis using renewable electricity. It can store and transport energy and can be used where direct electrification is difficult, for example in industry or heavy transport.;0
Was ist Power-to-X?;Ein Sammelbegriff für Verfahren, die (überschüssigen) Strom in andere Energieformen umwandeln: Power-to-Heat (Wärme), Power-to-Gas (z. B. Wasserstoff), Power-to-Liquid (flüssige Kraftstoffe). Ziel: Strom speicherbar und in anderen Sektoren nutzbar machen.;What is Power-to-X?;Power-to-X is an umbrella term for processes that convert surplus electricity into other forms of energy, such as heat, hydrogen or liquid fuels. The aim is to make electricity storable and usable in other sectors.;0
Warum reicht es für die Energiewende nicht, einfach nur mehr Wind- und Solaranlagen zu bauen?;Weil Wind und Solar schwanken und nicht steuerbar sind. Es braucht zusätzlich Netze (Transport), Speicher (Zeitverschiebung), Flexibilität (steuerbare Verbraucher) und steuerbare Backup-Erzeugung für Dunkelflauten. Erzeugung allein löst das Problem der Gleichzeitigkeit nicht.;Why is simply building more wind and solar capacity not enough for the energy transition?;Because wind and solar generation fluctuate and cannot be dispatched freely. Additional grids, storage, flexibility and controllable backup generation are needed to deal with periods of low renewable output and mismatches between generation and demand.;0
Warum ist das Stromnetz oft als 'Rückgrat' der Energiewende bezeichnet worden?;Weil ohne leistungsfähige Netze der erneuerbare Strom nicht von den Erzeugungsorten (z. B. Wind im Norden) zu den Verbrauchern (z. B. Industrie im Süden) gelangt. Netzausbau ist damit genauso wichtig wie der Ausbau von Wind und Solar selbst.;Why is the power grid often called the backbone of the energy transition?;Because without a capable grid, renewable electricity cannot be transported from where it is generated, for example wind power in the north, to where it is consumed, such as industrial regions in the south. Grid expansion is therefore as important as expanding wind and solar generation.;0
Warum kann man sagen, dass im Stromnetz Erzeugung und Verbrauch in jedem Moment gleich groß sein müssen?;Weil Strom kaum direkt im Netz gespeichert wird: Was eingespeist wird, muss praktisch gleichzeitig entnommen werden. Stimmt das nicht, verändert sich sofort die Netzfrequenz. Deshalb ist das Stromsystem ein permanentes Echtzeit-Gleichgewicht.;Why can generation and consumption in the power grid be said to have to match at every moment?;Because electricity is hardly stored directly in the grid: what is fed in must be withdrawn almost at the same time. If generation and consumption do not match, the grid frequency changes. The power system therefore requires continuous real-time balance.;0
Was beschreibt die Frequenz 50 Hz physikalisch genau?;Die Wechselspannung durchläuft 50 vollständige Schwingungen (Perioden) pro Sekunde. Eine einzelne Periode dauert damit 1/50 Sekunde = 20 Millisekunden. In dieser Zeit wechselt der Strom zweimal die Richtung.;What exactly does the 50 Hz frequency describe physically?;The AC voltage completes 50 full oscillations (cycles) per second. One cycle therefore lasts 1/50 of a second = 20 milliseconds. During this time, the current changes direction twice.;0
Warum einigte man sich in Europa auf 50 Hz und nicht auf einen anderen Wert?;Es ist ein historisch gewachsener Kompromiss: niedrig genug, um Verluste und Flackern zu begrenzen, hoch genug für kleine, effiziente Transformatoren und Motoren. In Nordamerika setzte sich stattdessen 60 Hz durch. Entscheidend ist heute vor allem, dass alle im Verbundnetz denselben Wert nutzen.;Why did Europe standardize on 50 Hz rather than another frequency?;It is a historically developed compromise: low enough to limit losses and flicker, but high enough for relatively compact, efficient transformers and motors. North America instead standardized on 60 Hz. Today, the key point is that all systems in the interconnected grid use the same frequency.;0
Was ist ein Drehfeld und wozu wird es gebraucht?;Ein magnetisches Feld, das sich durch die drei zeitversetzten Phasen des Drehstroms kreisförmig dreht. In Elektromotoren zieht dieses Drehfeld den Rotor mit und erzeugt so die Drehbewegung.;What is a rotating magnetic field and what is it used for?;It is a magnetic field that rotates because of the three time-shifted phases of three-phase AC. In electric motors, this rotating field pulls the rotor along and produces rotational motion.;0
Warum kann ein Transformator nur mit Wechselstrom arbeiten, nicht mit Gleichstrom?;Ein Transformator braucht ein Magnetfeld, das sich ständig verändert, weil nur ein verändertes Magnetfeld in der zweiten Spule eine Spannung erzeugt. Wechselstrom erzeugt ein veränderliches Magnetfeld, Gleichstrom dagegen ein gleichbleibendes – deshalb funktioniert ein normaler Transformator nur mit Wechselstrom.;Why can a transformer operate with alternating current but not with direct current?;A transformer needs a magnetic field that continuously changes, because only a changing magnetic field induces a voltage in the second coil. AC creates a changing magnetic field, while steady DC creates a constant one, so a normal transformer works only with AC.;0
Wie wandelt ein einfacher Transformator die Spannung um?;"Über das Verhältnis der Windungszahlen seiner beiden Spulen. Hat die Ausgangsspule mehr Windungen, steigt die Spannung (Hochtransformieren); hat sie weniger, sinkt sie (Runtertransformieren). Die Leistung bleibt dabei näherungsweise gleich.";How does a simple transformer change the voltage?;"By the ratio of the number of turns in its two coils. If the secondary coil has more turns, the voltage increases; if it has fewer turns, the voltage decreases. The power remains approximately the same.";0
Was ist ein Halbleiter und warum ist er die Grundlage der modernen Elektronik?;Ein Material (meist Silizium), das je nach Bedingung Strom leiten oder sperren kann – zwischen Leiter und Isolator. Diese Steuerbarkeit macht Dioden, Transistoren und Computerchips erst möglich und ist die Basis der gesamten Elektronik und Leistungselektronik.;What is a semiconductor and why is it the basis of modern electronics?;A semiconductor is a material, usually silicon, that can conduct or block current depending on the conditions. This controllability makes diodes, transistors and computer chips possible and forms the basis of modern electronics and power electronics.;0
Warum braucht fast jedes elektronische Gerät ein Netzteil?;Das Netz liefert 230 V Wechselstrom, die meisten Geräte brauchen aber niedrige Gleichspannung (z. B. 5 V). Das Netzteil transformiert die Spannung herunter und wandelt sie mit einem Gleichrichter in Gleichstrom um – oft zusätzlich geglättet mit Kondensatoren.;Why does almost every electronic device need a power supply?;The grid supplies 230 V AC, while most electronic devices require a much lower DC voltage, such as 5 V. The power supply reduces the voltage and converts it to DC, often smoothing it with capacitors as well.;0
Was ist der Unterschied zwischen einem Leiter, einem Isolator und einem Halbleiter?;Ein Leiter (z. B. Kupfer) lässt Strom gut durch. Ein Isolator (z. B. Gummi, Porzellan) sperrt ihn weitgehend. Ein Halbleiter liegt dazwischen und kann je nach Bedingung das eine oder das andere – genau das macht ihn für steuerbare Elektronik so nützlich.;What is the difference between a conductor, an insulator and a semiconductor?;A conductor such as copper allows current to flow easily. An insulator such as rubber or porcelain largely blocks it. A semiconductor lies between the two and can conduct or block current depending on the conditions.;0
Warum entsteht Blindleistung überhaupt in einem Wechselstromnetz?;Viele Betriebsmittel (Motoren, Transformatoren, lange Leitungen) bauen magnetische oder elektrische Felder auf und wieder ab. Dafür pendelt Energie zwischen Quelle und Feld hin und her, ohne verbraucht zu werden. Dieses Hin-und-Her-Pendeln ist die Blindleistung.;Why does reactive power arise in an AC grid?;Many devices such as motors, transformers and long lines repeatedly build up and collapse magnetic or electric fields. Energy therefore moves back and forth between the source and these fields without being consumed. This back-and-forth exchange is reactive power.;0
Was ist Scheinleistung und wie hängt sie mit Wirk- und Blindleistung zusammen?;Scheinleistung ist die gesamte Leistung, die eine Leitung transportieren muss – sie setzt sich aus Wirkleistung (nutzbare Arbeit) und Blindleistung (Feldaufbau) zusammen. Die Leitung muss für die Scheinleistung ausgelegt sein, auch wenn nur die Wirkleistung 'echte' Arbeit verrichtet.;What is apparent power and how is it related to active and reactive power?;Apparent power is the total power that electrical equipment and lines have to carry. It consists of active power, which performs useful work, and reactive power, which is associated with electric and magnetic fields. Equipment must be sized for the apparent power.;0
Was bedeutet der Leistungsfaktor (cos phi)?;Der Leistungsfaktor zeigt, welcher Anteil der Scheinleistung als Wirkleistung genutzt wird. Je näher der Wert an 1 liegt, desto geringer ist der Anteil der Blindleistung.;What does the power factor (cos phi) mean?;The power factor indicates how much of the apparent power is active power. A value close to 1 means little reactive power, while a lower value means more reactive power and therefore greater loading of the network.;0
Wie kann man Blindleistung im Netz ausgleichen (kompensieren)?;Mit Bauteilen, die das gegenteilige Blindleistungsverhalten zeigen: Kondensatoren gleichen die Blindleistung von Spulen/Motoren aus und umgekehrt. So wird die benötigte Blindleistung lokal bereitgestellt und die Leitungen werden entlastet.;How can reactive power be compensated in the grid?;It can be compensated with equipment that has the opposite reactive-power behaviour. For example, capacitors can compensate the reactive power of inductive loads such as motors. This provides reactive power locally and relieves the network.;0
Was ist das grundlegende Ziel der Energiewende?;Die Energieversorgung weitgehend auf erneuerbare Energien umzustellen und so Treibhausgasemissionen stark zu senken. Betroffen sind nicht nur Strom, sondern auch Wärme und Verkehr. Ziel ist langfristig eine klimaneutrale Versorgung.;What is the basic goal of the energy transition?;The goal is to shift the energy supply largely to renewable energy and greatly reduce greenhouse-gas emissions. This includes electricity, heat and transport, with the long-term aim of a climate-neutral energy system.;0
Warum verändert die Energiewende die Richtung der Stromflüsse im Netz?;Früher floss Strom von wenigen großen Kraftwerken zu den Verbrauchern. Heute speisen viele dezentrale Anlagen (Dach-PV, Windparks) auf allen Netzebenen ein – teils fließt Strom 'rückwärts' vom Verteil- ins Übertragungsnetz. Das Netz muss für beide Richtungen ausgelegt werden.;Why does the energy transition change the direction of power flows in the grid?;In the past, electricity mainly flowed from a few large power plants to consumers. Today, many decentralized systems such as rooftop PV and wind farms feed into different grid levels, so power can also flow from distribution grids back towards higher voltage levels.;0
Was ist eine Dunkelflaute und warum ist sie eine Herausforderung?;Eine Phase mit gleichzeitig wenig Wind und wenig Sonne (oft im Winter). Dann liefern Wind und Solar kaum Strom, obwohl der Bedarf hoch ist. Es braucht dann steuerbare Erzeugung, Speicher oder Importe, um die Versorgung zu sichern.;What is a Dunkelflaute and why is it a challenge?;A Dunkelflaute is a period with little wind and little sunshine at the same time, often in winter. Wind and solar then produce little electricity even though demand may be high, so dispatchable generation, storage or imports are needed.;0
Warum sind Stromspeicher ein Schlüssel für ein System mit viel Wind und Solar?;Weil sie Energie zeitlich verschieben: Sie nehmen Überschüsse bei viel Wind/Sonne auf und geben sie bei Bedarf wieder ab. So wird aus unregelmäßiger Erzeugung eine bedarfsgerechtere Versorgung. Ohne Speicher müsste überschüssiger Strom abgeregelt (verschwendet) werden.;Why are electricity storage systems important in a system with a lot of wind and solar power?;They shift energy over time: they absorb surplus electricity when wind and solar output is high and release it later when needed. This helps match variable generation with demand and can reduce curtailment.;0
Was bedeutet 'Abregelung' (Curtailment) von Wind- und Solaranlagen?;Das gezielte Herunterfahren von Wind- oder PV-Anlagen, obwohl sie Strom liefern könnten – etwa wenn das Netz überlastet ist oder mehr Strom erzeugt als verbraucht wird. Der nicht genutzte Strom geht verloren, was Speicher und Netzausbau wichtiger macht.;What does curtailment of wind and solar power mean?;Curtailment means deliberately reducing the output of wind or PV systems even though they could generate electricity, for example because the grid is congested or generation exceeds demand.;0
Welche Rolle spielen E-Autos als 'fahrende Speicher' im zukünftigen Stromsystem?;E-Autos können flexibel laden, wenn viel günstiger (erneuerbarer) Strom da ist. Perspektivisch könnten sie über bidirektionales Laden (Vehicle-to-Grid) sogar Strom ins Netz zurückspeisen und so als verteilte Speicher zur Netzstabilität beitragen.;What role could electric cars play as 'mobile storage' in the future power system?;Electric cars can charge flexibly when abundant or low-cost electricity is available. With bidirectional charging, they could also feed electricity from their batteries back into the power system and support grid stability.;0
Warum gilt Wasserstoff als wichtig für die Teile der Energiewende, die sich schwer elektrifizieren lassen?;Manche Bereiche (Stahl- und Chemieindustrie, Schwerlast-, Schiffs- und Flugverkehr) lassen sich kaum direkt mit Strom betreiben. Grüner Wasserstoff kann dort als speicherbarer, transportierbarer Energieträger fossile Brennstoffe ersetzen.;Why is hydrogen important for parts of the energy transition that are difficult to electrify directly?;Some sectors, such as parts of the steel and chemical industries and some heavy-duty, shipping and aviation applications, are difficult to electrify directly. Green hydrogen can replace fossil fuels there as a storable and transportable energy carrier.;0
Was bedeutet 'Flexibilität' im Stromsystem und warum wird sie immer wichtiger?;Die Fähigkeit, Erzeugung oder Verbrauch an die jeweilige Lage anzupassen – z. B. Verbraucher, die laden, wenn viel Wind weht. Je mehr schwankende Erneuerbare im System sind, desto wichtiger wird Flexibilität, um Erzeugung und Verbrauch zusammenzubringen.;What does flexibility in the power system mean and why is it becoming more important?;Flexibility is the ability to adjust generation or consumption to the current situation, for example by shifting electricity demand to times with strong wind generation. The more variable renewable generation there is, the more important flexibility becomes.;0
Warum reicht es nicht, nur erneuerbare Erzeugung auszubauen, ohne gleichzeitig die Netze auszubauen?;Weil der erneuerbare Strom oft weit weg vom Verbrauch erzeugt wird (Wind im Norden, Verbrauch im Süden). Ohne ausreichende Leitungen entstehen Engpässe, und Anlagen müssen abgeregelt werden. Erzeugung und Netz müssen im Gleichschritt wachsen.;Why is expanding renewable generation alone not enough without also expanding the grid?;Renewable electricity is often generated far from where it is consumed. Without sufficient transmission capacity, bottlenecks arise and renewable plants may have to be curtailed. Generation and grid expansion therefore need to progress together.;0
Warum spricht man davon, dass im künftigen System der Verbrauch der Erzeugung folgen soll statt umgekehrt?;Früher passte man steuerbare Kraftwerke an den Verbrauch an. Da Wind und Solar nicht steuerbar sind, soll künftig stärker der Verbrauch der Erzeugung folgen: flexible Verbraucher und Speicher reagieren auf das Angebot (und das Preissignal). So wird schwankender Ökostrom besser nutzbar.;Why is it said that in the future electricity demand should follow generation more than generation follows demand?;Traditionally, dispatchable power plants were adjusted to match demand. Because wind and solar cannot be controlled freely, flexible consumers and storage increasingly respond to available generation and price signals instead.;0
Welche Entdeckung Faradays von 1831 muss man kennen, um das Grundprinzip moderner Generatoren zu verstehen?;Faraday entdeckte die elektromagnetische Induktion: Wenn sich ein Magnetfeld an einer Spule verändert, entsteht eine elektrische Spannung.;Which discovery by Faraday in 1831 is essential for understanding the basic principle of modern generators?;Faraday discovered electromagnetic induction: when the magnetic field through a coil changes, an electrical voltage is induced.;0
Welche technische Entwicklung von Siemens aus dem Jahr 1866 machte leistungsfähige Generatoren wesentlich praktikabler?;Werner von Siemens entwickelte eine Dynamomaschine, die das für die Stromerzeugung nötige Magnetfeld selbst erzeugen konnte. Damit konnten Generatoren ihr benötigtes Magnetfeld selbst aufbauen und wesentlich größere Mengen elektrischer Energie liefern.;Which development by Siemens in 1866 made powerful generators much more practical?;Werner von Siemens developed the dynamo-electric principle and a dynamo machine that could build up its own magnetic field. This made it possible for generators to produce much larger amounts of electrical energy.;0
Welcher wichtige Meilenstein der öffentlichen Stromversorgung fand 1884 in Berlin statt?;1884 wurden in Berlin die „Städtischen Elektricitäts-Werke“ gegründet – das erste öffentliche Elektrizitätsversorgungsunternehmen Deutschlands. Damit begann Strom zunehmend zentral erzeugt und über ein öffentliches Netz an viele Verbraucher verteilt zu werden.;What important milestone in public electricity supply occurred in Berlin in 1884?;In 1884, Berlin's municipal electricity works were founded, one of the first public electricity supply companies in Germany. Electricity increasingly began to be generated centrally and distributed to many consumers through a public network.;0
Was zeigt die Berliner Gleichstromstation von 1884 mit 100 V über die frühen Stromnetze?;Die frühen öffentlichen Netze waren noch lokale Gleichstromnetze. In Berlin ging 1884 beispielsweise eine Blockstation mit 100 V Gleichspannung in Betrieb. Solche Netze versorgten nur ein kleines Gebiet rund um die Erzeugungsanlage, weil bei niedriger Spannung hohe Ströme und damit große Leitungsverluste entstanden.;What does Berlin's 1884 100 V DC station show about early power grids?;Early public grids were local DC networks. In Berlin, for example, a 100 V DC block station began operation in 1884. Such networks supplied only a small surrounding area because low voltage required high currents and therefore caused high line losses.;0
Frühe Gleichstromnetze konnten nur kleine Gebiete wirtschaftlich versorgen. Welche technischen Ursachen begrenzten ihre Reichweite?;Frühe Gleichstromsysteme arbeiteten mit vergleichsweise niedrigen Spannungen. Für größere Leistungen mussten dadurch hohe Ströme fließen, was starke Leitungsverluste verursachte. Außerdem ließ sich Gleichspannung damals nicht einfach auf hohe Spannungen umwandeln. Wichtig: Nicht Gleichstrom an sich ist schlecht für Fernübertragung – moderne HGÜ zeigt das Gegenteil.;Early DC grids could economically supply only small areas. What technical factors limited their range?;Early DC systems operated at relatively low voltages. Transmitting larger power therefore required high currents, causing large line losses. At the time, DC voltage also could not easily be transformed to much higher voltage levels. Modern HVDC shows that DC itself is not inherently unsuitable for long-distance transmission.;0
Zwei Systeme sollen dieselbe Leistung weit übertragen. Eines kann die Spannung einfach hochsetzen, das andere damals nicht. Warum war das für die Entwicklung großer Stromnetze entscheidend?;Wechselspannung ließ sich mit Transformatoren einfach erhöhen und wieder absenken. Für die Fernübertragung konnte man deshalb hohe Spannung und kleinere Stromstärke nutzen, wodurch die Leitungsverluste stark sanken.;Two systems have to transmit the same power over a long distance. One can easily raise its voltage, while the other could not at the time. Why was this decisive for the development of large power grids?;AC voltage could be stepped up and down easily with transformers. This made it possible to use high voltage and lower current for long-distance transmission, greatly reducing line losses.;0
1882 wurde Strom von Miesbach nach München übertragen. Welche neue Möglichkeit der Stromversorgung wurde damit praktisch sichtbar?;1882 wurde elektrische Energie mit Gleichstrom über etwa 57 km von Miesbach nach München übertragen. Entscheidend war die Erkenntnis: Strom musste nicht mehr dort verbraucht werden, wo er erzeugt wurde.;In 1882 electricity was transmitted from Miesbach to Munich. What new possibility for electricity supply did this demonstrate?;In 1882, electrical energy was transmitted about 57 km from Miesbach to Munich using direct current. The important lesson was that electricity no longer had to be consumed at the place where it was generated.;0
1891 wurde Strom von Lauffen über rund 175 km nach Frankfurt übertragen. Welche technische Möglichkeit zeigte dieser Versuch?;Elektrische Energie wurde über rund 175 km mit hochgespanntem Drehstrom übertragen. Zunächst wurden etwa 15 kV verwendet.;In 1891 electricity was transmitted about 175 km from Lauffen to Frankfurt. What technical possibility did this demonstrate?;Electrical energy was transmitted about 175 km using high-voltage three-phase AC. The system initially operated at around 15 kV.;0
Um 1900 bestehen viele lokale Inselnetze. Welche Entwicklung führt daraus schrittweise zu einem überregionalen Stromsystem?;Um 1900 gab es bereits viele Elektrizitätsversorger, ihre Netze waren aber meist noch lokale Inselnetze. Nach und nach wurden daraus größere regionale und später überregionale Verbundnetze.;Around 1900 there were many local island grids. What development gradually led from them to a supra-regional power system?;Around 1900 there were already many electricity suppliers, but their grids were mostly local island systems. Over time, these developed into larger regional networks and later into interconnected supra-regional grids.;0
Ein Unternehmen erzeugt Strom, betreibt das Netz und verkauft den Strom selbst an Kunden. Wie nennt man diese Unternehmensstruktur?;Diese Struktur nennt man ein vertikal integriertes Energieversorgungsunternehmen. Ein Unternehmen übernimmt mehrere Stufen der Stromversorgung gleichzeitig, zum Beispiel Erzeugung, Netzbetrieb und Stromvertrieb.;A company generates electricity, operates the grid and sells electricity to customers itself. What is this company structure called?;This is called a vertically integrated energy utility. One company carries out several stages of electricity supply, such as generation, network operation and retail.;0
Nach dem Zweiten Weltkrieg wachsen Kraftwerksgrößen und Netze werden stärker verbunden. Wie verändert sich dadurch die technische Struktur der Stromversorgung?;Der Trend ging zu größeren Kraftwerken und stärker miteinander verbundenen Netzen. Gleichzeitig bestanden weiterhin zahlreiche kommunale und regionale Energieversorger.;After the Second World War, power plants became larger and grids more interconnected. How did this change the technical structure of electricity supply?;The trend was toward larger power plants and increasingly interconnected networks. At the same time, many municipal and regional energy suppliers continued to exist.;0
Welche Kraftwerkstypen prägten das klassische zentrale deutsche Stromsystem nacheinander besonders?;"Zunächst vor allem Stein- und Braunkohlekraftwerke sowie regional Wasserkraft. Ab den 1960er- und 1970er-Jahren gewann Kernenergie stark an Bedeutung; auch Erdgas wurde später wichtiger.";Which types of power plants successively shaped Germany's traditional centralized electricity system?;Initially, hard-coal and lignite plants dominated, alongside hydropower in some regions. From the 1960s and 1970s, nuclear power became increasingly important, and natural gas also gained importance later.;0
Ein Haushalt bezieht Strom fast nur aus dem Netz und speist selbst nichts ein. Welche typische Rolle hatte er im klassischen Stromsystem?;Sie waren fast ausschließlich Verbraucher. Strom floss im Wesentlichen vom großen Kraftwerk über das Netz zum Kunden. Eigene PV-Anlagen, Batteriespeicher oder rückspeisende Elektroautos gab es noch nicht.;A household mainly draws electricity from the grid and does not feed electricity back in. What role did it typically have in the traditional power system?;Households were almost exclusively consumers. Electricity largely flowed from large power plants through the grid to customers. Rooftop PV, home batteries and electric vehicles feeding electricity back into the grid did not yet exist.;0
Ein Land deckt einen großen Teil seines Energiebedarfs durch Importe. Was machten die Ölkrisen von 1973 und 1979 an diesem Modell sichtbar?;Sie zeigten deutlich, wie abhängig Volkswirtschaften von Energieimporten und einzelnen Energieträgern sein können.;A country covers a large share of its energy demand through imports. What did the oil crises of 1973 and 1979 reveal about this model?;They showed how dependent economies can be on energy imports and on individual energy carriers.;0
Warum kam es 1973 zur ersten Ölkrise?;Im Zusammenhang mit dem Jom-Kippur-Krieg setzten arabische Erdölexporteure Öl als politisches Druckmittel ein. Sie kürzten die Förderung und verhängten gegen die USA sowie weitere Unterstützer Israels ein Ölembargo. Das verknappte das Angebot und ließ die Ölpreise stark steigen.;Why did the first oil crisis occur in 1973?;In connection with the Yom Kippur War, Arab oil exporters used oil as a political instrument. They cut production and imposed an embargo on the United States and other supporters of Israel, reducing supply and causing oil prices to rise sharply.;0
Warum kam es 1979 zur zweiten Ölkrise?;Die Iranische Revolution führte zu starken Störungen und zeitweisen Einbrüchen der iranischen Ölförderung und -exporte. Die geringere verfügbare Ölmenge und die Unsicherheit über weitere Lieferausfälle ließen die Weltmarktpreise stark steigen.;Why did the second oil crisis occur in 1979?;The Iranian Revolution caused major disruptions and temporary declines in Iranian oil production and exports. Lower available supply and uncertainty about further shortages caused world oil prices to rise sharply.;0
Welche energiepolitischen Themen kamen seit den 1970er-Jahren zusätzlich zur Versorgungssicherheit immer stärker hinzu?;Umweltschutz, Ressourcenschonung und die gesellschaftliche Auseinandersetzung mit Kernenergie wurden wichtiger. Später kamen Klimaschutz und der Ausbau erneuerbarer Energien immer stärker hinzu.;Which energy-policy issues became increasingly important from the 1970s in addition to security of supply?;Environmental protection, resource conservation and the public debate over nuclear power became more important. Later, climate protection and the expansion of renewable energy gained increasing importance.;0
Welches Gesetz von 1991 war ein früher wichtiger Schritt zur Förderung erneuerbarer Stromerzeugung in Deutschland?;Das Stromeinspeisungsgesetz. Es war ein wichtiger früher Schritt zur Förderung erneuerbarer Stromerzeugung in Deutschland.;Which 1991 law was an early important step in promoting renewable electricity generation in Germany?;The Electricity Feed-in Act (Stromeinspeisungsgesetz). It was an important early step in supporting renewable electricity generation in Germany.;0
Ein kleiner Windanlagenbetreiber kann Strom erzeugen, kommt aber kaum in das von großen Versorgern kontrollierte Netz. Welches Problem sollte das Stromeinspeisungsgesetz lösen?;Kleine Wind-, Wasser- oder andere Erzeuger hatten Schwierigkeiten, Zugang zu den von großen Energieunternehmen kontrollierten Netzen zu bekommen.;A small wind-power operator can generate electricity but has difficulty accessing a grid controlled by large utilities. What problem was the Electricity Feed-in Act intended to address?;Small wind, hydro and other generators had difficulty obtaining access to grids controlled by large energy companies.;0
Ein Energieversorger will Strom aus bestimmten erneuerbaren Anlagen weder abnehmen noch vergüten. Welche zwei Pflichten setzte das Stromeinspeisungsgesetz dagegen?;Sie mussten Strom aus bestimmten erneuerbaren Energiequellen abnehmen und gesetzlich festgelegte Mindestvergütungen zahlen.;An energy supplier does not want to accept or pay for electricity from certain renewable generators. Which two obligations did the Electricity Feed-in Act introduce?;Utilities were required to accept electricity from certain renewable energy sources and to pay legally defined minimum remuneration for it.;0
Welches Gesetz löste 2000 das Stromeinspeisungsgesetz ab und entwickelte die Förderung weiter?;Das Erneuerbare-Energien-Gesetz (EEG) von 2000. Es löste das Stromeinspeisungsgesetz ab und entwickelte die Förderung deutlich weiter.;Which law replaced the Electricity Feed-in Act in 2000 and further developed renewable-energy support?;The Renewable Energy Sources Act (EEG) of 2000. It replaced the Electricity Feed-in Act and significantly expanded the support framework.;0
Die Politik will den Ausbau erneuerbarer Stromerzeugung deutlich beschleunigen. Welches übergeordnete Ziel verfolgte das EEG 2000?;Den Ausbau erneuerbarer Stromerzeugung deutlich zu beschleunigen und dafür verlässlichere Rahmenbedingungen zu schaffen.;The government wants to accelerate the expansion of renewable electricity generation. What overarching objective did the EEG 2000 pursue?;It aimed to accelerate the expansion of renewable electricity generation and create more reliable framework conditions for investment.;0
Wind, Photovoltaik, Biomasse und Wasserkraft stehen zur Auswahl. Welche dieser Technologien gehörten zu den vom EEG besonders geförderten erneuerbaren Bereichen?;Vor allem Windenergie, Photovoltaik und Biomasse, daneben unter anderem Wasserkraft und weitere erneuerbare Technologien.;Wind, photovoltaics, biomass and hydropower are available. Which of these technologies were among the renewable-energy sectors particularly supported by the EEG?;Especially wind power, photovoltaics and biomass, as well as hydropower and other renewable technologies.;0
Ein Investor überlegt, eine Windanlage zu bauen. Warum senken verlässliche Regeln zu Netzanschluss, Abnahme und Vergütung sein Investitionsrisiko?;Für Investoren wurde besser vorhersehbar, wie Netzanschluss, Abnahme und Vergütung geregelt waren.;An investor is considering building a wind turbine. Why do reliable rules on grid connection, purchase and remuneration reduce investment risk?;They make it more predictable how grid connection, electricity purchase and remuneration will be handled, giving investors greater planning certainty.;0
Vergleiche 1991 und 2000: Wie entwickelte sich die Förderung erneuerbarer Stromerzeugung vom Stromeinspeisungsgesetz zum EEG?;1991 Stromeinspeisungsgesetz: erster wichtiger gesetzlicher Förderrahmen. 2000 EEG: deutlich umfassendere Weiterentwicklung.;Compare 1991 and 2000: How did support for renewable electricity develop from the Electricity Feed-in Act to the EEG?;The 1991 Electricity Feed-in Act provided an early legal support framework. The 2000 EEG developed this into a much more comprehensive system of renewable-energy support.;0
Ein bestehendes Gesetz wird wesentlich geändert, ergänzt oder neu gefasst. Wie nennt man diesen Vorgang?;Ein bestehendes Gesetz wird geändert, ergänzt oder grundlegend überarbeitet. Es entsteht also nicht zwingend ein völlig neues Gesetz – die bestehende Rechtsgrundlage wird weiterentwickelt.;An existing law is substantially amended, supplemented or rewritten. What is this process called?;"It is an amendment or revision of an existing law. A completely new law is not necessarily created; instead, the existing legal framework is further developed.";0
Vergleiche klassisches und heutiges Stromsystem: Was ändert sich durch Millionen dezentrale und wetterabhängige Einspeiser?;Früher dominierten große, meist steuerbare Kraftwerke stärker. Heute speisen zusätzlich Millionen dezentraler Anlagen Strom ein, darunter sehr viele PV- und Windanlagen. Das Stromnetz muss deshalb Stromflüsse bewältigen, die stärker schwanken und häufiger auch aus unteren Netzebenen kommen.;Compare the traditional and today's power system: What changes when millions of decentralized, weather-dependent generators feed in electricity?;Large, mostly dispatchable power plants used to dominate. Today, millions of decentralized plants, especially wind and PV, also feed electricity into the system, so power flows vary more strongly and increasingly originate from lower grid levels.;0
Ein Haushalt verbraucht Strom und speist zugleich Strom aus seiner PV-Anlage ein. Wie nennt man einen solchen Akteur?;Einen Prosumer. Der Begriff verbindet Producer und Consumer: Ein Prosumer verbraucht Strom und erzeugt zugleich selbst Strom. Beispiel: Ein Haushalt nutzt Strom aus dem Netz und erzeugt gleichzeitig Strom mit einer PV-Anlage.;A household consumes electricity while also feeding electricity from its PV system into the grid. What is such an actor called?;A prosumer. The term combines producer and consumer: a prosumer consumes electricity while also producing electricity, for example with a rooftop PV system.;0
Ein Stromsystem muss den morgigen Betrieb planen. Welche zwei grundlegenden Größen muss es dafür besonders gut prognostizieren?;Stromverbrauch und Stromerzeugung. Relevant sind dabei besonders wetterabhängige Erzeugung sowie zeitlich schwankender Verbrauch.;A power system has to plan tomorrow's operation. Which two basic quantities does it particularly need to forecast well?;Electricity consumption and electricity generation, especially weather-dependent generation and time-varying demand.;0
Nach Fukushima wird ein bereits bestehender politischer Kurs deutlich beschleunigt. Was änderte Deutschland 2011 beim Atomausstieg?;"Nach Fukushima beschloss Deutschland, den bereits zuvor eingeleiteten Atomausstieg deutlich zu beschleunigen. Acht Kernkraftwerke verloren ihre Berechtigung zum Leistungsbetrieb; für die übrigen wurden gestaffelte Endtermine festgelegt.";After Fukushima, an existing political course was accelerated substantially. What changed in Germany's nuclear phase-out in 2011?;After Fukushima, Germany decided to accelerate the nuclear phase-out that had already begun. Eight nuclear power plants lost authorization for power operation, and staggered final shutdown dates were set for the remaining plants.;0
Wann endete die kommerzielle Stromerzeugung aus Kernenergie in deutschen Kernkraftwerken?;Mit Ablauf des 15. April 2023 stellten Emsland, Isar 2 und Neckarwestheim 2 ihren Leistungsbetrieb ein.;When did commercial electricity generation from nuclear power plants end in Germany?;At the end of 15 April 2023, Emsland, Isar 2 and Neckarwestheim 2 stopped power operation.;0
Welche Entwicklungskette sollte man für die Förderung erneuerbarer Energien in Deutschland kennen?;1991 Stromeinspeisungsgesetz → 2000 EEG → anschließend mehrfach weiterentwickelte Förderung und zunehmende Marktintegration erneuerbarer Energien. Für die Grundlagen sind 1991 und 2000 die beiden wichtigsten Startpunkte.;Which development path for renewable-energy support in Germany should you know?;1991 Electricity Feed-in Act → 2000 EEG → repeated further development of support and increasing market integration of renewables. For the basics, 1991 and 2000 are the two most important starting points.;0
In welchem Jahr entdeckte Faraday die elektromagnetische Induktion?;Faraday entdeckte die elektromagnetische Induktion im Jahr 1831.;In which year did Faraday discover electromagnetic induction?;Faraday discovered electromagnetic induction in 1831.;0
In welchem Jahr entwickelte Siemens das dynamoelektrische Prinzip?;Siemens entwickelte das dynamoelektrische Prinzip im Jahr 1866.;In which year did Siemens develop the dynamo-electric principle?;Siemens developed the dynamo-electric principle in 1866.;0
Wann fand die Gleichstrom-Fernübertragung Miesbach–München statt?;1882. Etwa 57 km mit Gleichstrom.;When did the Miesbach–Munich long-distance DC transmission take place?;In 1882, over a distance of about 57 km using direct current.;0
In welchem Jahr fand die Drehstromübertragung Lauffen–Frankfurt statt?;1891. Rund 175 km mit hochgespanntem Drehstrom.;In which year did the Lauffen–Frankfurt three-phase transmission take place?;In 1891, over a distance of about 175 km using high-voltage three-phase AC.;0
Wann trat das Stromeinspeisungsgesetz in Kraft?;1991. Es war ein wichtiger Vorläufer des EEG.;When did the Electricity Feed-in Act come into force?;In 1991. It was an important predecessor of the Renewable Energy Sources Act (EEG).;0
Wann trat das erste EEG in Kraft?;Das erste Erneuerbare-Energien-Gesetz trat im Jahr 2000 in Kraft.;When did the first Renewable Energy Sources Act (EEG) come into force?;The first Renewable Energy Sources Act came into force in 2000.;0
Wann wurde der deutsche Atomausstieg nach Fukushima beschleunigt?;Deutschland beschleunigte den Atomausstieg im Jahr 2011 nach der Reaktorkatastrophe von Fukushima.;When was Germany's nuclear phase-out accelerated after Fukushima?;Germany accelerated its nuclear phase-out in 2011 after the Fukushima nuclear disaster.;0
Wann wurde das Clean-Energy-for-All-Europeans-Paket vollständig verabschiedet?;Das Clean-Energy-for-All-Europeans-Paket wurde 2019 vollständig verabschiedet.;When was the Clean Energy for All Europeans package fully adopted?;The Clean Energy for All Europeans package was fully adopted in 2019.;0
Was bedeutet der Wirkungsgrad eines Speichers?;Der Wirkungsgrad eines Speichers gibt an, welcher Anteil der eingespeicherten Energie beim Entladen wieder nutzbar zur Verfügung steht.;What does the efficiency of an energy storage system mean?;The efficiency of a storage system indicates what share of the energy put into storage is available again as usable energy when it is discharged.;0
Was ist der Unterschied zwischen Kurzzeit- und Langzeitspeichern?;Kurzzeitspeicher gleichen Schwankungen über Minuten, Stunden oder wenige Tage aus. Langzeitspeicher sollen Energie über längere Zeiträume bis hin zu Monaten speichern.;What is the difference between short-term and long-term energy storage?;Short-term storage balances fluctuations over minutes, hours or a few days. Long-term storage is intended to store energy for longer periods, potentially for months.;0
Was bedeuten Leistung und Kapazität bei einem Speicher?;Leistung in MW beschreibt, wie schnell geladen oder entladen werden kann. Kapazität in MWh beschreibt, wie viel Energie insgesamt gespeichert werden kann.;What do power and capacity mean for an energy storage system?;Power in MW describes how quickly the storage system can charge or discharge. Capacity in MWh describes how much energy can be stored in total.;0
Warum kann Speichern sinnvoller sein als erneuerbare Anlagen abzuregeln?;Beim Abregeln wird mögliche Wind- oder Solarerzeugung nicht genutzt. Ein Speicher kann einen Teil dieser Energie aufnehmen und später bereitstellen.;Why can storing electricity be more useful than curtailing renewable generation?;When generation is curtailed, potential wind or solar output is not used. A storage system can absorb some of this energy and make it available later.;0
Wie funktioniert ein Batteriespeicher im Grundprinzip?;Beim Laden wird elektrische Energie chemisch gespeichert. Beim Entladen laufen die elektrochemischen Prozesse umgekehrt ab und elektrische Energie wird wieder abgegeben.;How does a battery storage system work in principle?;During charging, electrical energy is stored chemically. During discharging, the electrochemical processes run in reverse and electrical energy is released again.;0
Warum eignen sich Batteriespeicher für schnelle Systemdienstleistungen?;Batteriespeicher können ihre Leistung innerhalb sehr kurzer Zeit verändern und dadurch schnell auf Abweichungen im Stromsystem reagieren.;Why are battery storage systems suitable for fast system services?;Battery storage systems can change their power output very quickly and therefore respond rapidly to imbalances in the power system.;0
Welchen Wirkungsgrad haben Lithium-Ionen-Batteriespeicher ungefähr?;Typische Rundlaufwirkungsgrade liegen grob bei etwa 85–95 %. Der genaue Wert hängt unter anderem von Technik, Betriebsweise und Leistungselektronik ab.;What is the approximate efficiency of lithium-ion battery storage systems?;Typical round-trip efficiencies are roughly 85–95%. The exact value depends on factors such as technology, operating conditions and power electronics.;0
Für welche Zeiträume eignen sich Batteriespeicher besonders gut?;Vor allem für kurze bis mittlere Zeiträume von Sekunden bis mehreren Stunden. Für saisonale Speicherung wären sehr große Energiemengen und Kapazitäten nötig.;For which time periods are battery storage systems particularly suitable?;Especially for short to medium periods ranging from seconds to several hours. Seasonal storage would require very large amounts of energy and storage capacity.;0
Was ist ein Heimspeicher?;Ein Batteriespeicher in einem Haushalt, häufig zusammen mit Photovoltaik. Er speichert überschüssigen Solarstrom und stellt ihn später für den Eigenverbrauch bereit.;What is a home battery storage system?;A battery storage system in a household, often combined with photovoltaics. It stores surplus solar electricity and makes it available later for self-consumption.;0
Welche Nachteile haben Batteriespeicher?;Zu den Nachteilen gehören Alterung, Investitionskosten, Rohstoffbedarf und eine begrenzte wirtschaftliche Eignung für sehr lange Speicherzeiträume.;What are disadvantages of battery storage systems?;Disadvantages include ageing, investment costs, raw-material requirements and limited economic suitability for very long storage periods.;0
Wie funktioniert ein Pumpspeicherkraftwerk?;Bei Stromüberschuss wird Wasser in ein höher gelegenes Becken gepumpt. Bei Bedarf fließt es durch Turbinen zurück und erzeugt wieder Strom.;How does a pumped-storage power plant work?;When electricity is abundant, water is pumped into a higher reservoir. When electricity is needed, the water flows back through turbines and generates electricity.;0
Welchen Wirkungsgrad hat ein Pumpspeicherkraftwerk ungefähr?;Der Rundlaufwirkungsgrad liegt typischerweise grob bei etwa 70–80 %. Verluste entstehen vor allem beim Pumpen, in Leitungen und beim Turbinieren.;What is the approximate efficiency of a pumped-storage power plant?;The round-trip efficiency is typically around 70–80%. Losses occur mainly during pumping, in pipes and during turbine operation.;0
Warum sind Pumpspeicher in Deutschland nur begrenzt ausbaubar?;Sie benötigen geeignete Standorte mit großen Höhenunterschieden und ausreichend Platz. Zusätzlich können Naturschutz, Landschaft und Besiedlung den Ausbau begrenzen.;Why is the expansion of pumped storage in Germany limited?;It requires suitable sites with large elevation differences and sufficient space. Nature conservation, landscape impacts and settlement patterns can also limit expansion.;0
Welchen Vorteil haben Pumpspeicher gegenüber vielen Batteriespeichern?;Sie können sehr große Energiemengen speichern und über viele Jahrzehnte betrieben werden. Dafür sind sie stark an geeignete Standorte gebunden.;What advantage do pumped-storage plants have over many battery storage systems?;They can store very large amounts of energy and operate for many decades. However, they depend strongly on suitable locations.;0
Was sind Druckluft- und Schwungradspeicher?;Druckluftspeicher speichern Energie in komprimierter Luft. Schwungräder speichern Energie in einer schnell rotierenden Masse. Beide eignen sich für spezielle Anwendungen.;What are compressed-air and flywheel energy storage systems?;Compressed-air storage stores energy in compressed air. Flywheels store energy in a rapidly rotating mass. Both are suitable for specific applications.;0
Wie wird Wasserstoff mit Strom hergestellt?;Durch Elektrolyse wird Wasser mithilfe elektrischer Energie in Wasserstoff und Sauerstoff zerlegt. Mit erneuerbarem Strom erzeugter Wasserstoff wird häufig als grüner Wasserstoff bezeichnet.;How is hydrogen produced using electricity?;Electrolysis uses electrical energy to split water into hydrogen and oxygen. Hydrogen produced with renewable electricity is commonly called green hydrogen.;0
Warum ist Strom → Wasserstoff → Strom vergleichsweise ineffizient?;Bei Elektrolyse, Speicherung, Transport und Rückverstromung entstehen Verluste. Dadurch bleibt nur ein Teil der ursprünglich eingesetzten elektrischen Energie übrig.;Why is electricity → hydrogen → electricity relatively inefficient?;Losses occur during electrolysis, storage, transport and conversion back into electricity. As a result, only part of the original electrical energy remains available.;0
Warum kann Wasserstoff trotz Umwandlungsverlusten wichtig sein?;Wasserstoff kann lange gespeichert, transportiert und in Bereichen genutzt werden, die sich nur schwer direkt elektrifizieren lassen, etwa in Teilen der Industrie.;Why can hydrogen be important despite conversion losses?;Hydrogen can be stored for long periods, transported and used in sectors that are difficult to electrify directly, for example parts of industry.;0
Was ist der Unterschied zwischen grünem, grauem und blauem Wasserstoff?;Grün: Elektrolyse mit erneuerbarem Strom. Grau: meist aus Erdgas ohne CO₂-Abscheidung. Blau: meist aus Erdgas mit Abscheidung und Speicherung eines Teils des entstehenden CO₂.;What is the difference between green, grey and blue hydrogen?;Green hydrogen is produced by electrolysis using renewable electricity. Grey hydrogen is usually produced from natural gas without CO₂ capture. Blue hydrogen is usually produced from natural gas with capture and storage of part of the resulting CO₂.;0
Was sind E-Fuels?;E-Fuels sind synthetische Kraftstoffe, die mithilfe von Strom hergestellt werden, meist aus Wasserstoff und einer Kohlenstoffquelle. Ihre Herstellung benötigt viel Energie.;What are e-fuels?;E-fuels are synthetic fuels produced using electricity, usually from hydrogen and a carbon source. Their production requires a large amount of energy.;0
Wie funktioniert ein Wärmespeicher im Grundprinzip?;Energie wird als Wärme gespeichert, zum Beispiel in heißem Wasser. Die Wärme kann später für Heizung, Warmwasser, Wärmenetze oder industrielle Prozesse genutzt werden.;How does thermal energy storage work in principle?;Energy is stored as heat, for example in hot water. The heat can later be used for space heating, hot water, district heating networks or industrial processes.;0
Was ist Power-to-Heat?;Power-to-Heat ist die Umwandlung von Strom in Wärme, zum Beispiel mit Wärmepumpen oder Elektroheizern. Die Wärme kann direkt genutzt oder gespeichert werden.;What is Power-to-Heat?;Power-to-Heat means converting electricity into heat, for example using heat pumps or electric heaters. The heat can be used directly or stored.;0
Warum kann Wärmespeicherung günstiger sein als Stromspeicherung?;Wärme lässt sich beispielsweise in großen Wasserbehältern mit vergleichsweise einfacher Technik speichern. Allerdings entstehen mit der Zeit Wärmeverluste.;Why can thermal storage be cheaper than electricity storage?;Heat can be stored with relatively simple technology, for example in large water tanks. However, heat losses occur over time.;0
Was ist ein saisonaler Wärmespeicher?;Ein großer Wärmespeicher, der Wärme über Wochen oder Monate speichert, zum Beispiel Sommerwärme für die Heizperiode im Winter.;What is seasonal thermal storage?;A large thermal storage system that stores heat for weeks or months, for example storing summer heat for use during the winter heating season.;0
Was bedeutet Lastmanagement oder Demand Side Management?;Der Stromverbrauch wird gezielt zeitlich verschoben oder angepasst. So kann Verbrauch stärker dann stattfinden, wenn viel Strom verfügbar ist.;What does load management or Demand Side Management mean?;Electricity consumption is deliberately shifted in time or adjusted so that more demand can occur when plenty of electricity is available.;0
Was ist Demand Response?;Demand Response ist die kurzfristige Anpassung des Stromverbrauchs als Reaktion auf Signale wie Preise, Netzsituationen oder Marktanreize.;What is Demand Response?;Demand Response is the short-term adjustment of electricity consumption in response to signals such as prices, grid conditions or market incentives.;0
Was ist ein virtuelles Kraftwerk?;Ein virtuelles Kraftwerk bündelt viele dezentrale Anlagen und flexible Verbraucher digital zu einer steuerbaren Einheit, die gemeinsam am Strommarkt oder an Systemdienstleistungen teilnehmen kann.;What is a virtual power plant?;A virtual power plant digitally combines many decentralized generators and flexible consumers into a controllable unit that can participate jointly in electricity markets or system services.;0
Welche Anlagen können im Stromsystem flexibel auf Schwankungen reagieren?;Zum Beispiel Batteriespeicher, Pumpspeicher, flexible Gaskraftwerke und steuerbare Verbraucher. Wie schnell sie reagieren können, hängt von der jeweiligen Technik ab.;Which assets can respond flexibly to fluctuations in the power system?;Examples include battery storage, pumped storage, flexible gas-fired power plants and controllable consumers. How quickly they can respond depends on the technology.;0
Wie kann Sektorkopplung zur Flexibilität beitragen?;Wärmepumpen, Elektroautos und Elektrolyseure können ihren Verbrauch teilweise zeitlich verschieben und dadurch auf Stromangebot, Preise oder Netzsituationen reagieren.;How can sector coupling contribute to flexibility?;Heat pumps, electric vehicles and electrolysers can shift part of their electricity consumption in time and respond to electricity availability, prices or grid conditions.;0
Warum kann Flexibilität Speicher teilweise ersetzen?;Wenn Verbrauch oder Erzeugung direkt angepasst werden können, muss Energie nicht immer erst gespeichert und später wieder entnommen werden. Das kann Verluste und Kosten vermeiden.;Why can flexibility partly replace storage?;If consumption or generation can be adjusted directly, energy does not always have to be stored first and withdrawn later. This can avoid conversion losses and costs.;0
Was unterscheidet einen Großbatteriespeicher von einem Heimspeicher?;Großbatteriespeicher haben wesentlich höhere Leistungen und Kapazitäten und werden häufig für Strommarkt, Systemdienstleistungen oder Netzanwendungen eingesetzt. Heimspeicher dienen meist dem Eigenverbrauch.;What distinguishes a large-scale battery storage system from a home battery?;Large-scale batteries have much higher power and energy capacities and are often used for electricity markets, system services or grid applications. Home batteries are mainly used to increase self-consumption.;0
Was bedeutet Arbitrage bei einem Batteriespeicher?;Der Speicher lädt in Zeiten niedriger Strompreise und entlädt in Zeiten höherer Preise. Der Preisunterschied kann zur Finanzierung des Speicherbetriebs genutzt werden.;What does arbitrage mean for a battery storage system?;The storage system charges when electricity prices are low and discharges when prices are higher. The price difference can help finance storage operation.;0
Was ist positive und negative Regelenergie bei einem Speicher?;Positive Regelenergie bedeutet, das System durch zusätzliche Einspeisung oder weniger Verbrauch zu stützen. Negative Regelenergie bedeutet, mehr Strom aufzunehmen oder weniger einzuspeisen.;What are positive and negative balancing energy for a storage system?;Positive balancing energy supports the system by increasing feed-in or reducing consumption. Negative balancing energy means absorbing more electricity or reducing feed-in.;0
Was sind FCR, aFRR und mFRR?;Es sind Regelreservearten mit unterschiedlichen Aktivierungs- und Zeitbereichen: FCR reagiert sehr schnell, aFRR automatisch danach, mFRR wird für länger anhaltende Abweichungen aktiviert.;What are FCR, aFRR and mFRR?;They are types of balancing reserve with different activation methods and time scales: FCR responds very quickly, aFRR follows automatically, and mFRR is activated for longer-lasting imbalances.;0
Welche Doppelrolle kann ein Stromspeicher im Netz haben?;Beim Laden verhält sich ein Speicher wie ein Verbraucher und nimmt Strom auf. Beim Entladen gibt er Strom ab und wirkt wie eine Erzeugungsanlage.;What dual role can an electricity storage system have in the grid?;When charging, it behaves like a consumer and absorbs electricity. When discharging, it supplies electricity and behaves like a generator.;0
Was bedeutet ein 2-Stunden-Speicher?;Die nutzbare Energiekapazität reicht ungefähr zwei Stunden bei voller Leistung. Beispiel: 100 MW Leistung und 200 MWh Kapazität ergeben etwa zwei Stunden.;What does a two-hour storage system mean?;Its usable energy capacity is sufficient for about two hours at full power. For example, 100 MW of power and 200 MWh of capacity correspond to about two hours.;0
Was bedeutet State of Charge (SoC)?;Der State of Charge beschreibt den aktuellen Ladezustand eines Speichers als Anteil seiner nutzbaren Kapazität.;What does State of Charge (SoC) mean?;State of Charge describes the current charge level of a storage system as a share of its usable capacity.;0
Was bedeutet Peak Shaving?;Peak Shaving bedeutet, kurzfristige Lastspitzen durch Speicher oder flexible Verbraucher zu verringern.;What does peak shaving mean?;Peak shaving means reducing short-term demand peaks using storage or flexible consumers.;0
Was bedeutet Vehicle-to-Grid (V2G)?;Beim bidirektionalen Laden kann ein Elektroauto nicht nur Strom aufnehmen, sondern zeitweise auch Energie aus seiner Batterie zurück ins Stromsystem abgeben.;What does Vehicle-to-Grid (V2G) mean?;With bidirectional charging, an electric vehicle can not only draw electricity but can also temporarily feed energy from its battery back into the power system.;0
Was ist der Unterschied zwischen Wärme erzeugen und Wärme verschieben?;Wärme erzeugen heißt, andere Energie in Wärme umzuwandeln. Eine Wärmepumpe verschiebt zusätzlich vorhandene Umweltwärme auf ein höheres Temperaturniveau.;What is the difference between generating heat and moving heat?;Generating heat means converting another form of energy into heat. A heat pump additionally moves existing environmental heat to a higher temperature level.;0
Warum ist Heizen ein so großer Teil des Energieverbrauchs?;Raumwärme und Warmwasser machen in Haushalten einen großen Teil des Energieverbrauchs aus. Deshalb ist die Wärmewende ein wichtiger Teil der Energiewende.;Why does heating account for such a large share of energy consumption?;Space heating and hot water make up a large share of household energy use. That is why the transition of the heating sector is an important part of the energy transition.;0
Was versteht man unter der Wärmewende?;Die Umstellung der Wärmeversorgung von fossilen Brennstoffen auf klimafreundlichere Lösungen wie Wärmepumpen, erneuerbare Wärme und dekarbonisierte Wärmenetze.;What is meant by the heating transition?;It is the shift from fossil-fuel heating to lower-carbon solutions such as heat pumps, renewable heat and decarbonized district heating networks.;0
Was bedeutet der Heizwert eines Brennstoffs?;Der Heizwert beschreibt, wie viel nutzbare Wärme bei der Verbrennung einer bestimmten Menge Brennstoff frei wird, ohne die Kondensationswärme des Wasserdampfs mitzuzählen.;What does the lower heating value of a fuel mean?;It describes how much usable heat is released when a certain amount of fuel is burned, excluding the condensation heat of the water vapour in the exhaust gas.;0
Warum ist eine Wärmepumpe effizienter als ein Heizstab?;Sie erzeugt Wärme nicht nur aus Strom, sondern nutzt zusätzlich Umweltwärme. Dadurch können aus 1 kWh Strom mehrere kWh Wärme bereitgestellt werden.;Why is a heat pump more efficient than an electric resistance heater?;"A heat pump does not produce heat only from electricity; it also uses environmental heat. Therefore, one kWh of electricity can provide several kWh of heat.";0
Was bedeutet die Jahresarbeitszahl (JAZ) einer Wärmepumpe?;Die JAZ ist das Verhältnis der über ein Jahr abgegebenen Wärme zum dafür eingesetzten Strom. Eine JAZ von 4 bedeutet 4 kWh Wärme je 1 kWh Strom.;What does the seasonal performance factor (JAZ) of a heat pump mean?;The seasonal performance factor is the ratio of the heat delivered over a year to the electricity consumed. A value of 4 means 4 kWh of heat are supplied per 1 kWh of electricity.;0
Warum arbeitet eine Luft-Wärmepumpe bei Kälte oft weniger effizient?;Bei niedriger Außentemperatur muss sie einen größeren Temperaturunterschied überwinden. Dafür benötigt der Verdichter mehr elektrische Energie.;Why is an air-source heat pump often less efficient in cold weather?;At low outdoor temperatures, it has to overcome a larger temperature difference. The compressor therefore requires more electrical energy.;0
Warum sind niedrige Vorlauftemperaturen für Wärmepumpen günstig?;Je kleiner der Temperaturhub zwischen Wärmequelle und Heizsystem ist, desto effizienter arbeitet die Wärmepumpe. Große Heizflächen helfen dabei.;Why are low flow temperatures favourable for heat pumps?;The smaller the temperature lift between the heat source and the heating system, the more efficiently the heat pump operates. Large heating surfaces help achieve this.;0
Welche Wärmepumpenarten gibt es nach Wärmequelle?;Typisch sind Luft-, Erdreich- und Grundwasser-Wärmepumpen. Sie unterscheiden sich vor allem bei Erschließung, Kosten, Genehmigungen und Effizienz.;What types of heat pumps are there based on the heat source?;Common types are air-source, ground-source and groundwater heat pumps. They mainly differ in installation requirements, costs, permits and efficiency.;0
Wovon hängt die Klimabilanz einer Wärmepumpe ab?;Vor allem vom Strommix, ihrer Effizienz und dem Wärmebedarf des Gebäudes. Mit sinkenden Emissionen der Stromerzeugung verbessert sich ihre Klimabilanz.;What determines the climate impact of a heat pump?;Mainly the electricity mix, the heat pump's efficiency and the building's heat demand. As electricity generation becomes less carbon-intensive, the heat pump's climate impact improves.;0
Wie funktioniert ein Heizstab?;Elektrischer Strom fließt durch einen Widerstand, der sich erwärmt. Elektrische Energie wird dabei nahezu vollständig direkt in Wärme umgewandelt.;How does an electric resistance heater work?;Electric current flows through a resistance element, which heats up. Electrical energy is converted almost entirely into heat.;0
Wie funktioniert ein Durchlauferhitzer?;Er erhitzt Trinkwasser elektrisch erst beim Zapfen. Dadurch entstehen kaum Speicherverluste, allerdings ist kurzfristig eine hohe elektrische Leistung nötig.;How does an instantaneous water heater work?;It heats drinking water electrically only when water is drawn. This avoids most storage losses, but requires high electrical power for short periods.;0
Was ist der Unterschied zwischen Durchlauferhitzer und Warmwasserspeicher?;Der Durchlauferhitzer erwärmt Wasser bei Bedarf. Ein Speicher hält warmes Wasser bereit, benötigt dafür aber Speicherplatz und hat Wärmeverluste.;What is the difference between an instantaneous water heater and a hot-water storage tank?;An instantaneous heater heats water on demand. A storage tank keeps hot water available, but requires storage space and has heat losses.;0
Wie funktioniert eine Gasheizung?;Gas wird verbrannt und die entstehende Wärme an Heizungswasser übertragen. Dieses versorgt anschließend Heizkörper, Flächenheizungen oder Warmwasserbereitung.;How does a gas heating system work?;Gas is burned and the resulting heat is transferred to heating water. The water then supplies radiators, surface heating systems or domestic hot-water production.;0
Was ist eine Brennwertheizung?;Sie nutzt zusätzlich Wärme aus dem Wasserdampf im Abgas, indem dieser kondensiert. Dadurch wird der Brennstoff besser ausgenutzt als bei älteren Heizkesseln.;What is a condensing boiler?;It additionally uses heat from water vapour in the exhaust gas by condensing it. This allows the fuel to be used more efficiently than in older boilers.;0
Was ist der grundsätzliche Klimanachteil von Öl- und Gasheizungen?;Bei der Verbrennung fossiler Brennstoffe wird zusätzliches CO₂ freigesetzt. Außerdem entstehen Emissionen bereits bei Förderung, Aufbereitung und Transport.;What is the fundamental climate disadvantage of oil and gas heating systems?;Burning fossil fuels releases additional CO₂. Emissions also arise during extraction, processing and transport.;0
Wie ist eine Pelletheizung klimapolitisch einzuordnen?;Pellets nutzen Biomasse, setzen bei der Verbrennung aber CO₂ und Luftschadstoffe frei. Die Klimawirkung hängt stark von Herkunft, Waldbewirtschaftung und Lieferkette ab.;How should pellet heating be assessed from a climate-policy perspective?;Pellets use biomass, but their combustion still releases CO₂ and air pollutants. The climate impact depends strongly on origin, forest management and the supply chain.;0
Was ist Fernwärme?;Wärme wird zentral oder dezentral in ein Wärmenetz eingespeist und über Leitungen zu Gebäuden transportiert. Quellen können z. B. KWK, Großwärmepumpen, Geothermie oder Abwärme sein.;What is district heating?;Heat is fed into a heating network from central or decentralized sources and transported through pipes to buildings. Sources can include CHP, large heat pumps, geothermal energy or waste heat.;0
Welchen Vorteil können Wärmenetze gegenüber vielen Einzelheizungen haben?;Sie können verschiedene Wärmequellen bündeln und größere Anlagen nutzen. Eine zentrale Umstellung der Erzeugung kann viele angeschlossene Gebäude gleichzeitig erreichen.;What advantage can heating networks have over many individual heating systems?;They can combine different heat sources and use larger-scale systems. Changing the central heat supply can therefore affect many connected buildings at once.;0
Was bedeutet Kraft-Wärme-Kopplung (KWK)?;KWK erzeugt gleichzeitig Strom und nutzbare Wärme. Dadurch wird ein Brennstoff besser ausgenutzt als bei getrennter Strom- und Wärmeerzeugung.;What does combined heat and power (CHP) mean?;CHP produces electricity and useful heat at the same time. This allows a fuel to be used more efficiently than separate production of electricity and heat.;0
Warum kann Kraft-Wärme-Kopplung effizient sein?;Die bei der Stromerzeugung entstehende Wärme wird nicht vollständig ungenutzt abgeführt, sondern beispielsweise für Gebäude, Wärmenetze oder Prozesse verwendet.;Why can combined heat and power be efficient?;The heat produced during electricity generation is not simply rejected unused but is used, for example, in buildings, heating networks or industrial processes.;0
Was ist ein Blockheizkraftwerk (BHKW)?;Ein BHKW ist eine kompakte KWK-Anlage, die vor Ort Strom und Wärme erzeugt. Häufig treibt ein Motor oder eine andere Kraftmaschine einen Generator an.;What is a combined heat and power unit (CHP unit/BHKW)?;A BHKW is a compact CHP system that produces electricity and heat on site. A combustion engine or another prime mover often drives a generator.;0
Für welche Anwendungen kann ein BHKW geeignet sein?;Vor allem dort, wo über viele Stunden gleichzeitig Wärme und Strom benötigt werden. Die Wirtschaftlichkeit hängt stark von Laufzeiten, Brennstoff und Nutzung der Wärme ab.;For which applications can a CHP unit be suitable?;Especially where heat and electricity are needed simultaneously for many hours. Its economic viability depends strongly on operating hours, fuel costs and use of the heat.;0
Was ist Solarthermie und wie unterscheidet sie sich von Photovoltaik?;Solarthermie wandelt Sonnenstrahlung direkt in Wärme um. Photovoltaik erzeugt daraus elektrische Energie.;What is solar thermal energy and how does it differ from photovoltaics?;Solar thermal systems convert solar radiation directly into heat. Photovoltaic systems convert it into electrical energy.;0
Wofür wird Solarthermie typischerweise genutzt?;Vor allem für Warmwasser und zur Unterstützung der Raumheizung. Der Ertrag ist im Sommer meist höher als im Winter.;What is solar thermal energy typically used for?;Mainly for domestic hot water and to support space heating. Output is usually higher in summer than in winter.;0
Warum wird Solarthermie häufig mit einem Wärmespeicher kombiniert?;Erzeugung und Wärmebedarf treten nicht immer gleichzeitig auf. Ein Speicher hält tagsüber erzeugte Wärme bis zu einem späteren Verbrauchszeitpunkt bereit.;Why is solar thermal energy often combined with thermal storage?;Heat production and heat demand do not always occur at the same time. A storage system can keep heat produced during the day for later use.;0
Was ist oberflächennahe Geothermie?;Sie nutzt Wärme aus dem oberflächennahen Erdreich oder Grundwasser, meist zusammen mit einer Wärmepumpe. Die Wärmequelle ist relativ gleichmäßig über das Jahr.;What is shallow geothermal energy?;It uses heat from shallow ground or groundwater, usually together with a heat pump. The heat source is relatively stable throughout the year.;0
Warum ist Dämmung für die Wärmewende wichtig?;Eine gute Gebäudehülle senkt den Wärmebedarf. Dadurch müssen Heizsystem und Energieversorgung weniger Wärme bereitstellen.;Why is insulation important for the heating transition?;A well-insulated building envelope reduces heat demand. As a result, the heating system and energy supply have to provide less heat.;0
Über welche Wege verliert ein Gebäude Wärme?;Typische Wärmeverluste entstehen über Außenwände, Dach, Fenster, Türen, Boden oder Kellerdecke sowie durch Lüftung und Undichtigkeiten.;Through which paths does a building lose heat?;Typical heat losses occur through external walls, the roof, windows, doors, the floor or basement ceiling, as well as through ventilation and air leakage.;0
Was ist der U-Wert eines Bauteils?;Der U-Wert beschreibt den Wärmedurchgang durch ein Bauteil. Je kleiner der Wert, desto weniger Wärme geht bei gleichem Temperaturunterschied hindurch.;What is the U-value of a building component?;The U-value describes heat transfer through a building component. The lower the value, the less heat passes through it for the same temperature difference.;0
Was kennzeichnet ein Gebäude mit sehr niedrigem Heizenergiebedarf?;Eine gut gedämmte und luftdichte Gebäudehülle, geringe Wärmebrücken sowie häufig eine Lüftungsanlage mit Wärmerückgewinnung reduzieren den Heizbedarf deutlich.;What characterizes a building with very low heating-energy demand?;A well-insulated and airtight building envelope, few thermal bridges and often ventilation with heat recovery significantly reduce heating demand.;0
Was ist eine Lüftungsanlage mit Wärmerückgewinnung?;Sie überträgt einen großen Teil der Wärme der Abluft auf die einströmende Frischluft. So kann gelüftet werden, ohne die gesamte Wärme nach außen abzugeben.;What is a ventilation system with heat recovery?;It transfers a large share of the heat from outgoing air to incoming fresh air, allowing ventilation without losing all of the heat to the outside.;0
Warum beeinflusst die Gebäudehülle die Größe des Heizsystems?;Je geringer die Wärmeverluste sind, desto kleiner ist meist die notwendige Heizleistung. Eine energetische Sanierung kann deshalb die erforderliche Heizlast senken.;Why does the building envelope affect the size of the heating system?;The lower the building's heat losses, the lower the heating power usually required. Energy renovation can therefore reduce the required design heating load.;0
Was ist der Unterschied zwischen COP und Jahresarbeitszahl (JAZ)?;Der COP beschreibt die Effizienz einer Wärmepumpe bei bestimmten Betriebsbedingungen. Die JAZ betrachtet die tatsächlich erreichte Effizienz über ein ganzes Jahr.;What is the difference between COP and the seasonal performance factor (JAZ)?;COP describes a heat pump's efficiency under specific operating conditions. The seasonal performance factor describes the efficiency actually achieved over an entire year.;0
Was ist die Vorlauftemperatur einer Heizung?;Sie ist die Temperatur des Heizwassers, das vom Wärmeerzeuger zu Heizkörpern oder Flächenheizungen fließt. Niedrigere Werte sind für Wärmepumpen meist günstiger.;What is the flow temperature of a heating system?;It is the temperature of the heating water flowing from the heat generator to radiators or surface heating systems. Lower values are generally more favourable for heat pumps.;0
Was bedeutet Heizlast?;Die Heizlast ist die Wärmeleistung in kW, die ein Gebäude unter festgelegten kalten Bedingungen benötigt, um die gewünschte Innentemperatur zu halten.;What does heating load mean?;Heating load is the heat output in kW that a building requires under specified cold conditions to maintain the desired indoor temperature.;0
Was ist der Unterschied zwischen Wärmebedarf und Heizlast?;Wärmebedarf ist eine Energiemenge über einen Zeitraum, z. B. kWh pro Jahr. Heizlast ist die zu einem Zeitpunkt benötigte Wärmeleistung in kW.;What is the difference between heat demand and heating load?;Heat demand is an amount of energy over a period, for example kWh per year. Heating load is the heat output in kW required at a particular moment.;0
Was ist ein hydraulischer Abgleich?;Dabei wird der Heizwasserdurchfluss so eingestellt, dass jeder Heizkörper oder Heizkreis die passende Wassermenge erhält. Das kann Effizienz und Komfort verbessern.;What is hydraulic balancing?;The flow of heating water is adjusted so that each radiator or heating circuit receives the appropriate amount of water. This can improve efficiency and comfort.;0
Was ist ein Pufferspeicher?;Ein Pufferspeicher speichert Heizungswasser und damit Wärme kurzfristig. Er kann Wärmeerzeugung und Wärmeverbrauch zeitlich voneinander entkoppeln.;What is a buffer storage tank?;A buffer tank stores heating water and therefore heat for a short period. It can separate heat generation and heat consumption in time.;0
Was ist eine Großwärmepumpe?;Eine leistungsstarke Wärmepumpe für größere Gebäude, Industrie oder Wärmenetze. Sie kann z. B. Umweltwärme, Abwasser- oder industrielle Abwärme nutzen.;What is a large-scale heat pump?;A high-capacity heat pump for larger buildings, industry or district heating networks. It can use sources such as environmental heat, wastewater or industrial waste heat.;0
Was versteht man unter Abwärme?;Abwärme ist Wärme, die bei technischen oder industriellen Prozessen entsteht und sonst ungenutzt an die Umgebung abgegeben würde. Sie kann teilweise weiterverwendet werden.;What is waste heat?;Waste heat is heat produced by technical or industrial processes that would otherwise be released unused into the environment. Some of it can be recovered and used.;0
Was ist tiefe Geothermie?;Tiefe Geothermie erschließt Wärme aus größeren Tiefen. Sie kann je nach Standort für Wärmenetze, industrielle Wärme und teilweise auch Stromerzeugung genutzt werden.;What is deep geothermal energy?;Deep geothermal energy accesses heat from greater depths underground. Depending on the location, it can be used for district heating, industrial heat and in some cases electricity generation.;0
Was ist ein Niedertemperatur-Wärmenetz?;Ein Wärmenetz mit vergleichsweise niedrigen Netztemperaturen. Dadurch sinken Wärmeverluste und erneuerbare Wärme, Abwärme und Wärmepumpen lassen sich leichter einbinden.;What is a low-temperature district heating network?;A heating network that operates at comparatively low temperatures. This reduces heat losses and makes it easier to integrate renewable heat, waste heat and heat pumps.;0
Was ist Erdöl und warum ist es die Grundlage vieler Kraftstoffe?;Erdöl ist ein fossiler Rohstoff, der über Millionen Jahre aus organischem Material entstand. In Raffinerien wird Rohöl in verschiedene Produkte wie Benzin, Diesel und Kerosin aufgetrennt.;What is crude oil and why is it the basis of many fuels?;Crude oil is a fossil raw material formed from organic matter over millions of years. Refineries separate it into products such as petrol, diesel and kerosene.;0
Was ist Benzin?;Benzin ist ein leicht flüchtiges Gemisch aus Kohlenwasserstoffen aus der Erdölraffination. Es wird vor allem in Ottomotoren genutzt und enthält ungefähr 8.5–9 kWh Energie pro Liter.;What is petrol?;Petrol is a volatile mixture of hydrocarbons produced in oil refining. It is mainly used in spark-ignition engines and contains roughly 8.5–9 kWh of energy per litre.;0
Was ist Diesel und wie unterscheidet er sich von Benzin?;Diesel besteht aus schwereren Kohlenwasserstoffen, ist weniger flüchtig und wird in Selbstzündungsmotoren genutzt. Sein Energiegehalt liegt grob bei 9.8–10 kWh pro Liter.;What is diesel and how does it differ from petrol?;Diesel consists of heavier hydrocarbons, is less volatile and is used in compression-ignition engines. Its energy content is roughly 9.8–10 kWh per litre.;0
Was ist Kerosin und wofür wird es verwendet?;Kerosin ist eine Erdölfraktion zwischen Benzin und Diesel und wird vor allem als Flugturbinenkraftstoff verwendet. Sein Energiegehalt liegt grob bei etwa 9.5 kWh pro Liter.;What is kerosene and what is it used for?;Kerosene is a petroleum fraction between petrol and diesel and is mainly used as aviation turbine fuel. Its energy content is roughly 9.5 kWh per litre.;0
Warum haben flüssige Kraftstoffe eine hohe Energiedichte?;In ihren chemischen Bindungen steckt viel Energie pro Masse und Volumen. Dadurch ermöglichen Benzin, Diesel und Kerosin große Reichweiten mit vergleichsweise kleinen Tanks.;Why do liquid fuels have a high energy density?;Their chemical bonds contain a large amount of energy per unit of mass and volume. This allows petrol, diesel and kerosene to provide long ranges with comparatively small tanks.;0
Was ist der Unterschied zwischen fossilen, biogenen und synthetischen Kraftstoffen?;Fossile Kraftstoffe stammen aus Erdöl. Biokraftstoffe werden aus Biomasse hergestellt. Synthetische E-Fuels werden mit Energie aus Wasserstoff und einer Kohlenstoffquelle erzeugt.;What is the difference between fossil, bio-based and synthetic fuels?;Fossil fuels are derived from crude oil. Biofuels are produced from biomass. Synthetic e-fuels are produced using energy, hydrogen and a carbon source.;0
Wie funktioniert ein Ottomotor im Grundprinzip?;Ein Kraftstoff-Luft-Gemisch wird verdichtet und durch eine Zündkerze entzündet. Die Verbrennung erhöht Druck und Temperatur und bewegt den Kolben. Typisch sind Ansaugen, Verdichten, Arbeiten und Ausstoßen.;How does a spark-ignition petrol engine work in principle?;A fuel-air mixture is compressed and ignited by a spark plug. Combustion increases pressure and temperature and moves the piston. The basic four strokes are intake, compression, power and exhaust.;0
Wie funktioniert ein Dieselmotor im Grundprinzip?;Luft wird stark verdichtet und dadurch erhitzt. Anschließend wird Diesel eingespritzt und entzündet sich durch die hohe Temperatur selbst. Eine Zündkerze ist dafür nicht nötig.;How does a diesel engine work in principle?;Air is strongly compressed and therefore heated. Diesel fuel is then injected and ignites due to the high temperature, so no spark plug is required for ignition.;0
Warum ist ein Dieselmotor meist effizienter als ein Ottomotor?;Vor allem wegen höherer Verdichtung, des Verbrennungsverfahrens und des Betriebs mit Luftüberschuss. Der höhere Energieinhalt pro Liter erklärt eher einen Teil des niedrigeren Verbrauchs in Litern.;Why is a diesel engine usually more efficient than a petrol engine?;Mainly because of its higher compression ratio, combustion process and operation with excess air. The higher energy content per litre mainly explains part of the lower fuel consumption measured in litres.;0
Was ist der typische Wirkungsgrad eines Verbrennungsmotors?;Nur ein Teil der Kraftstoffenergie wird in Bewegung umgesetzt. Bei Pkw liegt der nutzbare Anteil je nach Motor und Betrieb grob im Bereich von etwa 20–45 %, der Rest geht vor allem als Wärme und Reibungsverlust verloren.;What is the typical efficiency of an internal combustion engine?;"Only part of the fuel's energy is converted into motion. In passenger cars, the useful share is roughly 20–45% depending on engine and operating point; the rest is mainly lost as heat and through friction.";0
Warum verbrauchen Verbrennungsmotoren im Stadtverkehr besonders viel?;Häufiges Beschleunigen, Bremsen, Leerlauf und Betrieb außerhalb günstiger Lastbereiche erhöhen den Verbrauch. Bremsenergie wird beim klassischen Verbrenner überwiegend als Wärme verloren.;Why do internal combustion engines consume particularly much fuel in urban traffic?;Frequent acceleration, braking, idling and operation away from efficient load ranges increase consumption. In a conventional combustion vehicle, braking energy is mostly lost as heat.;0
Wie funktioniert ein Elektromotor im Grundprinzip?;Elektrischer Strom erzeugt Magnetfelder. Deren Wechselwirkung erzeugt ein Drehmoment und damit eine Drehbewegung, die direkt zum Antrieb genutzt werden kann.;How does an electric motor work in principle?;Electric current creates magnetic fields. Their interaction produces torque and rotational motion, which can be used directly for propulsion.;0
Warum ist ein Elektromotor effizienter als ein Verbrennungsmotor?;Er wandelt elektrische Energie mit deutlich weniger Wärmeverlusten direkt in mechanische Bewegung um. Elektromotoren erreichen häufig Wirkungsgrade von über 90 %.;Why is an electric motor more efficient than an internal combustion engine?;It converts electrical energy directly into mechanical motion with much lower heat losses. Electric motors often achieve efficiencies above 90%.;0
Was ist Rekuperation?;Beim Verzögern arbeitet der Elektromotor als Generator. Ein Teil der Bewegungsenergie wird in elektrische Energie zurückgewandelt und in der Batterie gespeichert.;What is regenerative braking?;During deceleration, the electric motor operates as a generator. Part of the vehicle's kinetic energy is converted back into electrical energy and stored in the battery.;0
Wie wird der Energieverbrauch eines E-Autos angegeben?;Üblicherweise in kWh pro 100 km. Viele Pkw liegen je nach Fahrzeug, Geschwindigkeit, Wetter und Nutzung grob im Bereich von etwa 15–25 kWh/100 km.;How is the energy consumption of an electric car stated?;Usually in kWh per 100 km. Depending on vehicle, speed, weather and use, many passenger cars are roughly in the range of 15–25 kWh/100 km.;0
Warum ist die Reichweite eines Batterieautos trotz hoher Effizienz begrenzt?;Batterien speichern pro Kilogramm deutlich weniger Energie als flüssige Kraftstoffe. Größere Reichweite erfordert deshalb meist mehr Batteriekapazität und zusätzliches Gewicht.;Why is the range of a battery-electric car limited despite its high efficiency?;Batteries store much less energy per kilogram than liquid fuels. A longer range therefore usually requires more battery capacity and additional weight.;0
Was bedeutet die Angabe kWh bei einer Autobatterie?;Sie beschreibt die gespeicherte Energiemenge. Eine Batterie mit 60 kWh kann theoretisch 60 kW eine Stunde lang oder 6 kW zehn Stunden lang abgeben.;What does the kWh rating of a car battery mean?;It describes the amount of energy stored. A 60 kWh battery could theoretically deliver 60 kW for one hour or 6 kW for ten hours.;0
Was ist ein Hybridfahrzeug?;Ein Hybrid kombiniert Verbrennungs- und Elektromotor. Der Elektromotor kann beim Anfahren, Beschleunigen und Rekuperieren unterstützen und dadurch Kraftstoff sparen.;What is a hybrid vehicle?;A hybrid combines an internal combustion engine and an electric motor. The electric motor can assist during starting and acceleration and recover energy during braking, reducing fuel consumption.;0
Was ist der Unterschied zwischen Vollhybrid und Plug-in-Hybrid?;Ein Vollhybrid lädt seine kleine Batterie über Rekuperation und den Verbrennungsmotor. Ein Plug-in-Hybrid besitzt eine größere Batterie, die zusätzlich extern geladen werden kann.;What is the difference between a full hybrid and a plug-in hybrid?;A full hybrid charges its relatively small battery through regenerative braking and the combustion engine. A plug-in hybrid has a larger battery that can also be charged externally.;0
Wie funktioniert ein Brennstoffzellenauto?;"Wasserstoff reagiert in der Brennstoffzelle elektrochemisch mit Sauerstoff und erzeugt Strom. Dieser versorgt einen Elektromotor; lokal entsteht dabei vor allem Wasser.";How does a fuel-cell vehicle work?;"Hydrogen reacts electrochemically with oxygen in the fuel cell and produces electricity. This electricity powers an electric motor; locally, the main reaction product is water.";0
Was sind Vor- und Nachteile eines Brennstoffzellenautos gegenüber einem Batterieauto?;Wasserstoff kann schnell getankt werden und hohe Reichweiten ermöglichen. Die gesamte Energiekette ist jedoch weniger effizient und benötigt zusätzliche Infrastruktur für Herstellung, Transport und Betankung.;What are the advantages and disadvantages of a fuel-cell vehicle compared with a battery-electric car?;Hydrogen can be refuelled quickly and can enable long ranges. However, the overall energy chain is less efficient and requires additional infrastructure for hydrogen production, transport and refuelling.;0
Wie unterscheiden sich Batterieauto, Wasserstoffauto und Verbrenner energetisch?;Bei einer vereinfachten Betrachtung vom gespeicherten Energieträger bis zum Rad ist das Batterieauto meist am effizientesten. Wasserstoff- und Verbrennungsketten haben deutlich höhere Umwandlungsverluste.;How do battery-electric cars, hydrogen cars and combustion vehicles differ energetically?;In a simplified comparison from stored energy carrier to the wheels, the battery-electric car is usually the most efficient. Hydrogen and combustion pathways have substantially higher conversion losses.;0
Warum muss man bei Antrieben zwischen Tank-to-Wheel und Well-to-Wheel unterscheiden?;Tank-to-Wheel betrachtet nur die Energieumwandlung im Fahrzeug. Well-to-Wheel berücksichtigt zusätzlich Herstellung, Umwandlung und Bereitstellung des Energieträgers.;Why must drive systems be distinguished using Tank-to-Wheel and Well-to-Wheel?;Tank-to-Wheel considers only energy conversion inside the vehicle. Well-to-Wheel also includes production, conversion and supply of the energy carrier.;0
Warum sagt der Energieverbrauch allein noch nichts über die Klimabilanz eines Antriebs aus?;Entscheidend ist auch, wie Strom, Kraftstoff oder Wasserstoff erzeugt werden. Für einen vollständigen Vergleich müssen die Emissionen der Energiebereitstellung berücksichtigt werden.;Why does energy consumption alone not determine the climate impact of a drive system?;It also matters how the electricity, fuel or hydrogen is produced. A complete comparison must include emissions from supplying the energy carrier.;0
Warum ist Flugverkehr besonders schwer zu elektrifizieren?;Flugzeuge benötigen sehr viel Energie bei möglichst geringem Gewicht. Batterien haben dafür bisher eine deutlich geringere gravimetrische Energiedichte als Kerosin.;Why is aviation particularly difficult to electrify?;Aircraft require a very large amount of energy while keeping weight as low as possible. Batteries currently have a much lower gravimetric energy density than kerosene.;0
Warum werden für Schwerlast-, Schiffs- und Flugverkehr auch Wasserstoff oder E-Fuels diskutiert?;Bei langen Strecken und hohen Energiebedarfen sind Gewicht, Speichervolumen und Betankungszeit besonders wichtig. Molekulare Energieträger können hier Vorteile haben, obwohl ihre Herstellung verlustreicher ist.;Why are hydrogen and e-fuels also discussed for heavy-duty road transport, shipping and aviation?;For long distances and high energy demand, weight, storage volume and refuelling time are especially important. Molecular energy carriers can have advantages here even though producing them involves greater energy losses.;0
Was bedeutet Energiedichte?;Energiedichte beschreibt, wie viel Energie pro Masse oder Volumen gespeichert ist. Hohe Energiedichte ermöglicht viel gespeicherte Energie bei geringem Gewicht oder kleinem Volumen.;What does energy density mean?;Energy density describes how much energy is stored per unit of mass or volume. A high energy density allows a large amount of energy to be stored with low weight or small volume.;0
Warum ist E-Mobilität ein wichtiger Teil der Energiewende?;Sie ersetzt fossile Kraftstoffe durch einen effizienteren elektrischen Antrieb und kann mit zunehmendem Anteil erneuerbaren Stroms die Emissionen des Straßenverkehrs senken.;Why is electric mobility an important part of the energy transition?;It replaces fossil fuels with a more efficient electric drivetrain and can reduce road-transport emissions as the share of renewable electricity increases.;0
Warum können viele E-Autos zusätzlichen Netzausbau erforderlich machen?;Wenn viele Fahrzeuge gleichzeitig mit hoher Leistung laden, kann das lokale Verteilnetz stark belastet werden. Gesteuertes Laden kann Lastspitzen reduzieren, ersetzt aber nicht jeden Netzausbau.;Why can large numbers of electric cars require additional grid expansion?;If many vehicles charge at high power at the same time, local distribution grids can be heavily loaded. Smart charging can reduce demand peaks but cannot replace every grid reinforcement.;0
Warum ist Verkehrsvermeidung zusätzlich zur Antriebswende wichtig?;Weniger oder kürzere Fahrten sparen unabhängig vom Antrieb Energie, Infrastruktur und Material. Auch Bahn, ÖPNV, Rad- und Fußverkehr können den Energiebedarf des Verkehrs senken.;Why is reducing traffic important in addition to changing vehicle drivetrains?;Fewer or shorter journeys save energy, infrastructure and materials regardless of the drivetrain. Rail, public transport, cycling and walking can also reduce transport energy demand.;0
Was ist der Unterschied zwischen Leistung und Drehmoment?;Drehmoment in Nm beschreibt die Drehwirkung an einer Welle. Leistung in kW beschreibt, wie schnell Arbeit verrichtet wird und hängt von Drehmoment und Drehzahl ab.;What is the difference between power and torque?;Torque in Nm describes the turning effect on a shaft. Power in kW describes how quickly work is done and depends on torque and rotational speed.;0
Warum braucht ein Verbrennungsmotor meist ein mehrstufiges Getriebe?;Verbrennungsmotoren liefern nutzbares Drehmoment und gute Effizienz nur in begrenzten Drehzahlbereichen. Das Getriebe hält den Motor durch verschiedene Übersetzungen in geeigneten Bereichen.;Why does an internal combustion engine usually need a multi-speed gearbox?;Combustion engines provide useful torque and good efficiency only over limited speed ranges. Different gear ratios keep the engine operating in suitable ranges.;0
Warum haben viele Elektroautos nur einen Gang?;Elektromotoren liefern über einen großen Drehzahlbereich nutzbares Drehmoment und können sehr hoch drehen. Deshalb reicht für viele Fahrzeuge eine feste Untersetzung.;Why do many electric cars have only one gear?;Electric motors provide useful torque over a wide speed range and can operate at very high rotational speeds. A fixed reduction ratio is therefore sufficient for many vehicles.;0
Was ist der Unterschied zwischen AC- und DC-Laden?;Beim AC-Laden wandelt das Ladegerät im Fahrzeug Wechselstrom in Gleichstrom für die Batterie um. Beim DC-Schnellladen übernimmt die Ladesäule die Umwandlung und speist Gleichstrom direkt ein.;What is the difference between AC and DC charging?;With AC charging, the onboard charger converts AC from the grid into DC for the battery. With DC fast charging, the charging station performs the conversion and supplies DC directly to the vehicle.;0
Warum lädt ein E-Auto nicht während des gesamten Ladevorgangs gleich schnell?;Die maximale Ladeleistung hängt unter anderem von Ladezustand und Batterietemperatur ab. Bei hohem Ladezustand wird die Leistung meist reduziert, um Batterie und Zellen zu schonen.;Why does an electric car not charge at the same speed throughout the charging process?;Maximum charging power depends, among other things, on state of charge and battery temperature. At high states of charge, charging power is usually reduced to protect the battery cells.;0
Welche Faktoren beeinflussen den Energieverbrauch eines Fahrzeugs?;Unter anderem Geschwindigkeit, Luftwiderstand, Fahrzeugmasse, Reifen, Temperatur, Steigungen, Beschleunigung sowie Heizung und Klimaanlage.;Which factors influence a vehicle's energy consumption?;Factors include speed, aerodynamic drag, vehicle mass, tyres, temperature, gradients, acceleration, heating and air conditioning.;0
Warum steigt der Energiebedarf eines Autos bei hoher Geschwindigkeit stark?;Der Luftwiderstand wächst ungefähr mit dem Quadrat der Geschwindigkeit. Deshalb steigt die zum Überwinden des Luftwiderstands benötigte Leistung bei höherem Tempo sehr stark.;Why does a car's energy demand rise sharply at high speed?;Aerodynamic drag increases approximately with the square of speed. The power required to overcome drag therefore rises very strongly as speed increases.;0
Was sind lokale Emissionen eines Fahrzeugs?;"Das sind Emissionen, die direkt am Fahrzeug entstehen. Verbrenner erzeugen Abgase wie CO₂ und NOx; E-Autos haben keine Auspuffemissionen, verursachen aber weiterhin Reifen- und Straßenabrieb.";What are a vehicle's local emissions?;"They are emissions produced directly at the vehicle. Combustion vehicles emit exhaust gases such as CO₂ and NOx; electric cars have no tailpipe emissions but still cause tyre and road abrasion.";0
Warum sollte man die Klimabilanz eines Fahrzeugs über den Lebenszyklus betrachten?;Ein vollständiger Vergleich berücksichtigt Fahrzeug- und Batterieproduktion, Energiebereitstellung, Nutzung, Wartung und Verwertung statt nur die Emissionen während der Fahrt.;Why should the climate impact of a vehicle be considered over its full life cycle?;A complete comparison includes vehicle and battery production, energy supply, use, maintenance and end-of-life treatment rather than looking only at emissions during driving.;0
Warum hängt die Klimabilanz eines Plug-in-Hybrids stark von seiner Nutzung ab?;Wird er häufig geladen und viele Strecken elektrisch gefahren, sinkt der Kraftstoffverbrauch. Ohne regelmäßiges Laden kann der schwere Verbrenneranteil den Vorteil deutlich verringern.;Why does the climate impact of a plug-in hybrid depend strongly on how it is used?;If it is charged frequently and many journeys are driven electrically, fuel consumption falls. Without regular charging, the additional weight and combustion-engine operation can greatly reduce the benefit.;0
Was ist der Unterschied zwischen gravimetrischer und volumetrischer Energiedichte?;Gravimetrische Energiedichte ist Energie pro Masse, z. B. Wh/kg. Volumetrische Energiedichte ist Energie pro Volumen, z. B. Wh/L. Für Flugzeuge ist besonders die Masse entscheidend.;What is the difference between gravimetric and volumetric energy density?;Gravimetric energy density is energy per unit of mass, for example Wh/kg. Volumetric energy density is energy per unit of volume, for example Wh/L. Mass is especially important for aircraft.;0
Was ist der Treibhauseffekt und ist er grundsätzlich schlecht?;"Treibhausgase halten einen Teil der von der Erde abgegebenen Wärmestrahlung zurück. Der natürliche Treibhauseffekt macht die Erde bewohnbar; problematisch ist seine menschengemachte Verstärkung.";What is the greenhouse effect, and is it inherently bad?;"Greenhouse gases retain part of the heat radiation emitted by Earth. The natural greenhouse effect makes Earth habitable; the problem is the additional human-caused strengthening of this effect.";0
Was ist der Unterschied zwischen natürlichem und menschengemachtem Treibhauseffekt?;Der natürliche Treibhauseffekt entsteht durch natürlich vorkommende Treibhausgase. Zusätzliche Emissionen aus menschlichen Aktivitäten erhöhen deren Konzentration und verstärken die Erwärmung.;What is the difference between the natural and human-caused greenhouse effect?;The natural greenhouse effect is caused by naturally occurring greenhouse gases. Additional emissions from human activities increase their concentrations and strengthen warming.;0
Warum führt mehr CO₂ in der Atmosphäre zu Erwärmung?;CO₂ absorbiert einen Teil der von der Erde abgegebenen Infrarotstrahlung und verändert dadurch die Energiebilanz der Atmosphäre. Eine höhere CO₂-Konzentration verstärkt diesen Effekt.;Why does more CO₂ in the atmosphere cause warming?;CO₂ absorbs part of the infrared radiation emitted by Earth and thereby changes the atmosphere's energy balance. A higher CO₂ concentration strengthens this effect.;0
Woher kommt das zusätzliche menschengemachte CO₂ hauptsächlich?;Vor allem aus der Verbrennung von Kohle, Erdöl und Erdgas sowie aus Industrieprozessen und Landnutzungsänderungen.;Where does most additional human-caused CO₂ come from?;Mainly from burning coal, crude oil and natural gas, as well as from industrial processes and land-use changes.;0
Warum wirkt ausgestoßenes CO₂ so lange auf das Klima?;CO₂ wird zwischen Atmosphäre, Ozeanen, Böden und Vegetation ausgetauscht. Ein Teil wird relativ schnell aufgenommen, ein anderer beeinflusst das Klimasystem über sehr lange Zeiträume.;Why does emitted CO₂ affect the climate for such a long time?;CO₂ is exchanged between the atmosphere, oceans, soils and vegetation. Some is taken up relatively quickly, while another fraction affects the climate system over very long periods.;0
Welche wichtigen Treibhausgase gibt es außer CO₂?;Dazu gehören Methan (CH₄), Lachgas (N₂O) und fluorierte Treibhausgase. Sie unterscheiden sich in Klimawirkung, Lebensdauer und Quellen.;Which important greenhouse gases are there besides CO₂?;They include methane (CH₄), nitrous oxide (N₂O) and fluorinated greenhouse gases. They differ in climate impact, atmospheric lifetime and sources.;0
Was ist ein CO₂-Äquivalent (CO₂e)?;CO₂e ist eine Vergleichseinheit, mit der die Klimawirkung verschiedener Treibhausgase in die Wirkung einer entsprechenden Menge CO₂ umgerechnet wird.;What is a CO₂ equivalent (CO₂e)?;CO₂e is a common unit used to express the climate impact of different greenhouse gases as the equivalent effect of a certain amount of CO₂.;0
Warum werden verschiedene Treibhausgase in CO₂-Äquivalente umgerechnet?;Weil Treibhausgase unterschiedlich stark und unterschiedlich lange wirken. CO₂e ermöglicht eine gemeinsame Bilanz.;Why are different greenhouse gases converted into CO₂ equivalents?;Because greenhouse gases differ in how strongly and how long they affect the climate. CO₂e makes it possible to combine them in a common emissions balance.;0
Warum ist Methan ein wichtiges Treibhausgas?;Methan ist über kürzere Zeiträume deutlich klimawirksamer als dieselbe Masse CO₂, bleibt aber kürzer in der Atmosphäre. Bedeutende Quellen sind Landwirtschaft, fossile Energien und Abfälle.;Why is methane an important greenhouse gas?;Over shorter time periods, methane has a much stronger warming effect per unit of mass than CO₂, although it remains in the atmosphere for less time. Major sources include agriculture, fossil energy and waste.;0
Was bedeutet Global Warming Potential (GWP)?;Das GWP vergleicht die integrierte Klimawirkung eines Treibhausgases über einen festgelegten Zeitraum mit CO₂. CO₂ erhält dabei den Referenzwert 1.;What does Global Warming Potential (GWP) mean?;GWP compares the integrated climate effect of a greenhouse gas over a defined time period with CO₂. CO₂ is assigned the reference value of 1.;0
Was ist ein Emissionsfaktor?;Ein Emissionsfaktor gibt an, wie viele Emissionen pro Bezugsgröße entstehen, zum Beispiel Gramm CO₂e pro erzeugter Kilowattstunde Strom.;What is an emission factor?;An emission factor states how much emissions arise per reference unit, for example grams of CO₂e per kilowatt-hour of electricity generated.;0
Wie unterscheiden sich Kohle, Erdgas und Windkraft bei den Treibhausgasemissionen?;Über den Lebenszyklus verursacht Kohle typischerweise die höchsten Emissionen, Erdgas weniger und Windkraft deutlich weniger. Die genauen Werte hängen von Anlage und Bilanzgrenze ab.;How do coal, natural gas and wind power differ in greenhouse-gas emissions?;Over their life cycles, coal typically causes the highest emissions, natural gas lower emissions and wind power much lower emissions. Exact values depend on the technology and the system boundary used.;0
Warum hat auch Windkraft über den Lebenszyklus Emissionen?;Für Rohstoffe, Herstellung, Transport, Bau, Wartung und Rückbau werden Energie und Materialien benötigt. Im Betrieb entstehen dagegen kaum direkte Treibhausgasemissionen.;Why does wind power also cause emissions over its life cycle?;Energy and materials are required for raw materials, manufacturing, transport, construction, maintenance and dismantling. During operation, however, wind power causes almost no direct greenhouse-gas emissions.;0
Was ist der CO₂-Faktor des Strommixes?;Er beschreibt die durchschnittlichen Treibhausgas- oder CO₂-Emissionen pro erzeugter beziehungsweise verbrauchter Kilowattstunde Strom. Der Wert verändert sich mit dem Strommix.;What is the CO₂ factor of the electricity mix?;It describes the average greenhouse-gas or CO₂ emissions per kilowatt-hour of electricity generated or consumed. The value changes with the composition of the electricity mix.;0
Warum kann sich die Klimabilanz eines E-Autos mit der Zeit verändern?;Weil die Emissionen der genutzten Elektrizität vom Strommix abhängen. Wird die Stromerzeugung emissionsärmer, sinken auch die nutzungsbedingten Emissionen des Fahrzeugs.;Why can the climate impact of an electric car change over time?;Because the emissions associated with the electricity it uses depend on the electricity mix. As electricity generation becomes less carbon-intensive, the vehicle's use-phase emissions also decrease.;0
Was ist eine Lebenszyklusanalyse (LCA oder Ökobilanz)?;Sie untersucht Umweltwirkungen eines Produkts oder Systems über definierte Lebensphasen, etwa Rohstoffgewinnung, Herstellung, Nutzung und Verwertung.;What is a life-cycle assessment (LCA)?;It examines the environmental impacts of a product or system across defined life-cycle stages, such as raw-material extraction, manufacturing, use and end-of-life treatment.;0
Warum reicht es nicht, bei einer Technologie nur den Betrieb zu betrachten?;Weil auch Rohstoffgewinnung, Herstellung, Infrastruktur, Wartung und Entsorgung Umweltwirkungen verursachen können. Eine Lebenszyklusbetrachtung erfasst mehr davon.;Why is it not enough to consider only the operating phase of a technology?;Raw-material extraction, manufacturing, infrastructure, maintenance and disposal can also cause environmental impacts. A life-cycle perspective captures more of these effects.;0
Was bedeutet graue Energie beziehungsweise graue Emissionen?;Damit sind Energieaufwand oder Emissionen gemeint, die bereits vor und neben der Nutzungsphase entstehen, zum Beispiel bei Herstellung, Transport und Bau.;What do embodied energy and embodied emissions mean?;They are the energy use or emissions that occur before and alongside the use phase, for example during manufacturing, transport and construction.;0
Was ist die energetische Amortisationszeit einer PV-Anlage?;Sie beschreibt, wie lange eine PV-Anlage Strom erzeugen muss, bis sie die Energiemenge bereitgestellt hat, die für Herstellung und weitere betrachtete Lebenszyklusphasen benötigt wurde.;What is the energy payback time of a PV system?;It describes how long a PV system must generate electricity before it has produced the amount of energy that was required for manufacturing and the other life-cycle stages included in the assessment.;0
Warum kann eine Technologie trotz hoher Herstellungsemissionen klimafreundlich sein?;Wenn sie über ihre Nutzungsdauer deutlich mehr Emissionen vermeidet, als bei Herstellung und übrigen Lebenszyklusphasen entstehen.;Why can a technology be climate-friendly despite high manufacturing emissions?;If, over its lifetime, it avoids significantly more emissions than are caused by manufacturing and the other life-cycle stages.;0
Was ist der Unterschied zwischen Luftschadstoffen und Treibhausgasen?;Luftschadstoffe wie Feinstaub oder Stickoxide wirken vor allem auf Gesundheit und Umwelt. Treibhausgase verändern vor allem das Klima. Manche Prozesse verursachen beides.;What is the difference between air pollutants and greenhouse gases?;Air pollutants such as particulate matter and nitrogen oxides mainly affect health and the local environment. Greenhouse gases mainly affect the climate. Some processes produce both.;0
Was sind Stickoxide (NOx) und wo entstehen sie?;NOx entstehen vor allem bei Verbrennungsprozessen mit hohen Temperaturen. Sie tragen unter anderem zur Bildung von bodennahem Ozon und gesundheitsschädlicher Luftbelastung bei.;What are nitrogen oxides (NOx) and where do they arise?;NOx are produced mainly in high-temperature combustion processes. They contribute, among other things, to ground-level ozone formation and harmful air pollution.;0
Was ist Feinstaub?;Feinstaub besteht aus sehr kleinen Partikeln in der Luft, die unter anderem durch Verbrennung, Industrie sowie Reifen-, Brems- und Straßenabrieb entstehen.;What is particulate matter?;Particulate matter consists of very small airborne particles produced, among other things, by combustion, industry and tyre, brake and road abrasion.;0
Was bedeutet Flächennutzung bei Energietechnologien?;Sie beschreibt, wie viel und welche Art von Fläche durch Erzeugung, Rohstoffe und Infrastruktur beansprucht oder verändert wird. Entscheidend ist auch die Qualität des betroffenen Lebensraums.;What does land use mean for energy technologies?;It describes how much land, and what type of land, is occupied or altered by energy generation, raw-material extraction and infrastructure. The ecological quality of the affected habitat also matters.;0
Wie kann Windenergie die Biodiversität beeinflussen?;Windenergie kann unter anderem Vögel, Fledermäuse und Lebensräume beeinflussen. Gute Standortwahl, Monitoring und angepasste Abschaltungen können Risiken verringern.;How can wind energy affect biodiversity?;Wind energy can affect birds, bats and habitats, among other things. Careful site selection, monitoring and targeted shutdowns can reduce risks.;0
Welche Umwelt- und Sozialfragen gibt es beim Rohstoffabbau für Batterien und Elektronik?;Je nach Rohstoff und Standort können Wasserverbrauch, Eingriffe in Ökosysteme, Schadstoffbelastung und Arbeitsbedingungen problematisch sein. Recycling und verantwortliche Lieferketten können Auswirkungen verringern.;What environmental and social issues are associated with raw-material extraction for batteries and electronics?;Depending on the material and location, water use, ecosystem disturbance, pollution and working conditions can be problematic. Recycling and responsible supply chains can reduce these impacts.;0
Warum gibt es keine Energietechnologie ganz ohne Umweltwirkungen?;Jede Technologie benötigt Materialien, Infrastruktur und Fläche und verursacht über ihren Lebenszyklus Umweltwirkungen. Deshalb müssen Nutzen und verschiedene Auswirkungen miteinander verglichen werden.;Why is there no energy technology completely free of environmental impacts?;Every technology requires materials, infrastructure and land and therefore causes environmental impacts over its life cycle. Benefits and different impacts must therefore be weighed against each other.;0
Was bedeutet Nachhaltigkeit über Klimaschutz hinaus?;Nachhaltigkeit berücksichtigt neben dem Klima auch Natur, Ressourcen, Wasser, Boden, Gesundheit, soziale Aspekte und langfristige Folgen für kommende Generationen.;What does sustainability mean beyond climate protection?;Sustainability considers not only climate but also nature, resources, water, soil, health, social aspects and long-term consequences for future generations.;0
Warum ist Energiesparen ein wichtiger Teil der Energiewende?;Energieeinsparung vermeidet in der Regel einen Teil von Erzeugung, Brennstoffen, Infrastruktur und Umweltwirkungen. Entscheidend ist, den gleichen Nutzen mit weniger Energie zu erreichen.;Why is saving energy an important part of the energy transition?;Energy savings generally avoid part of the required generation, fuels, infrastructure and environmental impacts. The aim is to provide the same benefit with less energy.;0
Was ist ein CO₂-Preis?;Ein CO₂-Preis gibt dem Ausstoß von Treibhausgasen einen wirtschaftlichen Preis, damit emissionsärmere Lösungen attraktiver werden.;What is a CO₂ price?;A CO₂ price assigns an economic cost to greenhouse-gas emissions so that lower-emission options become more attractive.;0
Was ist Emissionshandel?;Ein Emissionshandel begrenzt die Menge erfasster Emissionen durch handelbare Zertifikate. Unternehmen benötigen für ihre erfassten Emissionen entsprechende Berechtigungen.;What is emissions trading?;An emissions trading system limits covered emissions through tradable allowances. Companies need corresponding allowances for the emissions covered by the system.;0
Was bedeutet Klimaneutralität beziehungsweise Netto-Null?;Treibhausgasemissionen werden so weit wie möglich vermindert. Verbleibende schwer vermeidbare Emissionen müssen durch dauerhafte Entnahme von Treibhausgasen beziehungsweise CO₂ ausgeglichen werden.;What does climate neutrality or net zero mean?;Greenhouse-gas emissions are reduced as far as possible. Remaining hard-to-avoid emissions must be balanced by durable removal of greenhouse gases or CO₂ from the atmosphere.;0
Was ist ein CO₂-Budget?;Ein CO₂-Budget ist die geschätzte Menge an CO₂, die noch ausgestoßen werden kann, um ein bestimmtes Erwärmungsniveau mit einer bestimmten Wahrscheinlichkeit einzuhalten.;What is a CO₂ budget?;A CO₂ budget is the estimated amount of CO₂ that can still be emitted while keeping a specific level of warming within a given probability.;0
Was ist der Unterschied zwischen Klimaschutz und Klimaanpassung?;Klimaschutz vermindert Treibhausgasemissionen oder stärkt Senken. Klimaanpassung reduziert Verwundbarkeit und Schäden durch bereits eintretende oder erwartete Klimafolgen.;What is the difference between climate mitigation and climate adaptation?;Climate mitigation reduces greenhouse-gas emissions or strengthens carbon sinks. Climate adaptation reduces vulnerability and damage from climate impacts that are already occurring or expected.;0
Was ist eine Kohlenstoffsenke?;Eine Kohlenstoffsenke nimmt netto mehr Kohlenstoff auf, als sie abgibt. Beispiele sind wachsende Wälder, bestimmte Böden und Ozeane.;What is a carbon sink?;A carbon sink absorbs more carbon than it releases overall. Examples include growing forests, certain soils and the oceans.;0
Warum sind Moore für Klima und Biodiversität wichtig?;Intakte Moore speichern große Mengen Kohlenstoff und bieten besondere Lebensräume. Entwässerte Moore bauen Torf ab und können erhebliche Treibhausgasemissionen verursachen.;Why are peatlands important for the climate and biodiversity?;Intact peatlands store large amounts of carbon and provide specialized habitats. Drained peatlands decompose and can cause substantial greenhouse-gas emissions.;0
Was ist der Albedo-Effekt?;Albedo beschreibt den Anteil einfallender Strahlung, der reflektiert wird. Helle Flächen wie Schnee reflektieren viel, dunkle Flächen absorbieren mehr Energie.;What is the albedo effect?;Albedo describes the share of incoming radiation that is reflected. Bright surfaces such as snow reflect a lot, while darker surfaces absorb more energy.;0
Was ist ein klimatischer Kipppunkt?;Ein Kipppunkt ist eine Schwelle, bei deren Überschreiten sich ein Teil des Klimasystems stark verändern kann und Rückkopplungen die Veränderung teilweise selbst verstärken können.;What is a climate tipping point?;A tipping point is a threshold beyond which part of the climate system can change substantially and feedback mechanisms may reinforce the change.;0
Was bedeuten Scope 1, Scope 2 und Scope 3 bei Unternehmens-Emissionen?;Scope 1 sind direkte Emissionen, Scope 2 indirekte Emissionen aus eingekaufter Energie und Scope 3 weitere indirekte Emissionen entlang der Wertschöpfungskette.;What do Scope 1, Scope 2 and Scope 3 mean for corporate emissions?;Scope 1 covers direct emissions, Scope 2 indirect emissions from purchased energy, and Scope 3 other indirect emissions along the value chain.;0
Was ist der Unterschied zwischen Emissionsvermeidung und Kompensation?;Vermeidung verhindert oder vermindert Emissionen direkt. Kompensation versucht verbleibende Emissionen durch zusätzliche Minderungen oder Entnahmen an anderer Stelle auszugleichen.;What is the difference between avoiding emissions and offsetting them?;Avoidance prevents or directly reduces emissions. Offsetting attempts to compensate for remaining emissions through additional reductions or removals elsewhere.;0
Was bedeutet Kreislaufwirtschaft?;Produkte, Bauteile und Materialien sollen möglichst lange genutzt, repariert, wiederverwendet, aufgearbeitet und recycelt werden, damit weniger neue Rohstoffe benötigt werden.;What does a circular economy mean?;Products, components and materials should be used for as long as possible, repaired, reused, refurbished and recycled so that fewer new raw materials are needed.;0
Was ist der Unterschied zwischen Wiederverwendung und Recycling?;Bei Wiederverwendung wird ein Produkt oder Bauteil erneut genutzt. Beim Recycling wird Material aufbereitet und zu neuem Material oder Produkten verarbeitet.;What is the difference between reuse and recycling?;With reuse, a product or component is used again. With recycling, material is processed and turned into new material or products.;0
Was ist der Rebound-Effekt?;Ein Rebound-Effekt tritt auf, wenn Effizienzgewinne teilweise durch mehr Nutzung oder Konsum aufgezehrt werden und die erwartete Einsparung kleiner ausfällt.;What is the rebound effect?;A rebound effect occurs when efficiency gains are partly offset by increased use or consumption, so the actual saving is smaller than expected.;0
Was sind planetare Grenzen?;Das Konzept beschreibt zentrale Erdsystemprozesse, innerhalb deren Belastungsgrenzen die Menschheit möglichst bleiben sollte, darunter Klima, Biodiversität, Landnutzung und Nährstoffkreisläufe.;What are planetary boundaries?;The concept describes key Earth-system processes and the limits within which humanity should ideally remain, including climate, biodiversity, land use and nutrient cycles.;0
Was ist der Unterschied zwischen Watt (W) und Wattstunde (Wh)?;Watt ist Leistung – wie viel Energie gerade pro Zeit fließt (ein Momentanwert). Wattstunde ist Energie – wie viel insgesamt über eine Zeit verbraucht wurde.;What is the difference between a watt (W) and a watt-hour (Wh)?;A watt is power, meaning the rate at which energy is being transferred or used at a given moment. A watt-hour is energy, meaning the total amount transferred or used over time.;0
Wie rechnet man von Leistung zu Energie um?;Energie = Leistung × Zeit. Ein Gerät mit 1.000 W (1 kW), das eine Stunde läuft, verbraucht 1 kWh. Läuft es zwei Stunden, sind es 2 kWh.;How do you convert power into energy?;Energy = power × time. A 1,000 W (1 kW) device running for one hour uses 1 kWh. If it runs for two hours, it uses 2 kWh.;0
Wie hängen W, kW, MW, GW und TW zusammen?;Jede Stufe ist das 1.000-fache der vorigen: W → kW → MW → GW → TW. Als Zehnerpotenzen: 10⁰ → 10³ → 10⁶ → 10⁹ → 10¹². Der Exponent springt jeweils um drei nach oben.;How are W, kW, MW, GW and TW related?;Each step is 1,000 times the previous one: W → kW → MW → GW → TW. As powers of ten: 10⁰ → 10³ → 10⁶ → 10⁹ → 10¹². The exponent increases by three at each step.;0
Welche Leistung hat typischerweise eine LED-Lampe, und in welcher Einheit?;Etwa 10 Watt (W). Das ist ein Momentanwert: Solange die Lampe leuchtet, zieht sie diese Leistung, egal ob eine Minute oder fünf Stunden.;What is the typical power of an LED lamp, and in which unit is it stated?;About 10 watts (W). This is an instantaneous power value: while the lamp is on, it draws this power whether it runs for one minute or five hours.;0
In welcher Größenordnung liegt die Leistung eines Windrads an Land?;Im Megawatt-Bereich (MW), typischerweise ca. 3–5 MW Nennleistung. Diese volle Leistung liegt aber nur bei ausreichend Wind an, nicht durchgehend.;What is the typical power range of an onshore wind turbine?;In the megawatt range (MW), typically around 3–5 MW of rated power. However, full rated power is only reached when wind conditions are sufficient.;0
In welcher Größenordnung liegt die Leistung eines großen Kraftwerksblocks (z. B. Kernkraft)?;Im Gigawatt-Bereich (GW), typischerweise ca. 1,4 GW. Ein solcher Block läuft meist gleichmäßig und nahezu durchgehend.;What is the typical power range of a large power-plant unit, for example a nuclear unit?;In the gigawatt range (GW), typically around 1.4 GW. Such a unit generally operates relatively steadily and for long periods.;0
Warum ist „Deutschland verbraucht 75 GW“ ein Momentan- und kein Jahreswert?;GW ist eine Leistungseinheit (Momentanwert). 75 GW ist die Spitzenlast – die Leistung, die das Netz in einem bestimmten Moment (meist an kalten Winterabenden) bereitstellen muss. Über das Jahr summiert ergäbe das eine Energie in TWh.;Why is the statement “Germany consumes 75 GW” an instantaneous value rather than an annual value?;GW is a unit of power, so it describes an instantaneous rate. 75 GW is a peak-load value: the power the system must supply at a particular moment. Over a year, consumption is expressed as energy, for example in TWh.;0
Warum muss man bei einer Zahl immer wissen, ob sie Leistung oder Energie meint?;Weil Leistung (W, kW, MW) ein Momentanwert ist und Energie (Wh, kWh, MWh) eine Menge über Zeit. „5 kW“ sagt nichts darüber, wie viel insgesamt verbraucht wurde – erst mit der Zeit (z. B. 5 kW über 2 h = 10 kWh) wird daraus eine Energiemenge.;Why must you always know whether a number refers to power or energy?;Power (W, kW, MW) is an instantaneous rate, while energy (Wh, kWh, MWh) is an amount over time. “5 kW” does not say how much energy was used until a duration is given, for example 5 kW for 2 h = 10 kWh.;0
In welcher Einheit wird der Stromverbrauch eines Haushalts abgerechnet?;In Kilowattstunden (kWh). Ein Zweipersonenhaushalt verbraucht grob 2.000–3.000 kWh pro Jahr. Auf der Stromrechnung steht der Preis meist pro kWh.;In which unit is a household's electricity consumption billed?;In kilowatt-hours (kWh). A two-person household uses roughly 2,000–3,000 kWh per year, and electricity prices are usually stated per kWh.;0
In welcher Einheit wird der Jahresstromverbrauch eines ganzen Landes angegeben?;In Terawattstunden (TWh). Deutschland verbraucht grob rund 500 TWh Strom pro Jahr. 1 TWh = 1 Milliarde kWh.;In which unit is a country's annual electricity consumption stated?;In terawatt-hours (TWh). Germany uses roughly around 500 TWh of electricity per year. 1 TWh equals one billion kWh.;0
Was sind Volllaststunden und mit welchen Einheiten hängen sie zusammen?;Die rechnerische Stundenzahl pro Jahr, die eine Anlage bei voller Nennleistung (in MW) laufen müsste, um ihre tatsächliche Jahresenergie (in MWh) zu erzeugen. Verbindung: Jahresenergie (MWh) ÷ Nennleistung (MW) = Volllaststunden.;What are full-load hours and which units are involved?;Full-load hours are the calculated number of hours per year that a plant would have to operate at full rated power (MW) to produce its actual annual energy (MWh). Annual energy (MWh) ÷ rated power (MW) = full-load hours.;0
Warum ist eine Kilowattstunde eine praktische Alltagseinheit?;Weil sie einer anschaulichen Menge entspricht: Mit etwa 1 kWh kann man z. B. rund 100 LED-Lampen eine Stunde brennen lassen, Wäsche einmal trocknen oder ein Handy sehr oft laden. Deshalb rechnet man Haushaltsverbrauch darin ab.;Why is a kilowatt-hour a practical everyday unit?;It represents a manageable amount of energy. For example, about 1 kWh can run roughly 100 ten-watt LED lamps for one hour, run a tumble dryer once, or charge a phone many times. That is why household electricity use is billed in kWh.;0
Was misst die Einheit Volt (V)?;Die elektrische Spannung – den „Druck“, der die Elektronen antreibt. Haushaltssteckdosen liefern 230 V, Höchstspannungsleitungen bis zu 380.000 V (380 kV).;What does the unit volt (V) measure?;It measures electrical voltage, the potential difference that drives charge. Household sockets supply 230 V, while extra-high-voltage lines can operate at up to 380,000 V (380 kV).;0
Was misst die Einheit Ampere (A)?;Die Stromstärke – die Menge an Ladung, die pro Zeit fließt. Zusammen mit der Spannung (Volt) ergibt sie die Leistung: Leistung (W) = Spannung (V) × Stromstärke (A).;What does the unit ampere (A) measure?;It measures electric current, the amount of electric charge flowing per unit of time. Together with voltage, it determines power: power (W) = voltage (V) × current (A).;0
Wie hängen Volt, Ampere und Watt zusammen?;Leistung = Spannung × Stromstärke, also Watt = Volt × Ampere. Ein Gerät an 230 V, das 10 A zieht, hat eine Leistung von 2.300 W (2,3 kW).;How are volts, amperes and watts related?;Power = voltage × current, so watts = volts × amperes. A device connected to 230 V and drawing 10 A has a power of 2,300 W (2.3 kW).;0
Was misst die Einheit Hertz (Hz)?;Die Frequenz – wie oft etwas pro Sekunde passiert. Im Stromnetz: 50 Hz bedeutet, dass der Wechselstrom 50-mal pro Sekunde seine Schwingung durchläuft.;What does the unit hertz (Hz) measure?;It measures frequency, meaning how often something repeats per second. In the power grid, 50 Hz means the AC waveform completes 50 cycles per second.;0
Was bedeutet die Angabe „kWp“ bei Solaranlagen?;Kilowatt-Peak – die maximale Leistung einer PV-Anlage unter genormten Idealbedingungen (volle Sonneneinstrahlung). Die tatsächliche Leistung liegt im Alltag meist darunter, weil selten Idealbedingungen herrschen.;What does the rating “kWp” mean for solar PV systems?;Kilowatt-peak is the maximum rated power of a PV system under standardized test conditions. Actual output is usually lower because ideal conditions rarely occur continuously.;0
Wie viele Wattstunden sind 2,5 kWh?;2.500 Wh. Kilo bedeutet das Tausendfache, also 2,5 × 1.000 = 2.500. Dieselbe Logik wie bei Kilometern und Metern.;How many watt-hours are 2.5 kWh?;2,500 Wh. Kilo means one thousand, so 2.5 × 1,000 = 2,500.;0
Ein Heizlüfter mit 2.000 W läuft 3 Stunden. Wie viel Energie verbraucht er?;"6 kWh. Rechnung: 2.000 W = 2 kW; 2 kW × 3 h = 6 kWh.";A 2,000 W fan heater runs for 3 hours. How much energy does it use?;"6 kWh. Calculation: 2,000 W = 2 kW; 2 kW × 3 h = 6 kWh.";0
Wie lange müsste eine 10-W-LED-Lampe leuchten, um 1 kWh zu verbrauchen?;"100 Stunden. Rechnung: 1 kWh = 1.000 Wh; 1.000 Wh ÷ 10 W = 100 h. Das zeigt, wie sparsam LED-Lampen sind.";How long would a 10 W LED lamp have to run to use 1 kWh?;"100 hours. Calculation: 1 kWh = 1,000 Wh; 1,000 Wh ÷ 10 W = 100 h.";0
Ein Kraftwerk liefert konstant 500 MW über 24 Stunden. Wie viel Energie erzeugt es?;12.000 MWh = 12 GWh. Rechnung: 500 MW × 24 h = 12.000 MWh. Umgerechnet in die größere Einheit: ÷ 1.000 = 12 GWh.;A power plant supplies a constant 500 MW for 24 hours. How much energy does it generate?;"12,000 MWh = 12 GWh. Calculation: 500 MW × 24 h = 12,000 MWh; dividing by 1,000 gives 12 GWh.";0
Wie rechnet man 500 TWh (Jahresverbrauch Deutschlands) in kWh um?;500 TWh = 500.000.000.000 kWh (500 Milliarden). Rechnung: Tera = 10¹², kilo = 10³, Differenz = 10⁹, also 500 × 10⁹ kWh. Das zeigt, wie riesig der Unterschied zwischen Haushalts- und Landesebene ist.;How do you convert 500 TWh, roughly Germany's annual electricity consumption, into kWh?;500 TWh = 500,000,000,000 kWh (500 billion kWh). Tera is 10¹² and kilo is 10³, so the difference is a factor of 10⁹.;0
Warum ist „ein Kraftwerk mit 1 GW pro Stunde“ sprachlich falsch?;Weil GW bereits eine Leistung ist (Energie pro Zeit). „Pro Stunde“ würde bedeuten „Energie pro Zeit pro Stunde“, was keinen Sinn ergibt. Richtig ist entweder „1 GW Leistung“ oder „1 GWh pro Stunde“ (= 1 GW).;Why is the phrase “a power plant with 1 GW per hour” technically incorrect?;Because GW is already a unit of power, meaning energy per unit of time. Adding “per hour” would incorrectly divide by time again. Correct wording is either “1 GW of power” or “1 GWh per hour”, which is equivalent to 1 GW.;0
Ist „kWh pro Stunde“ sinnvoll – und was ist das eigentlich?;Ja, aber es kürzt sich: kWh/h = kW. Eine Kilowattstunde pro Stunde ist nichts anderes als ein Kilowatt Leistung. Deshalb verwendet man direkt kW statt der umständlichen Schreibweise.;Does “kWh per hour” make sense, and what does it mean?;Yes, but it simplifies to kW because kWh/h = kW. One kilowatt-hour per hour is simply one kilowatt of power, so kW is normally used directly.;0
Warum sagt „mein Akku hat 5.000 mAh“ nicht direkt, wie viel Energie er speichert?;Weil mAh (Milliamperestunden) nur die Ladungsmenge angibt, nicht die Energie. Erst mit der Spannung wird daraus Energie: Energie (Wh) = Ladung (Ah) × Spannung (V). Ein 5.000-mAh-Akku bei 3,7 V speichert ca. 18,5 Wh.;Why does saying “my battery has 5,000 mAh” not directly tell you how much energy it stores?;Because mAh measures electric charge, not energy. The voltage is also needed: energy (Wh) = charge (Ah) × voltage (V). A 5,000 mAh battery at 3.7 V stores about 18.5 Wh.;0
Warum kann man Leistungen (z. B. mehrere Kraftwerke) einfach addieren, Volllaststunden aber nicht?;Leistungen in MW addieren sich direkt, wenn sie gleichzeitig laufen (2 × 500 MW = 1.000 MW). Volllaststunden sind dagegen ein Verhältnis pro Anlage und hängen von der jeweiligen Auslastung ab – man kann sie nicht einfach zusammenzählen.;Why can powers, such as those of several power plants, simply be added, while full-load hours cannot?;Power values in MW can be added when the plants operate at the same time. Full-load hours are a ratio for each individual plant and depend on its own utilization, so they cannot simply be summed.;0
Warum ist die Angabe „installierte Leistung“ nicht dasselbe wie „erzeugte Energie“?;Installierte Leistung (in GW) sagt nur, wie viel maximal möglich wäre. Wie viel tatsächlich erzeugt wird (in GWh/TWh), hängt davon ab, wie lange und wie ausgelastet die Anlagen laufen. Ein Windrad mit viel GW bringt bei Flaute trotzdem null Energie.;Why is installed capacity not the same as generated energy?;Installed capacity in GW states only the maximum possible power. Actual energy generation in GWh or TWh depends on how long and how strongly the plants operate. A wind turbine produces no energy when there is no wind, regardless of its rated capacity.;0
Warum nutzt man für ein einzelnes Gerät Watt, für ein Land aber Gigawatt?;Weil die Größenordnungen millionen- bis milliardenfach auseinanderliegen. Eine LED-Lampe hat 10 W, ein Land braucht in der Spitze zig GW. Man wählt die Einheit so, dass die Zahl davor handlich bleibt (nicht 75.000.000.000 W, sondern 75 GW).;Why do we use watts for an individual device but gigawatts for a whole country?;Because the magnitudes differ by millions or billions. An LED lamp may use 10 W, while a country's peak demand can be tens of GW. Units are chosen to keep the numerical values manageable.;0
Was ist der durchschnittliche weltweite Strombedarf in Terawatt, und was bedeutet „durchschnittlich“ hier?;Rund 3 TW. „Durchschnittlich“ heißt: die weltweite Jahresenergie (ca. 29.000 TWh) geteilt durch alle 8.760 Stunden des Jahres. Es ist also ein gemittelter Momentanwert, kein echter Augenblickswert.;What is the average global electricity demand in terawatts, and what does “average” mean here?;Around 3 TW. “Average” means the world's annual electrical energy, about 29,000 TWh, divided by all 8,760 hours of the year. It is therefore an average power value, not an actual instantaneous measurement.;0
Warum ist der Faktor 1.000 zwischen den Einheiten so praktisch?;Weil er mit dem Dezimalsystem und den SI-Vorsilben (kilo, mega, giga, tera) zusammenpasst. Jede Stufe verschiebt das Komma um drei Stellen. So lassen sich sehr kleine (LED) und sehr große (Land) Werte mit wenigen handlichen Zahlen ausdrücken.;Why is the factor of 1,000 between these units so practical?;Because it fits the decimal system and the SI prefixes kilo, mega, giga and tera. Each step moves the decimal point three places, making very small and very large values easier to express.;0
Welche erneuerbaren Stromquellen sind für das deutsche Stromsystem besonders wichtig?;Vor allem Windenergie an Land und auf See sowie Photovoltaik. Ergänzend tragen Wasserkraft und Biomasse bei. Wind und PV sind wetterabhängig und deshalb besonders relevant für Prognosen, Flexibilität und Netzbetrieb.;Which renewable electricity sources are particularly important for the German power system?;Especially onshore and offshore wind power and photovoltaics. Hydropower and biomass also contribute. Wind and PV are weather-dependent and therefore especially relevant for forecasting, flexibility and grid operation.;0
Warum bezeichnet man Wind- und Solarstrom als dargebotsabhängige Erzeugung?;Ihre verfügbare Leistung hängt vom natürlichen Angebot von Wind beziehungsweise Sonneneinstrahlung ab. Die Erzeugung lässt sich deshalb nicht unabhängig vom Wetter beliebig hochfahren.;Why are wind and solar power described as weather-dependent generation?;Their available output depends on the natural availability of wind and solar radiation. Their generation therefore cannot be increased freely regardless of weather conditions.;0
Was ist der grundlegende Energieumwandlungsweg einer Windenergieanlage?;Die Bewegungsenergie des Windes dreht den Rotor. Über den Triebstrang oder einen Direktantrieb treibt er einen Generator an, der mechanische in elektrische Energie umwandelt. Leistungselektronik passt den erzeugten Strom an das Netz an.;What is the basic energy-conversion chain in a wind turbine?;The kinetic energy of the wind turns the rotor. Through the drivetrain or a direct drive, it powers a generator that converts mechanical energy into electrical energy. Power electronics adapt the generated electricity to the grid.;0
Warum steigt die Leistung einer Windenergieanlage bei stärkerem Wind zunächst sehr stark an?;"Die im Wind enthaltene Leistung wächst näherungsweise mit der dritten Potenz der Windgeschwindigkeit. Verdoppelt sich die Windgeschwindigkeit, steckt theoretisch etwa die achtfache Leistung im Wind; die Anlage begrenzt ihre Leistung später auf die Nennleistung.";Why does the power available to a wind turbine initially increase so strongly as wind speed rises?;The power contained in the wind increases approximately with the cube of wind speed. Doubling the wind speed theoretically gives about eight times the available power, although the turbine later limits output to its rated power.;0
Was zeigt die Leistungskennlinie einer Windenergieanlage?;Sie zeigt, welche elektrische Leistung die Anlage bei welcher Windgeschwindigkeit typischerweise liefert: unterhalb der Einschaltgeschwindigkeit praktisch keine Leistung, danach steigende Leistung, ab Nennwind ungefähr Nennleistung und bei sehr starkem Wind Abschaltung zum Schutz.;What does a wind turbine's power curve show?;It shows the electrical power a turbine typically delivers at different wind speeds: almost no power below cut-in speed, rising output above that, roughly rated power from rated wind speed, and shutdown at very high wind speeds for protection.;0
Warum schaltet sich eine Windenergieanlage bei extrem starkem Wind ab?;Zu hohe Windgeschwindigkeiten können Rotor, Turm und Antrieb mechanisch überlasten. Deshalb wird die Anlage oberhalb einer Abschaltgeschwindigkeit kontrolliert aus dem Betrieb genommen.;Why does a wind turbine shut down in extremely strong winds?;Very high wind speeds can mechanically overload the rotor, tower and drivetrain. Above the cut-out wind speed, the turbine is therefore shut down in a controlled way for protection.;0
Was macht die Pitch-Regelung einer Windenergieanlage?;Sie verdreht die Rotorblätter um ihre Längsachse. Dadurch lässt sich die aufgenommene Windleistung steuern, die Nennleistung begrenzen und die Anlage bei starkem Wind entlasten oder abschalten.;What does pitch control do in a wind turbine?;It rotates the rotor blades around their longitudinal axes. This controls how much wind power is captured, limits output to rated power and can reduce loads or shut the turbine down in strong winds.;0
Was ist der wichtigste Unterschied zwischen Onshore- und Offshore-Windenergie?;Onshore-Anlagen stehen an Land und sind meist leichter zu bauen und zu warten. Offshore-Anlagen stehen auf See, wo der Wind häufig stärker und gleichmäßiger ist, dafür sind Fundamente, Netzanbindung, Bau und Wartung aufwendiger.;What is the main difference between onshore and offshore wind power?;Onshore turbines are located on land and are generally easier to build and maintain. Offshore turbines are at sea, where winds are often stronger and more consistent, but foundations, grid connection, construction and maintenance are more demanding.;0
Warum erreicht Offshore-Wind oft mehr Volllaststunden als Onshore-Wind?;Auf See sind Windgeschwindigkeiten im Mittel häufig höher und gleichmäßiger und Hindernisse geringer. Dadurch können Offshore-Anlagen über das Jahr häufiger mit hoher Leistung arbeiten.;Why does offshore wind often achieve more full-load hours than onshore wind?;At sea, wind speeds are often higher and more consistent and there are fewer obstacles. Offshore turbines can therefore operate at high output more frequently over the year.;0
Was ist der Unterschied zwischen Wirkungsgrad und Kapazitätsfaktor einer Wind- oder PV-Anlage?;Der Wirkungsgrad beschreibt, wie viel der eingehenden Energie technisch umgewandelt wird. Der Kapazitätsfaktor beschreibt, wie viel Energie die Anlage über einen Zeitraum tatsächlich erzeugt hat im Vergleich zu einem dauerhaften Betrieb mit Nennleistung.;What is the difference between efficiency and capacity factor for a wind or PV system?;Efficiency describes how much of the incoming energy is technically converted. Capacity factor describes how much energy the plant actually generated over a period compared with continuous operation at rated power.;0
Was ist der Wake-Effekt in einem Windpark?;Hinter einer Windenergieanlage ist der Wind langsamer und turbulenter. Stehen weitere Anlagen in diesem Nachlauf, können sie weniger Energie erzeugen und stärkeren Lastwechseln ausgesetzt sein.;What is the wake effect in a wind farm?;Behind a wind turbine, the wind is slower and more turbulent. Turbines located in this wake can generate less energy and experience stronger load fluctuations.;0
Welche Wetterdaten sind für Windstromprognosen besonders wichtig?;Vor allem Windgeschwindigkeit und Windrichtung in relevanter Höhe. Zusätzlich helfen Luftdruck, Temperatur, Stabilität der Atmosphäre und die erwartete Entwicklung von Wetterfronten.;Which weather data are particularly important for wind-power forecasts?;Especially wind speed and wind direction at relevant heights. Air pressure, temperature, atmospheric stability and the expected movement of weather fronts can also improve forecasts.;0
Warum können Windstromprognosen trotz guter Wettermodelle Fehler enthalten?;Kleine Fehler bei Windgeschwindigkeit, Windrichtung oder dem Zeitpunkt von Wetterfronten können sich auf viele Anlagen auswirken. Zusätzlich spielen Anlagenverfügbarkeit, Abregelungen und lokale Effekte eine Rolle.;Why can wind-power forecasts contain errors despite good weather models?;Small errors in wind speed, wind direction or the timing of weather fronts can affect many turbines. Plant availability, curtailment and local effects also play a role.;0
Wie erzeugt eine Photovoltaikzelle elektrische Energie?;Licht löst in einem Halbleiter Ladungsträger aus und trennt sie im elektrischen Feld der Solarzelle. Dadurch entsteht eine Gleichspannung und bei geschlossenem Stromkreis ein Gleichstrom.;How does a photovoltaic cell generate electrical energy?;Light releases charge carriers in a semiconductor and separates them in the solar cell's electric field. This creates a DC voltage and, when the circuit is closed, direct current.;0
Welche Kette durchläuft Strom von einem PV-Modul bis ins Wechselstromnetz?;Solarzellen bilden Module, mehrere Module werden zu Strings oder Feldern verschaltet. Sie erzeugen Gleichstrom, den ein Wechselrichter in netzkonformen Wechselstrom umwandelt und einspeist.;What path does electricity take from a PV module to the AC grid?;Solar cells form modules, and multiple modules are connected into strings or arrays. They generate DC electricity, which an inverter converts into grid-compliant AC and feeds into the grid.;0
Warum braucht eine netzgekoppelte PV-Anlage einen Wechselrichter?;PV-Module erzeugen Gleichstrom, das öffentliche Stromnetz arbeitet mit Wechselstrom. Der Wechselrichter wandelt DC in AC um und synchronisiert Spannung und Frequenz mit dem Netz.;Why does a grid-connected PV system need an inverter?;PV modules generate direct current while the public grid operates with alternating current. The inverter converts DC to AC and synchronizes voltage and frequency with the grid.;0
Welcher Wetterfaktor beeinflusst die momentane PV-Leistung am stärksten?;Die Sonneneinstrahlung auf die Module. Dichte Bewölkung reduziert die direkte Einstrahlung stark, während klare Bedingungen meist höhere Leistung ermöglichen.;Which weather factor has the strongest influence on instantaneous PV output?;The solar irradiance reaching the modules. Dense cloud cover strongly reduces direct irradiance, while clear conditions usually allow higher output.;0
Warum kann starke Hitze die elektrische Leistung von PV-Modulen etwas verringern?;Mit steigender Zelltemperatur sinkt die elektrische Spannung der Solarzellen. Deshalb kann ein sehr heißes Modul trotz starker Sonneneinstrahlung etwas weniger effizient arbeiten als ein kühleres.;Why can very high temperatures slightly reduce the electrical output of PV modules?;As cell temperature rises, the electrical voltage of solar cells decreases. A very hot module can therefore be slightly less efficient even under strong sunlight.;0
Warum sind schnell ziehende Wolken für PV-Prognosen anspruchsvoll?;Sie können die Einstrahlung innerhalb kurzer Zeit und regional unterschiedlich verändern. Kleine Fehler bei Position, Geschwindigkeit oder Auflösung der Wolken führen dann zu deutlichen Prognoseabweichungen.;Why are fast-moving clouds challenging for PV forecasting?;They can change solar irradiance quickly and differently from one area to another. Small errors in the position, speed or resolution of cloud forecasts can therefore cause significant forecast deviations.;0
Wie beeinflussen Ausrichtung und Neigung eines PV-Moduls seinen Erzeugungsverlauf?;Sie bestimmen, zu welchen Tageszeiten die Sonne besonders günstig auf das Modul trifft. Südausrichtung betont häufig die Mittagsstunden, Ost-West-Anlagen verteilen die Erzeugung stärker auf Morgen und Nachmittag.;How do the orientation and tilt of a PV module affect its generation profile?;They determine at which times of day sunlight strikes the module most favourably. South-facing systems often emphasize midday generation, while east-west systems spread generation more across morning and afternoon.;0
Warum kann Teilverschattung bei PV mehr bewirken als nur den verschatteten Flächenanteil?;"Module und Zellen sind elektrisch verschaltet. Eine schwache Zelle oder ein schwaches Modul kann deshalb den Strom eines ganzen Strangs begrenzen; Bypass-Dioden und geeignete Verschaltung reduzieren diesen Effekt.";Why can partial shading of a PV system have a larger effect than the shaded area alone would suggest?;"Modules and cells are electrically connected. A weak cell or module can therefore limit the current of an entire string; bypass diodes and suitable system design can reduce this effect.";0
Warum hat Photovoltaik in Deutschland typischerweise einen ausgeprägten Tagesgang?;Ohne Sonneneinstrahlung gibt es nachts praktisch keine PV-Erzeugung. Die Leistung steigt nach Sonnenaufgang, erreicht bei günstigen Bedingungen um die Tagesmitte hohe Werte und sinkt zum Abend wieder.;Why does photovoltaic generation in Germany typically have a pronounced daily pattern?;There is practically no PV generation at night without sunlight. Output rises after sunrise, reaches high values around midday under favourable conditions and falls again toward evening.;0
Was ist der Unterschied zwischen Dach-PV und großen Freiflächen-PV-Anlagen für das Stromsystem?;"Beide nutzen denselben photovoltaischen Effekt. Dachanlagen sind stark dezentral und oft verbrauchsnah; große Freiflächenanlagen bündeln deutlich mehr Leistung an einzelnen Netzanschlusspunkten und können dadurch höhere lokale Netzanforderungen erzeugen.";What is the difference between rooftop PV and large ground-mounted PV systems for the power system?;Both use the same photovoltaic effect. Rooftop systems are highly decentralized and often close to consumption, while large ground-mounted systems concentrate much more power at individual grid connection points and can create greater local grid requirements.;0
Warum werden genaue Wind- und PV-Prognosen mit wachsendem Anteil erneuerbarer Energien wichtiger?;Je größer ihre Leistung im System ist, desto stärker wirken Prognoseabweichungen auf Fahrpläne, Bilanzkreise, Intraday-Handel und den Bedarf an Ausgleichs- und Regelenergie.;Why do accurate wind and PV forecasts become more important as the share of renewable energy grows?;The larger their contribution to the power system, the more forecast errors affect schedules, balancing groups, intraday trading and the need for imbalance settlement and balancing energy.;0
Was ist elektrischer Strom?;Elektrischer Strom ist die gerichtete Bewegung elektrischer Ladungen. Er kann fließen, wenn eine Spannung vorhanden und der Stromkreis geschlossen ist.;What is electric current?;Electric current is the directed movement of electric charge. It can flow when a voltage is present and the circuit is closed.;0
Was ist die elektrische Stromstärke?;Die Stromstärke gibt an, wie viel elektrische Ladung pro Zeit durch einen Leiter fließt.;What is electric current strength?;Electric current indicates how much electric charge flows through a conductor per unit of time.;0
Was ist elektrische Spannung?;Elektrische Spannung ist der Unterschied im elektrischen Potential zwischen zwei Punkten, der Strom fließen lassen kann.;What is electrical voltage?;Electrical voltage is the difference in electric potential between two points that can cause current to flow.;0
In welcher Einheit wird der elektrische Widerstand gemessen?;Der elektrische Widerstand R wird in Ohm (Ω) gemessen. 1 Ω entspricht 1 V/A.;In which unit is electrical resistance measured?;Electrical resistance R is measured in ohms (Ω). 1 Ω equals 1 V/A.;0
Was besagt das Ohmsche Gesetz?;Das Ohmsche Gesetz beschreibt den Zusammenhang zwischen Spannung U, Stromstärke I und Widerstand R: U = R × I. Umgestellt gilt I = U / R und R = U / I.;What does Ohm's law state?;Ohm's law describes the relationship between voltage U, current I and resistance R: U = R × I. Rearranged, I = U / R and R = U / I.;0
Was passiert mit der Stromstärke, wenn bei gleichem Widerstand die Spannung steigt?;Die Stromstärke steigt proportional mit der Spannung. Nach dem Ohmschen Gesetz gilt I = U / R. Verdoppelt sich U bei konstantem R, verdoppelt sich auch I.;What happens to current when voltage increases while resistance stays the same?;The current increases in direct proportion to the voltage. According to Ohm's law, I = U / R. If U doubles while R stays constant, I also doubles.;0
Wie kann Gleichspannung trotzdem auf eine andere Spannungsebene gebracht werden?;Mit Leistungselektronik, zum Beispiel einem DC/DC-Wandler. Dabei wird die Gleichspannung elektronisch geschaltet bzw. in eine veränderliche Spannung umgewandelt, angepasst und anschließend wieder als Gleichspannung ausgegeben.;How can a DC voltage still be converted to another voltage level?;Using power electronics, for example a DC/DC converter. The DC voltage is electronically switched into a varying form, adjusted and then converted back to the required DC voltage.;0
Was ist Blindleistung?;Blindleistung entsteht im Wechselstromnetz, wenn Energie zum Aufbau und Abbau elektrischer oder magnetischer Felder zwischen Netz und Betriebsmitteln hin- und herfließt.;What is reactive power?;Reactive power arises in an AC grid when energy moves back and forth between the grid and equipment as electric or magnetic fields are built up and collapsed.;0
Was ist der Skin-Effekt?;Beim Skin-Effekt fließt Wechselstrom stärker am Rand eines Leiters als in seiner Mitte. Dadurch steigt der wirksame Widerstand des Leiters.;What is the skin effect?;With the skin effect, alternating current flows more strongly near the surface of a conductor than in its centre. This increases the conductor's effective resistance.;0
Was ist ein Transformator?;Ein Transformator verändert die Spannung von Wechselstrom mithilfe eines sich ändernden Magnetfeldes.;What is a transformer?;A transformer changes the voltage of alternating current using a changing magnetic field.;0
