source_card_number;variant;variant_key;category;front;back;front_de;back_de;front_en;back_en;is_bidirectional;rule_key
1;1;G001-V1;English Grammar – Countable & Uncountable;How ___ electricity does the household use? (much / many);much — „electricity“ ist uncountable.;How ___ electricity does the household use? (much / many);much — „electricity“ ist uncountable.;How ___ electricity does the household use? (much / many);much — “electricity” is uncountable.;0;much_unc
1;2;G001-V2;English Grammar – Countable & Uncountable;How ___ energy does the battery store? (much / many);much — bei uncountable nouns.;How ___ energy does the battery store? (much / many);much — bei uncountable nouns.;How ___ energy does the battery store? (much / many);much — use it with uncountable nouns.;0;much_unc
1;3;G001-V3;English Grammar – Countable & Uncountable;How ___ power does the factory require? (much / many);much — bei uncountable nouns.;How ___ power does the factory require? (much / many);much — bei uncountable nouns.;How ___ power does the factory require? (much / many);much — use it with uncountable nouns.;0;much_unc
1;4;G001-V4;English Grammar – Countable & Uncountable;How ___ information is available about the outage? (much / many);much — bei uncountable nouns.;How ___ information is available about the outage? (much / many);much — bei uncountable nouns.;How ___ information is available about the outage? (much / many);much — use it with uncountable nouns.;0;much_unc
1;5;G001-V5;English Grammar – Countable & Uncountable;How ___ renewable electricity did the region produce? (much / many);much — bei uncountable nouns.;How ___ renewable electricity did the region produce? (much / many);much — bei uncountable nouns.;How ___ renewable electricity did the region produce? (much / many);much — use it with uncountable nouns.;0;much_unc
2;1;G002-V1;English Grammar – Countable & Uncountable;How ___ wind turbines are operating today? (much / many);many — „wind turbines“ ist countable.;How ___ wind turbines are operating today? (much / many);many — „wind turbines“ ist countable.;How ___ wind turbines are operating today? (much / many);many — “wind turbines” is countable.;0;many_count
2;2;G002-V2;English Grammar – Countable & Uncountable;How ___ batteries are connected to the system? (much / many);many — bei countable plural nouns.;How ___ batteries are connected to the system? (much / many);many — bei countable plural nouns.;How ___ batteries are connected to the system? (much / many);many — use it with countable plural nouns.;0;many_count
2;3;G002-V3;English Grammar – Countable & Uncountable;How ___ substations does the operator manage? (much / many);many — bei countable plural nouns.;How ___ substations does the operator manage? (much / many);many — bei countable plural nouns.;How ___ substations does the operator manage? (much / many);many — use it with countable plural nouns.;0;many_count
2;4;G002-V4;English Grammar – Countable & Uncountable;How ___ households have rooftop solar panels? (much / many);many — bei countable plural nouns.;How ___ households have rooftop solar panels? (much / many);many — bei countable plural nouns.;How ___ households have rooftop solar panels? (much / many);many — use it with countable plural nouns.;0;many_count
2;5;G002-V5;English Grammar – Countable & Uncountable;How ___ faults were detected yesterday? (much / many);many — bei countable plural nouns.;How ___ faults were detected yesterday? (much / many);many — bei countable plural nouns.;How ___ faults were detected yesterday? (much / many);many — use it with countable plural nouns.;0;many_count
3;1;G003-V1;English Grammar – Countable & Uncountable;We need more ___. (information / informations);information — „information“ hat normalerweise keinen Plural.;We need more ___. (information / informations);information — „information“ hat normalerweise keinen Plural.;We need more ___. (information / informations);information — “information” is normally uncountable.;0;information_unc
3;2;G003-V2;English Grammar – Countable & Uncountable;The grid operator published new ___. (information / informations);"information — uncountable; normalerweise kein Plural „informations“.";The grid operator published new ___. (information / informations);"information — uncountable; normalerweise kein Plural „informations“.";The grid operator published new ___. (information / informations);"information — uncountable; normally no plural “informations”.";0;information_unc
3;3;G003-V3;English Grammar – Countable & Uncountable;We still need more ___. (information / informations);"information — uncountable; normalerweise kein Plural „informations“.";We still need more ___. (information / informations);"information — uncountable; normalerweise kein Plural „informations“.";We still need more ___. (information / informations);"information — uncountable; normally no plural “informations”.";0;information_unc
3;4;G003-V4;English Grammar – Countable & Uncountable;The report provides useful ___. (information / informations);"information — uncountable; normalerweise kein Plural „informations“.";The report provides useful ___. (information / informations);"information — uncountable; normalerweise kein Plural „informations“.";The report provides useful ___. (information / informations);"information — uncountable; normally no plural “informations”.";0;information_unc
3;5;G003-V5;English Grammar – Countable & Uncountable;No further ___ was available. (information / informations);"information — uncountable; normalerweise kein Plural „informations“.";No further ___ was available. (information / informations);"information — uncountable; normalerweise kein Plural „informations“.";No further ___ was available. (information / informations);"information — uncountable; normally no plural “informations”.";0;information_unc
4;1;G004-V1;English Grammar – Countable & Uncountable;There is very ___ wind today. (few / little);little — „wind“ ist uncountable.;There is very ___ wind today. (few / little);little — „wind“ ist uncountable.;There is very ___ wind today. (few / little);little — “wind” is uncountable.;0;little_unc
4;2;G004-V2;English Grammar – Countable & Uncountable;There is very ___ solar generation at night. (few / little);"little — bei uncountable nouns; bedeutet „wenig“.";There is very ___ solar generation at night. (few / little);"little — bei uncountable nouns; bedeutet „wenig“.";There is very ___ solar generation at night. (few / little);"little — use it with uncountable nouns; it means “not much”.";0;little_unc
4;3;G004-V3;English Grammar – Countable & Uncountable;The battery has very ___ energy left. (few / little);"little — bei uncountable nouns; bedeutet „wenig“.";The battery has very ___ energy left. (few / little);"little — bei uncountable nouns; bedeutet „wenig“.";The battery has very ___ energy left. (few / little);"little — use it with uncountable nouns; it means “not much”.";0;little_unc
4;4;G004-V4;English Grammar – Countable & Uncountable;There was very ___ spare capacity on the grid. (few / little);"little — bei uncountable nouns; bedeutet „wenig“.";There was very ___ spare capacity on the grid. (few / little);"little — bei uncountable nouns; bedeutet „wenig“.";There was very ___ spare capacity on the grid. (few / little);"little — use it with uncountable nouns; it means “not much”.";0;little_unc
4;5;G004-V5;English Grammar – Countable & Uncountable;We have very ___ time before the evening peak. (few / little);"little — bei uncountable nouns; bedeutet „wenig“.";We have very ___ time before the evening peak. (few / little);"little — bei uncountable nouns; bedeutet „wenig“.";We have very ___ time before the evening peak. (few / little);"little — use it with uncountable nouns; it means “not much”.";0;little_unc
5;1;G005-V1;English Grammar – Countable & Uncountable;There are very ___ suitable sites for new turbines. (few / little);few — „sites“ ist countable.;There are very ___ suitable sites for new turbines. (few / little);few — „sites“ ist countable.;There are very ___ suitable sites for new turbines. (few / little);few — “sites” is countable.;0;few_count
5;2;G005-V2;English Grammar – Countable & Uncountable;There are very ___ battery projects in the region. (few / little);"few — bei countable plural nouns; bedeutet „wenige“.";There are very ___ battery projects in the region. (few / little);"few — bei countable plural nouns; bedeutet „wenige“.";There are very ___ battery projects in the region. (few / little);"few — use it with countable plural nouns; it means “not many”.";0;few_count
5;3;G005-V3;English Grammar – Countable & Uncountable;Only very ___ substations need repairs. (few / little);"few — bei countable plural nouns; bedeutet „wenige“.";Only very ___ substations need repairs. (few / little);"few — bei countable plural nouns; bedeutet „wenige“.";Only very ___ substations need repairs. (few / little);"few — use it with countable plural nouns; it means “not many”.";0;few_count
5;4;G005-V4;English Grammar – Countable & Uncountable;There were ___ suitable locations near the coast. (few / little);"few — bei countable plural nouns; bedeutet „wenige“.";There were ___ suitable locations near the coast. (few / little);"few — bei countable plural nouns; bedeutet „wenige“.";There were ___ suitable locations near the coast. (few / little);"few — use it with countable plural nouns; it means “not many”.";0;few_count
5;5;G005-V5;English Grammar – Countable & Uncountable;Very ___ households were disconnected. (few / little);"few — bei countable plural nouns; bedeutet „wenige“.";Very ___ households were disconnected. (few / little);"few — bei countable plural nouns; bedeutet „wenige“.";Very ___ households were disconnected. (few / little);"few — use it with countable plural nouns; it means “not many”.";0;few_count
6;1;G006-V1;English Grammar – Countable & Uncountable;The new system uses ___ electricity. (fewer / less);less — bei uncountable nouns.;The new system uses ___ electricity. (fewer / less);less — bei uncountable nouns.;The new system uses ___ electricity. (fewer / less);less — use it with uncountable nouns.;0;less_unc
6;2;G006-V2;English Grammar – Countable & Uncountable;The upgraded plant uses ___ gas. (fewer / less);less — bei uncountable nouns.;The upgraded plant uses ___ gas. (fewer / less);less — bei uncountable nouns.;The upgraded plant uses ___ gas. (fewer / less);less — use it with uncountable nouns.;0;less_unc
6;3;G006-V3;English Grammar – Countable & Uncountable;The new heat pump consumes ___ electricity. (fewer / less);less — bei uncountable nouns.;The new heat pump consumes ___ electricity. (fewer / less);less — bei uncountable nouns.;The new heat pump consumes ___ electricity. (fewer / less);less — use it with uncountable nouns.;0;less_unc
6;4;G006-V4;English Grammar – Countable & Uncountable;With better insulation, the building needs ___ energy. (fewer / less);less — bei uncountable nouns.;With better insulation, the building needs ___ energy. (fewer / less);less — bei uncountable nouns.;With better insulation, the building needs ___ energy. (fewer / less);less — use it with uncountable nouns.;0;less_unc
6;5;G006-V5;English Grammar – Countable & Uncountable;The new process produces ___ waste heat. (fewer / less);less — bei uncountable nouns.;The new process produces ___ waste heat. (fewer / less);less — bei uncountable nouns.;The new process produces ___ waste heat. (fewer / less);less — use it with uncountable nouns.;0;less_unc
7;1;G007-V1;English Grammar – Countable & Uncountable;The new system causes ___ outages. (fewer / less);fewer — bei countable plural nouns.;The new system causes ___ outages. (fewer / less);fewer — bei countable plural nouns.;The new system causes ___ outages. (fewer / less);fewer — use it with countable plural nouns.;0;fewer_count
7;2;G007-V2;English Grammar – Countable & Uncountable;The new system causes ___ faults. (fewer / less);fewer — bei countable plural nouns.;The new system causes ___ faults. (fewer / less);fewer — bei countable plural nouns.;The new system causes ___ faults. (fewer / less);fewer — use it with countable plural nouns.;0;fewer_count
7;3;G007-V3;English Grammar – Countable & Uncountable;Smart controls lead to ___ outages. (fewer / less);fewer — bei countable plural nouns.;Smart controls lead to ___ outages. (fewer / less);fewer — bei countable plural nouns.;Smart controls lead to ___ outages. (fewer / less);fewer — use it with countable plural nouns.;0;fewer_count
7;4;G007-V4;English Grammar – Countable & Uncountable;The project now requires ___ diesel generators. (fewer / less);fewer — bei countable plural nouns.;The project now requires ___ diesel generators. (fewer / less);fewer — bei countable plural nouns.;The project now requires ___ diesel generators. (fewer / less);fewer — use it with countable plural nouns.;0;fewer_count
7;5;G007-V5;English Grammar – Countable & Uncountable;Better forecasts result in ___ emergency interventions. (fewer / less);fewer — bei countable plural nouns.;Better forecasts result in ___ emergency interventions. (fewer / less);fewer — bei countable plural nouns.;Better forecasts result in ___ emergency interventions. (fewer / less);fewer — use it with countable plural nouns.;0;fewer_count
8;1;G008-V1;English Grammar – Countable & Uncountable;We don't have ___ time to finish the grid analysis. (much / many);much — „time“ ist hier uncountable.;We don't have ___ time to finish the grid analysis. (much / many);much — „time“ ist hier uncountable.;We don't have ___ time to finish the grid analysis. (much / many);much — “time” is uncountable here.;0;much_unc
8;2;G008-V2;English Grammar – Countable & Uncountable;How ___ operational information is available from the monitoring system? (much / many);much — bei uncountable nouns.;How ___ operational information is available from the monitoring system? (much / many);much — bei uncountable nouns.;How ___ operational information is available from the monitoring system? (much / many);much — use it with uncountable nouns.;0;much_unc
8;3;G008-V3;English Grammar – Countable & Uncountable;How ___ renewable electricity did the wind farm generate yesterday? (much / many);much — bei uncountable nouns.;How ___ renewable electricity did the wind farm generate yesterday? (much / many);much — bei uncountable nouns.;How ___ renewable electricity did the wind farm generate yesterday? (much / many);much — use it with uncountable nouns.;0;much_unc
8;4;G008-V4;English Grammar – Countable & Uncountable;How ___ demand is expected this evening? (much / many);much — bei uncountable nouns.;How ___ demand is expected this evening? (much / many);much — bei uncountable nouns.;How ___ demand is expected this evening? (much / many);much — use it with uncountable nouns.;0;much_unc
8;5;G008-V5;English Grammar – Countable & Uncountable;How ___ storage capacity is still available? (much / many);much — bei uncountable nouns.;How ___ storage capacity is still available? (much / many);much — bei uncountable nouns.;How ___ storage capacity is still available? (much / many);much — use it with uncountable nouns.;0;much_unc
9;1;G009-V1;English Grammar – Countable & Uncountable;The operator received useful ___. (advice / advices);advice — „advice“ ist uncountable.;The operator received useful ___. (advice / advices);advice — „advice“ ist uncountable.;The operator received useful ___. (advice / advices);advice — “advice” is uncountable.;0;advice_unc
9;2;G009-V2;English Grammar – Countable & Uncountable;The consultant gave us useful ___. (advice / advices);"advice — uncountable; nicht „advices“.";The consultant gave us useful ___. (advice / advices);"advice — uncountable; nicht „advices“.";The consultant gave us useful ___. (advice / advices);"advice — uncountable; not “advices”.";0;advice_unc
9;3;G009-V3;English Grammar – Countable & Uncountable;We asked an engineer for ___. (advice / advices);"advice — uncountable; nicht „advices“.";We asked an engineer for ___. (advice / advices);"advice — uncountable; nicht „advices“.";We asked an engineer for ___. (advice / advices);"advice — uncountable; not “advices”.";0;advice_unc
9;4;G009-V4;English Grammar – Countable & Uncountable;Her ___ helped us improve the system. (advice / advices);"advice — uncountable; nicht „advices“.";Her ___ helped us improve the system. (advice / advices);"advice — uncountable; nicht „advices“.";Her ___ helped us improve the system. (advice / advices);"advice — uncountable; not “advices”.";0;advice_unc
9;5;G009-V5;English Grammar – Countable & Uncountable;The team received expert ___. (advice / advices);"advice — uncountable; nicht „advices“.";The team received expert ___. (advice / advices);"advice — uncountable; nicht „advices“.";The team received expert ___. (advice / advices);"advice — uncountable; not “advices”.";0;advice_unc
10;1;G010-V1;English Grammar – Countable & Uncountable;The engineers bought new ___. (equipment / equipments);equipment — „equipment“ ist uncountable.;The engineers bought new ___. (equipment / equipments);equipment — „equipment“ ist uncountable.;The engineers bought new ___. (equipment / equipments);equipment — “equipment” is uncountable.;0;equipment_unc
10;2;G010-V2;English Grammar – Countable & Uncountable;The technicians need new ___. (equipment / equipments);"equipment — uncountable; nicht „equipments“.";The technicians need new ___. (equipment / equipments);"equipment — uncountable; nicht „equipments“.";The technicians need new ___. (equipment / equipments);"equipment — uncountable; not “equipments”.";0;equipment_unc
10;3;G010-V3;English Grammar – Countable & Uncountable;Safety ___ is stored near the substation. (equipment / equipments);"equipment — uncountable; nicht „equipments“.";Safety ___ is stored near the substation. (equipment / equipments);"equipment — uncountable; nicht „equipments“.";Safety ___ is stored near the substation. (equipment / equipments);"equipment — uncountable; not “equipments”.";0;equipment_unc
10;4;G010-V4;English Grammar – Countable & Uncountable;The company purchased modern testing ___. (equipment / equipments);"equipment — uncountable; nicht „equipments“.";The company purchased modern testing ___. (equipment / equipments);"equipment — uncountable; nicht „equipments“.";The company purchased modern testing ___. (equipment / equipments);"equipment — uncountable; not “equipments”.";0;equipment_unc
10;5;G010-V5;English Grammar – Countable & Uncountable;All ___ must be checked before use. (equipment / equipments);"equipment — uncountable; nicht „equipments“.";All ___ must be checked before use. (equipment / equipments);"equipment — uncountable; nicht „equipments“.";All ___ must be checked before use. (equipment / equipments);"equipment — uncountable; not “equipments”.";0;equipment_unc
11;1;G011-V1;English Grammar – Countable & Uncountable;There are ___ transmission lines in this region. (many / much);many — „lines“ ist countable.;There are ___ transmission lines in this region. (many / much);many — „lines“ ist countable.;There are ___ transmission lines in this region. (many / much);many — “lines” is countable.;0;many_count
11;2;G011-V2;English Grammar – Countable & Uncountable;How ___ homes are connected to the local grid? (much / many);many — bei countable plural nouns.;How ___ homes are connected to the local grid? (much / many);many — bei countable plural nouns.;How ___ homes are connected to the local grid? (much / many);many — use it with countable plural nouns.;0;many_count
11;3;G011-V3;English Grammar – Countable & Uncountable;How ___ transformer faults occurred this month? (much / many);many — bei countable plural nouns.;How ___ transformer faults occurred this month? (much / many);many — bei countable plural nouns.;How ___ transformer faults occurred this month? (much / many);many — use it with countable plural nouns.;0;many_count
11;4;G011-V4;English Grammar – Countable & Uncountable;There are ___ offshore turbines in this area. (many / much);many — bei countable plural nouns.;There are ___ offshore turbines in this area. (many / much);many — bei countable plural nouns.;There are ___ offshore turbines in this area. (many / much);many — use it with countable plural nouns.;0;many_count
11;5;G011-V5;English Grammar – Countable & Uncountable;How ___ grid connections are planned? (much / many);many — bei countable plural nouns.;How ___ grid connections are planned? (much / many);many — bei countable plural nouns.;How ___ grid connections are planned? (much / many);many — use it with countable plural nouns.;0;many_count
12;1;G012-V1;English Grammar – Countable & Uncountable;The battery stores a large ___ of energy. (amount / number);amount — bei uncountable nouns wie „energy“.;The battery stores a large ___ of energy. (amount / number);amount — bei uncountable nouns wie „energy“.;The battery stores a large ___ of energy. (amount / number);amount — use it with uncountable nouns such as “energy”.;0;amount_unc
12;2;G012-V2;English Grammar – Countable & Uncountable;The plant produces a large ___ of electricity. (amount / number);amount — bei uncountable nouns.;The plant produces a large ___ of electricity. (amount / number);amount — bei uncountable nouns.;The plant produces a large ___ of electricity. (amount / number);amount — use it with uncountable nouns.;0;amount_unc
12;3;G012-V3;English Grammar – Countable & Uncountable;A small ___ of energy is lost during conversion. (amount / number);amount — bei uncountable nouns.;A small ___ of energy is lost during conversion. (amount / number);amount — bei uncountable nouns.;A small ___ of energy is lost during conversion. (amount / number);amount — use it with uncountable nouns.;0;amount_unc
12;4;G012-V4;English Grammar – Countable & Uncountable;The battery can store a significant ___ of energy. (amount / number);amount — bei uncountable nouns.;The battery can store a significant ___ of energy. (amount / number);amount — bei uncountable nouns.;The battery can store a significant ___ of energy. (amount / number);amount — use it with uncountable nouns.;0;amount_unc
12;5;G012-V5;English Grammar – Countable & Uncountable;A large ___ of heat is recovered from the process. (amount / number);amount — bei uncountable nouns.;A large ___ of heat is recovered from the process. (amount / number);amount — bei uncountable nouns.;A large ___ of heat is recovered from the process. (amount / number);amount — use it with uncountable nouns.;0;amount_unc
13;1;G013-V1;English Grammar – Countable & Uncountable;A large ___ of households have solar panels. (amount / number);number — bei countable plural nouns.;A large ___ of households have solar panels. (amount / number);number — bei countable plural nouns.;A large ___ of households have solar panels. (amount / number);number — use it with countable plural nouns.;0;number_count
13;2;G013-V2;English Grammar – Countable & Uncountable;A large ___ of turbines were installed last year. (amount / number);number — bei countable plural nouns.;A large ___ of turbines were installed last year. (amount / number);number — bei countable plural nouns.;A large ___ of turbines were installed last year. (amount / number);number — use it with countable plural nouns.;0;number_count
13;3;G013-V3;English Grammar – Countable & Uncountable;A growing ___ of households use heat pumps. (amount / number);number — bei countable plural nouns.;A growing ___ of households use heat pumps. (amount / number);number — bei countable plural nouns.;A growing ___ of households use heat pumps. (amount / number);number — use it with countable plural nouns.;0;number_count
13;4;G013-V4;English Grammar – Countable & Uncountable;A small ___ of substations still need upgrades. (amount / number);number — bei countable plural nouns.;A small ___ of substations still need upgrades. (amount / number);number — bei countable plural nouns.;A small ___ of substations still need upgrades. (amount / number);number — use it with countable plural nouns.;0;number_count
13;5;G013-V5;English Grammar – Countable & Uncountable;The ___ of battery projects is increasing. (amount / number);number — bei countable plural nouns.;The ___ of battery projects is increasing. (amount / number);number — bei countable plural nouns.;The ___ of battery projects is increasing. (amount / number);number — use it with countable plural nouns.;0;number_count
14;1;G014-V1;English Grammar – Countable & Uncountable;Only ___ electricity was produced at night. (a few / a little);a little — etwas von einer unzählbaren Menge.;Only ___ electricity was produced at night. (a few / a little);a little — etwas von einer unzählbaren Menge.;Only ___ electricity was produced at night. (a few / a little);a little — a small amount of an uncountable noun.;0;a_little
14;2;G014-V2;English Grammar – Countable & Uncountable;There is ___ energy left in the battery. (a few / a little);a little — eine kleine Menge eines uncountable noun.;There is ___ energy left in the battery. (a few / a little);a little — eine kleine Menge eines uncountable noun.;There is ___ energy left in the battery. (a few / a little);a little — a small amount of an uncountable noun.;0;a_little
14;3;G014-V3;English Grammar – Countable & Uncountable;We still have ___ time before the meeting. (a few / a little);a little — eine kleine Menge eines uncountable noun.;We still have ___ time before the meeting. (a few / a little);a little — eine kleine Menge eines uncountable noun.;We still have ___ time before the meeting. (a few / a little);a little — a small amount of an uncountable noun.;0;a_little
14;4;G014-V4;English Grammar – Countable & Uncountable;The system needs ___ additional power. (a few / a little);a little — eine kleine Menge eines uncountable noun.;The system needs ___ additional power. (a few / a little);a little — eine kleine Menge eines uncountable noun.;The system needs ___ additional power. (a few / a little);a little — a small amount of an uncountable noun.;0;a_little
14;5;G014-V5;English Grammar – Countable & Uncountable;Only ___ wind was available this morning. (a few / a little);a little — eine kleine Menge eines uncountable noun.;Only ___ wind was available this morning. (a few / a little);a little — eine kleine Menge eines uncountable noun.;Only ___ wind was available this morning. (a few / a little);a little — a small amount of an uncountable noun.;0;a_little
15;1;G015-V1;English Grammar – Countable & Uncountable;Only ___ turbines were offline. (a few / a little);a few — einige wenige zählbare Dinge.;Only ___ turbines were offline. (a few / a little);a few — einige wenige zählbare Dinge.;Only ___ turbines were offline. (a few / a little);a few — a small number of countable things.;0;a_few
15;2;G015-V2;English Grammar – Countable & Uncountable;Only ___ turbines were affected. (a few / a little);a few — einige wenige countable plural nouns.;Only ___ turbines were affected. (a few / a little);a few — einige wenige countable plural nouns.;Only ___ turbines were affected. (a few / a little);a few — a small number of countable plural nouns.;0;a_few
15;3;G015-V3;English Grammar – Countable & Uncountable;We found ___ suitable sites. (a few / a little);a few — einige wenige countable plural nouns.;We found ___ suitable sites. (a few / a little);a few — einige wenige countable plural nouns.;We found ___ suitable sites. (a few / a little);a few — a small number of countable plural nouns.;0;a_few
15;4;G015-V4;English Grammar – Countable & Uncountable;The operator reported ___ minor faults. (a few / a little);a few — einige wenige countable plural nouns.;The operator reported ___ minor faults. (a few / a little);a few — einige wenige countable plural nouns.;The operator reported ___ minor faults. (a few / a little);a few — a small number of countable plural nouns.;0;a_few
15;5;G015-V5;English Grammar – Countable & Uncountable;There are ___ batteries available for testing. (a few / a little);a few — einige wenige countable plural nouns.;There are ___ batteries available for testing. (a few / a little);a few — einige wenige countable plural nouns.;There are ___ batteries available for testing. (a few / a little);a few — a small number of countable plural nouns.;0;a_few
16;1;G016-V1;English Grammar – Countable & Uncountable;The report contains three important ___. (pieces of information / informations);pieces of information — so zählt man „information“.;The report contains three important ___. (pieces of information / informations);pieces of information — so zählt man „information“.;The report contains three important ___. (pieces of information / informations);pieces of information — this is how “information” is counted.;0;pieces_information
16;2;G016-V2;English Grammar – Countable & Uncountable;The engineer gave us two useful ___. (pieces of information / informations);pieces of information — so kann „information“ gezählt werden.;The engineer gave us two useful ___. (pieces of information / informations);pieces of information — so kann „information“ gezählt werden.;The engineer gave us two useful ___. (pieces of information / informations);pieces of information — this is how “information” can be counted.;0;pieces_information
16;3;G016-V3;English Grammar – Countable & Uncountable;The dashboard shows several important ___. (pieces of information / informations);pieces of information — so kann „information“ gezählt werden.;The dashboard shows several important ___. (pieces of information / informations);pieces of information — so kann „information“ gezählt werden.;The dashboard shows several important ___. (pieces of information / informations);pieces of information — this is how “information” can be counted.;0;pieces_information
16;4;G016-V4;English Grammar – Countable & Uncountable;We received four new ___. (pieces of information / informations);pieces of information — so kann „information“ gezählt werden.;We received four new ___. (pieces of information / informations);pieces of information — so kann „information“ gezählt werden.;We received four new ___. (pieces of information / informations);pieces of information — this is how “information” can be counted.;0;pieces_information
16;5;G016-V5;English Grammar – Countable & Uncountable;The report contains five key ___. (pieces of information / informations);pieces of information — so kann „information“ gezählt werden.;The report contains five key ___. (pieces of information / informations);pieces of information — so kann „information“ gezählt werden.;The report contains five key ___. (pieces of information / informations);pieces of information — this is how “information” can be counted.;0;pieces_information
17;1;G017-V1;English Grammar – Countable & Uncountable;Solar panels require little ___. (maintenance / maintenances);maintenance — normalerweise uncountable.;Solar panels require little ___. (maintenance / maintenances);maintenance — normalerweise uncountable.;Solar panels require little ___. (maintenance / maintenances);maintenance — normally uncountable.;0;maintenance_unc
17;2;G017-V2;English Grammar – Countable & Uncountable;Wind turbines require regular ___. (maintenance / maintenances);maintenance — normalerweise uncountable.;Wind turbines require regular ___. (maintenance / maintenances);maintenance — normalerweise uncountable.;Wind turbines require regular ___. (maintenance / maintenances);maintenance — normally uncountable.;0;maintenance_unc
17;3;G017-V3;English Grammar – Countable & Uncountable;The battery system needs little ___. (maintenance / maintenances);maintenance — normalerweise uncountable.;The battery system needs little ___. (maintenance / maintenances);maintenance — normalerweise uncountable.;The battery system needs little ___. (maintenance / maintenances);maintenance — normally uncountable.;0;maintenance_unc
17;4;G017-V4;English Grammar – Countable & Uncountable;Preventive ___ can reduce failures. (maintenance / maintenances);maintenance — normalerweise uncountable.;Preventive ___ can reduce failures. (maintenance / maintenances);maintenance — normalerweise uncountable.;Preventive ___ can reduce failures. (maintenance / maintenances);maintenance — normally uncountable.;0;maintenance_unc
17;5;G017-V5;English Grammar – Countable & Uncountable;The company schedules ___ every year. (maintenance / maintenances);maintenance — normalerweise uncountable.;The company schedules ___ every year. (maintenance / maintenances);maintenance — normalerweise uncountable.;The company schedules ___ every year. (maintenance / maintenances);maintenance — normally uncountable.;0;maintenance_unc
18;1;G018-V1;English Grammar – Countable & Uncountable;The project created many new ___. (jobs / work);jobs — einzelne Arbeitsstellen sind countable.;The project created many new ___. (jobs / work);jobs — einzelne Arbeitsstellen sind countable.;The project created many new ___. (jobs / work);jobs — individual jobs are countable.;0;jobs_count
18;2;G018-V2;English Grammar – Countable & Uncountable;The wind project created hundreds of new ___. (jobs / work);jobs — einzelne Arbeitsstellen sind countable.;The wind project created hundreds of new ___. (jobs / work);jobs — einzelne Arbeitsstellen sind countable.;The wind project created hundreds of new ___. (jobs / work);jobs — individual positions are countable.;0;jobs_count
18;3;G018-V3;English Grammar – Countable & Uncountable;The energy transition can create skilled ___. (jobs / work);jobs — einzelne Arbeitsstellen sind countable.;The energy transition can create skilled ___. (jobs / work);jobs — einzelne Arbeitsstellen sind countable.;The energy transition can create skilled ___. (jobs / work);jobs — individual positions are countable.;0;jobs_count
18;4;G018-V4;English Grammar – Countable & Uncountable;Several engineering ___ are available. (jobs / work);jobs — einzelne Arbeitsstellen sind countable.;Several engineering ___ are available. (jobs / work);jobs — einzelne Arbeitsstellen sind countable.;Several engineering ___ are available. (jobs / work);jobs — individual positions are countable.;0;jobs_count
18;5;G018-V5;English Grammar – Countable & Uncountable;The company advertised twenty new ___. (jobs / work);jobs — einzelne Arbeitsstellen sind countable.;The company advertised twenty new ___. (jobs / work);jobs — einzelne Arbeitsstellen sind countable.;The company advertised twenty new ___. (jobs / work);jobs — individual positions are countable.;0;jobs_count
19;1;G019-V1;English Grammar – Countable & Uncountable;The grid upgrade requires a lot of ___. (work / works);work — „Arbeit“ ist hier uncountable.;The grid upgrade requires a lot of ___. (work / works);work — „Arbeit“ ist hier uncountable.;The grid upgrade requires a lot of ___. (work / works);work — “work” is uncountable here.;0;work_unc
19;2;G019-V2;English Grammar – Countable & Uncountable;The cable project requires a lot of ___. (work / works);work — im Sinn von „Arbeit“ meist uncountable.;The cable project requires a lot of ___. (work / works);work — im Sinn von „Arbeit“ meist uncountable.;The cable project requires a lot of ___. (work / works);work — meaning “labour/work” is usually uncountable.;0;work_unc
19;3;G019-V3;English Grammar – Countable & Uncountable;There is still plenty of ___ to do. (work / works);work — im Sinn von „Arbeit“ meist uncountable.;There is still plenty of ___ to do. (work / works);work — im Sinn von „Arbeit“ meist uncountable.;There is still plenty of ___ to do. (work / works);work — meaning “labour/work” is usually uncountable.;0;work_unc
19;4;G019-V4;English Grammar – Countable & Uncountable;Grid planning involves detailed ___. (work / works);work — im Sinn von „Arbeit“ meist uncountable.;Grid planning involves detailed ___. (work / works);work — im Sinn von „Arbeit“ meist uncountable.;Grid planning involves detailed ___. (work / works);work — meaning “labour/work” is usually uncountable.;0;work_unc
19;5;G019-V5;English Grammar – Countable & Uncountable;The repair team finished most of the ___ yesterday. (work / works);work — im Sinn von „Arbeit“ meist uncountable.;The repair team finished most of the ___ yesterday. (work / works);work — im Sinn von „Arbeit“ meist uncountable.;The repair team finished most of the ___ yesterday. (work / works);work — meaning “labour/work” is usually uncountable.;0;work_unc
20;1;G020-V1;English Grammar – Countable & Uncountable;There was too ___ demand on the grid. (much / many);much — „demand“ ist hier uncountable.;There was too ___ demand on the grid. (much / many);much — „demand“ ist hier uncountable.;There was too ___ demand on the grid. (much / many);much — “demand” is uncountable here.;0;much_unc
20;2;G020-V2;English Grammar – Countable & Uncountable;How ___ electricity demand is expected after 6 p.m.? (much / many);much — bei uncountable nouns.;How ___ electricity demand is expected after 6 p.m.? (much / many);much — bei uncountable nouns.;How ___ electricity demand is expected after 6 p.m.? (much / many);much — use it with uncountable nouns.;0;much_unc
20;3;G020-V3;English Grammar – Countable & Uncountable;How ___ battery capacity remains available? (much / many);much — bei uncountable nouns.;How ___ battery capacity remains available? (much / many);much — bei uncountable nouns.;How ___ battery capacity remains available? (much / many);much — use it with uncountable nouns.;0;much_unc
20;4;G020-V4;English Grammar – Countable & Uncountable;We don't have ___ time to inspect the substation. (much / many);much — bei uncountable nouns.;We don't have ___ time to inspect the substation. (much / many);much — bei uncountable nouns.;We don't have ___ time to inspect the substation. (much / many);much — use it with uncountable nouns.;0;much_unc
20;5;G020-V5;English Grammar – Countable & Uncountable;There wasn't ___ solar generation this morning. (much / many);much — bei uncountable nouns.;There wasn't ___ solar generation this morning. (much / many);much — bei uncountable nouns.;There wasn't ___ solar generation this morning. (much / many);much — use it with uncountable nouns.;0;much_unc
21;1;G021-V1;English Grammar – Countable & Uncountable;There were too ___ technical faults. (much / many);many — „faults“ ist countable.;There were too ___ technical faults. (much / many);many — „faults“ ist countable.;There were too ___ technical faults. (much / many);many — “faults” is countable.;0;many_count
21;2;G021-V2;English Grammar – Countable & Uncountable;There are ___ substations in this network area. (many / much);many — bei countable plural nouns.;There are ___ substations in this network area. (many / much);many — bei countable plural nouns.;There are ___ substations in this network area. (many / much);many — use it with countable plural nouns.;0;many_count
21;3;G021-V3;English Grammar – Countable & Uncountable;How ___ new transmission lines are planned? (much / many);many — bei countable plural nouns.;How ___ new transmission lines are planned? (much / many);many — bei countable plural nouns.;How ___ new transmission lines are planned? (much / many);many — use it with countable plural nouns.;0;many_count
21;4;G021-V4;English Grammar – Countable & Uncountable;There were too ___ outages last winter. (much / many);many — bei countable plural nouns.;There were too ___ outages last winter. (much / many);many — bei countable plural nouns.;There were too ___ outages last winter. (much / many);many — use it with countable plural nouns.;0;many_count
21;5;G021-V5;English Grammar – Countable & Uncountable;How ___ technicians are working on the line? (much / many);many — bei countable plural nouns.;How ___ technicians are working on the line? (much / many);many — bei countable plural nouns.;How ___ technicians are working on the line? (much / many);many — use it with countable plural nouns.;0;many_count
22;1;G022-V1;English Grammar – Countable & Uncountable;We have ___ renewable capacity than last year. (more / many);more — „capacity“ ist uncountable.;We have ___ renewable capacity than last year. (more / many);more — „capacity“ ist uncountable.;We have ___ renewable capacity than last year. (more / many);more — “capacity” is uncountable.;0;more_unc
22;2;G022-V2;English Grammar – Countable & Uncountable;The region has ___ wind capacity than five years ago. (more / many);more — kann mit uncountable nouns verwendet werden.;The region has ___ wind capacity than five years ago. (more / many);more — kann mit uncountable nouns verwendet werden.;The region has ___ wind capacity than five years ago. (more / many);more — can be used with uncountable nouns.;0;more_unc
22;3;G022-V3;English Grammar – Countable & Uncountable;We need ___ storage capacity for winter. (more / many);more — kann mit uncountable nouns verwendet werden.;We need ___ storage capacity for winter. (more / many);more — kann mit uncountable nouns verwendet werden.;We need ___ storage capacity for winter. (more / many);more — can be used with uncountable nouns.;0;more_unc
22;4;G022-V4;English Grammar – Countable & Uncountable;The upgraded line can carry ___ power than before. (more / many);more — kann mit uncountable nouns verwendet werden.;The upgraded line can carry ___ power than before. (more / many);more — kann mit uncountable nouns verwendet werden.;The upgraded line can carry ___ power than before. (more / many);more — can be used with uncountable nouns.;0;more_unc
22;5;G022-V5;English Grammar – Countable & Uncountable;Offshore wind provides ___ generation capacity this year. (more / many);more — kann mit uncountable nouns verwendet werden.;Offshore wind provides ___ generation capacity this year. (more / many);more — kann mit uncountable nouns verwendet werden.;Offshore wind provides ___ generation capacity this year. (more / many);more — can be used with uncountable nouns.;0;more_unc
23;1;G023-V1;English Grammar – Pronouns & Determiners;We need ___ more data before making a decision. (some / any);some — typisch in positiven Aussagen.;We need ___ more data before making a decision. (some / any);some — typisch in positiven Aussagen.;We need ___ more data before making a decision. (some / any);some — commonly used in positive statements.;0;some_positive
23;2;G023-V2;English Grammar – Pronouns & Determiners;The battery still has ___ energy left. (some / any);some — typisch in positiven Aussagen.;The battery still has ___ energy left. (some / any);some — typisch in positiven Aussagen.;The battery still has ___ energy left. (some / any);some — commonly used in positive statements.;0;some_positive
23;3;G023-V3;English Grammar – Pronouns & Determiners;We found ___ useful data in the report. (some / any);some — typisch in positiven Aussagen.;We found ___ useful data in the report. (some / any);some — typisch in positiven Aussagen.;We found ___ useful data in the report. (some / any);some — commonly used in positive statements.;0;some_positive
23;4;G023-V4;English Grammar – Pronouns & Determiners;The operator installed ___ new sensors. (some / any);some — typisch in positiven Aussagen.;The operator installed ___ new sensors. (some / any);some — typisch in positiven Aussagen.;The operator installed ___ new sensors. (some / any);some — commonly used in positive statements.;0;some_positive
23;5;G023-V5;English Grammar – Pronouns & Determiners;There are ___ improvements in the latest forecast. (some / any);some — typisch in positiven Aussagen.;There are ___ improvements in the latest forecast. (some / any);some — typisch in positiven Aussagen.;There are ___ improvements in the latest forecast. (some / any);some — commonly used in positive statements.;0;some_positive
24;1;G024-V1;English Grammar – Pronouns & Determiners;In a neutral question, choose the usual form: Do we have ___ spare capacity? (some / any);"any — die übliche Standardwahl in einer neutralen Frage; „some“ ist möglich, wenn man eher mit einer positiven Antwort rechnet.";In a neutral question, choose the usual form: Do we have ___ spare capacity? (some / any);"any — die übliche Standardwahl in einer neutralen Frage; „some“ ist möglich, wenn man eher mit einer positiven Antwort rechnet.";In a neutral question, choose the usual form: Do we have ___ spare capacity? (some / any);"any — the usual/default choice in a neutral question; “some” is possible when a positive answer is expected.";0;any_question
24;2;G024-V2;English Grammar – Pronouns & Determiners;In a neutral question, choose the usual form: Are there ___ faults in the system? (some / any);"any — die übliche Standardwahl in einer neutralen Frage; „some“ ist möglich, wenn man eher mit einer positiven Antwort rechnet.";In a neutral question, choose the usual form: Are there ___ faults in the system? (some / any);"any — die übliche Standardwahl in einer neutralen Frage; „some“ ist möglich, wenn man eher mit einer positiven Antwort rechnet.";In a neutral question, choose the usual form: Are there ___ faults in the system? (some / any);"any — the usual/default choice in a neutral question; “some” is possible when a positive answer is expected.";0;any_question
24;3;G024-V3;English Grammar – Pronouns & Determiners;In a neutral question, choose the usual form: Do we have ___ information about the outage? (some / any);"any — die übliche Standardwahl in einer neutralen Frage; „some“ ist möglich, wenn man eher mit einer positiven Antwort rechnet.";In a neutral question, choose the usual form: Do we have ___ information about the outage? (some / any);"any — die übliche Standardwahl in einer neutralen Frage; „some“ ist möglich, wenn man eher mit einer positiven Antwort rechnet.";In a neutral question, choose the usual form: Do we have ___ information about the outage? (some / any);"any — the usual/default choice in a neutral question; “some” is possible when a positive answer is expected.";0;any_question
24;4;G024-V4;English Grammar – Pronouns & Determiners;In a neutral question, choose the usual form: Is there ___ wind generation available? (some / any);"any — die übliche Standardwahl in einer neutralen Frage; „some“ ist möglich, wenn man eher mit einer positiven Antwort rechnet.";In a neutral question, choose the usual form: Is there ___ wind generation available? (some / any);"any — die übliche Standardwahl in einer neutralen Frage; „some“ ist möglich, wenn man eher mit einer positiven Antwort rechnet.";In a neutral question, choose the usual form: Is there ___ wind generation available? (some / any);"any — the usual/default choice in a neutral question; “some” is possible when a positive answer is expected.";0;any_question
24;5;G024-V5;English Grammar – Pronouns & Determiners;In a neutral question, choose the usual form: Have you found ___ suitable sites? (some / any);"any — die übliche Standardwahl in einer neutralen Frage; „some“ ist möglich, wenn man eher mit einer positiven Antwort rechnet.";In a neutral question, choose the usual form: Have you found ___ suitable sites? (some / any);"any — die übliche Standardwahl in einer neutralen Frage; „some“ ist möglich, wenn man eher mit einer positiven Antwort rechnet.";In a neutral question, choose the usual form: Have you found ___ suitable sites? (some / any);"any — the usual/default choice in a neutral question; “some” is possible when a positive answer is expected.";0;any_question
25;1;G025-V1;English Grammar – Pronouns & Determiners;There isn't ___ solar generation at night. (some / any);any — typisch in verneinten Aussagen.;There isn't ___ solar generation at night. (some / any);any — typisch in verneinten Aussagen.;There isn't ___ solar generation at night. (some / any);any — commonly used in negative statements.;0;any_negative
25;2;G025-V2;English Grammar – Pronouns & Determiners;The battery doesn't have ___ energy left. (some / any);any — typisch in verneinten Aussagen.;The battery doesn't have ___ energy left. (some / any);any — typisch in verneinten Aussagen.;The battery doesn't have ___ energy left. (some / any);any — commonly used in negative statements.;0;any_negative
25;3;G025-V3;English Grammar – Pronouns & Determiners;We didn't detect ___ faults. (some / any);any — typisch in verneinten Aussagen.;We didn't detect ___ faults. (some / any);any — typisch in verneinten Aussagen.;We didn't detect ___ faults. (some / any);any — commonly used in negative statements.;0;any_negative
25;4;G025-V4;English Grammar – Pronouns & Determiners;There isn't ___ spare capacity at the moment. (some / any);any — typisch in verneinten Aussagen.;There isn't ___ spare capacity at the moment. (some / any);any — typisch in verneinten Aussagen.;There isn't ___ spare capacity at the moment. (some / any);any — commonly used in negative statements.;0;any_negative
25;5;G025-V5;English Grammar – Pronouns & Determiners;The report doesn't contain ___ new information. (some / any);any — typisch in verneinten Aussagen.;The report doesn't contain ___ new information. (some / any);any — typisch in verneinten Aussagen.;The report doesn't contain ___ new information. (some / any);any — commonly used in negative statements.;0;any_negative
26;1;G026-V1;English Grammar – Pronouns & Determiners;If you expect the recipient has the information, which is more natural? Could you send me ___ information about the project? (some / any);"some — in höflichen Bitten oft natürlicher, wenn etwas Bestimmtes bzw. Erwartetes erbeten wird; „any“ kann mit anderer Bedeutung ebenfalls möglich sein.";If you expect the recipient has the information, which is more natural? Could you send me ___ information about the project? (some / any);"some — in höflichen Bitten oft natürlicher, wenn etwas Bestimmtes bzw. Erwartetes erbeten wird; „any“ kann mit anderer Bedeutung ebenfalls möglich sein.";If you expect the recipient has the information, which is more natural? Could you send me ___ information about the project? (some / any);"some — often more natural in polite requests when a particular/expected thing is being requested; “any” can also be possible with a different nuance.";0;some_request
26;2;G026-V2;English Grammar – Pronouns & Determiners;In a polite request for expected information, which is more natural? Could you give me ___ advice about the energy data? (some / any);"some — in höflichen Bitten oft natürlicher, wenn etwas Bestimmtes bzw. Erwartetes erbeten wird; „any“ kann mit anderer Bedeutung ebenfalls möglich sein.";In a polite request for expected information, which is more natural? Could you give me ___ advice about the energy data? (some / any);"some — in höflichen Bitten oft natürlicher, wenn etwas Bestimmtes bzw. Erwartetes erbeten wird; „any“ kann mit anderer Bedeutung ebenfalls möglich sein.";In a polite request for expected information, which is more natural? Could you give me ___ advice about the energy data? (some / any);"some — often more natural in polite requests when a particular/expected thing is being requested; “any” can also be possible with a different nuance.";0;some_request
26;3;G026-V3;English Grammar – Pronouns & Determiners;If you expect the recipient has the details, which is more natural? Can you send me ___ details about the wind project? (some / any);"some — in höflichen Bitten oft natürlicher, wenn etwas Bestimmtes bzw. Erwartetes erbeten wird; „any“ kann mit anderer Bedeutung ebenfalls möglich sein.";If you expect the recipient has the details, which is more natural? Can you send me ___ details about the wind project? (some / any);"some — in höflichen Bitten oft natürlicher, wenn etwas Bestimmtes bzw. Erwartetes erbeten wird; „any“ kann mit anderer Bedeutung ebenfalls möglich sein.";If you expect the recipient has the details, which is more natural? Can you send me ___ details about the wind project? (some / any);"some — often more natural in polite requests when a particular/expected thing is being requested; “any” can also be possible with a different nuance.";0;some_request
26;4;G026-V4;English Grammar – Pronouns & Determiners;In this polite request, which is more natural if you expect information exists? Would you provide ___ information about the outage? (some / any);"some — in höflichen Bitten oft natürlicher, wenn etwas Bestimmtes bzw. Erwartetes erbeten wird; „any“ kann mit anderer Bedeutung ebenfalls möglich sein.";In this polite request, which is more natural if you expect information exists? Would you provide ___ information about the outage? (some / any);"some — in höflichen Bitten oft natürlicher, wenn etwas Bestimmtes bzw. Erwartetes erbeten wird; „any“ kann mit anderer Bedeutung ebenfalls möglich sein.";In this polite request, which is more natural if you expect information exists? Would you provide ___ information about the outage? (some / any);"some — often more natural in polite requests when a particular/expected thing is being requested; “any” can also be possible with a different nuance.";0;some_request
26;5;G026-V5;English Grammar – Pronouns & Determiners;If you expect help is available, which is more natural? Could we get ___ help with the grid analysis? (some / any);"some — in höflichen Bitten oft natürlicher, wenn etwas Bestimmtes bzw. Erwartetes erbeten wird; „any“ kann mit anderer Bedeutung ebenfalls möglich sein.";If you expect help is available, which is more natural? Could we get ___ help with the grid analysis? (some / any);"some — in höflichen Bitten oft natürlicher, wenn etwas Bestimmtes bzw. Erwartetes erbeten wird; „any“ kann mit anderer Bedeutung ebenfalls möglich sein.";If you expect help is available, which is more natural? Could we get ___ help with the grid analysis? (some / any);"some — often more natural in polite requests when a particular/expected thing is being requested; “any” can also be possible with a different nuance.";0;some_request
27;1;G027-V1;English Grammar – Pronouns & Determiners;Which word focuses more strongly on individual turbines: “each” or “every”?;each — beide Wörter können oft grammatisch sein, aber „each“ betont die einzelnen Mitglieder stärker.;Which word focuses more strongly on individual turbines: “each” or “every”?;each — beide Wörter können oft grammatisch sein, aber „each“ betont die einzelnen Mitglieder stärker.;Which word focuses more strongly on individual turbines: “each” or “every”?;each — both words can often be grammatical, but “each” focuses more strongly on the individual members.;0;each_individual
27;2;G027-V2;English Grammar – Pronouns & Determiners;You want to emphasize that batteries were tested one by one. Which is more natural: “each” or “every”?;each — beide Wörter können oft grammatisch sein, aber „each“ betont die einzelnen Mitglieder stärker.;You want to emphasize that batteries were tested one by one. Which is more natural: “each” or “every”?;each — beide Wörter können oft grammatisch sein, aber „each“ betont die einzelnen Mitglieder stärker.;You want to emphasize that batteries were tested one by one. Which is more natural: “each” or “every”?;each — both words can often be grammatical, but “each” focuses more strongly on the individual members.;0;each_individual
27;3;G027-V3;English Grammar – Pronouns & Determiners;Which determiner normally puts more emphasis on members separately: “each” or “every”?;each — beide Wörter können oft grammatisch sein, aber „each“ betont die einzelnen Mitglieder stärker.;Which determiner normally puts more emphasis on members separately: “each” or “every”?;each — beide Wörter können oft grammatisch sein, aber „each“ betont die einzelnen Mitglieder stärker.;Which determiner normally puts more emphasis on members separately: “each” or “every”?;each — both words can often be grammatical, but “each” focuses more strongly on the individual members.;0;each_individual
27;4;G027-V4;English Grammar – Pronouns & Determiners;In “___ turbine was inspected separately”, which choice better highlights individual inspection: “each” or “every”?;each — beide Wörter können oft grammatisch sein, aber „each“ betont die einzelnen Mitglieder stärker.;In “___ turbine was inspected separately”, which choice better highlights individual inspection: “each” or “every”?;each — beide Wörter können oft grammatisch sein, aber „each“ betont die einzelnen Mitglieder stärker.;In “___ turbine was inspected separately”, which choice better highlights individual inspection: “each” or “every”?;each — both words can often be grammatical, but “each” focuses more strongly on the individual members.;0;each_individual
27;5;G027-V5;English Grammar – Pronouns & Determiners;Which word fits better when you explicitly mean “one by one”: “each” or “every”?;each — beide Wörter können oft grammatisch sein, aber „each“ betont die einzelnen Mitglieder stärker.;Which word fits better when you explicitly mean “one by one”: “each” or “every”?;each — beide Wörter können oft grammatisch sein, aber „each“ betont die einzelnen Mitglieder stärker.;Which word fits better when you explicitly mean “one by one”: “each” or “every”?;each — both words can often be grammatical, but “each” focuses more strongly on the individual members.;0;each_individual
28;1;G028-V1;English Grammar – Pronouns & Determiners;The sensor sends data ___ five seconds. (each / every);"every — für regelmäßige Intervalle nutzt man „every + Zahl + Zeiteinheit im Plural“; „each five seconds“ ist nicht standardsprachlich.";The sensor sends data ___ five seconds. (each / every);"every — für regelmäßige Intervalle nutzt man „every + Zahl + Zeiteinheit im Plural“; „each five seconds“ ist nicht standardsprachlich.";The sensor sends data ___ five seconds. (each / every);"every — use “every + number + plural time unit” for regular intervals; “each five seconds” is not standard.";0;every_interval
28;2;G028-V2;English Grammar – Pronouns & Determiners;The forecast is updated ___ ten minutes. (each / every);"every — für regelmäßige Intervalle nutzt man „every + Zahl + Zeiteinheit im Plural“; „each five seconds“ ist nicht standardsprachlich.";The forecast is updated ___ ten minutes. (each / every);"every — für regelmäßige Intervalle nutzt man „every + Zahl + Zeiteinheit im Plural“; „each five seconds“ ist nicht standardsprachlich.";The forecast is updated ___ ten minutes. (each / every);"every — use “every + number + plural time unit” for regular intervals; “each five seconds” is not standard.";0;every_interval
28;3;G028-V3;English Grammar – Pronouns & Determiners;The control system checks the value ___ two seconds. (each / every);"every — für regelmäßige Intervalle nutzt man „every + Zahl + Zeiteinheit im Plural“; „each five seconds“ ist nicht standardsprachlich.";The control system checks the value ___ two seconds. (each / every);"every — für regelmäßige Intervalle nutzt man „every + Zahl + Zeiteinheit im Plural“; „each five seconds“ ist nicht standardsprachlich.";The control system checks the value ___ two seconds. (each / every);"every — use “every + number + plural time unit” for regular intervals; “each five seconds” is not standard.";0;every_interval
28;4;G028-V4;English Grammar – Pronouns & Determiners;The operator receives a status report ___ thirty minutes. (each / every);"every — für regelmäßige Intervalle nutzt man „every + Zahl + Zeiteinheit im Plural“; „each five seconds“ ist nicht standardsprachlich.";The operator receives a status report ___ thirty minutes. (each / every);"every — für regelmäßige Intervalle nutzt man „every + Zahl + Zeiteinheit im Plural“; „each five seconds“ ist nicht standardsprachlich.";The operator receives a status report ___ thirty minutes. (each / every);"every — use “every + number + plural time unit” for regular intervals; “each five seconds” is not standard.";0;every_interval
28;5;G028-V5;English Grammar – Pronouns & Determiners;The market data refreshes ___ fifteen seconds. (each / every);"every — für regelmäßige Intervalle nutzt man „every + Zahl + Zeiteinheit im Plural“; „each five seconds“ ist nicht standardsprachlich.";The market data refreshes ___ fifteen seconds. (each / every);"every — für regelmäßige Intervalle nutzt man „every + Zahl + Zeiteinheit im Plural“; „each five seconds“ ist nicht standardsprachlich.";The market data refreshes ___ fifteen seconds. (each / every);"every — use “every + number + plural time unit” for regular intervals; “each five seconds” is not standard.";0;every_interval
29;1;G029-V1;English Grammar – Pronouns & Determiners;___ of the batteries was tested separately. (Each / Every);Each — vor „of“ verwendet man „each“, nicht „every“.;___ of the batteries was tested separately. (Each / Every);Each — vor „of“ verwendet man „each“, nicht „every“.;___ of the batteries was tested separately. (Each / Every);Each — use “each of”, not “every of”.;0;each_of
29;2;G029-V2;English Grammar – Pronouns & Determiners;___ of the turbines has a unique ID. (Each / Every);Each — korrekt ist „each of“, nicht „every of“.;___ of the turbines has a unique ID. (Each / Every);Each — korrekt ist „each of“, nicht „every of“.;___ of the turbines has a unique ID. (Each / Every);Each — use “each of”, not “every of”.;0;each_of
29;3;G029-V3;English Grammar – Pronouns & Determiners;___ of these cables was tested. (Each / Every);Each — korrekt ist „each of“, nicht „every of“.;___ of these cables was tested. (Each / Every);Each — korrekt ist „each of“, nicht „every of“.;___ of these cables was tested. (Each / Every);Each — use “each of”, not “every of”.;0;each_of
29;4;G029-V4;English Grammar – Pronouns & Determiners;___ of the projects has its own budget. (Each / Every);Each — korrekt ist „each of“, nicht „every of“.;___ of the projects has its own budget. (Each / Every);Each — korrekt ist „each of“, nicht „every of“.;___ of the projects has its own budget. (Each / Every);Each — use “each of”, not “every of”.;0;each_of
29;5;G029-V5;English Grammar – Pronouns & Determiners;___ of the substations is monitored remotely. (Each / Every);Each — korrekt ist „each of“, nicht „every of“.;___ of the substations is monitored remotely. (Each / Every);Each — korrekt ist „each of“, nicht „every of“.;___ of the substations is monitored remotely. (Each / Every);Each — use “each of”, not “every of”.;0;each_of
30;1;G030-V1;English Grammar – Pronouns & Determiners;___ household in the village received a smart meter. (Every / Each of);Every — „every + singular noun“.;___ household in the village received a smart meter. (Every / Each of);Every — „every + singular noun“.;___ household in the village received a smart meter. (Every / Each of);Every — use “every + singular noun”.;0;every_singular
30;2;G030-V2;English Grammar – Pronouns & Determiners;___ turbine in the park is monitored remotely. (Every / Each of);Every — „every + singular noun“.;___ turbine in the park is monitored remotely. (Every / Each of);Every — „every + singular noun“.;___ turbine in the park is monitored remotely. (Every / Each of);Every — use “every + singular noun”.;0;every_singular
30;3;G030-V3;English Grammar – Pronouns & Determiners;___ household received an electricity meter. (Every / Each of);Every — „every + singular noun“.;___ household received an electricity meter. (Every / Each of);Every — „every + singular noun“.;___ household received an electricity meter. (Every / Each of);Every — use “every + singular noun”.;0;every_singular
30;4;G030-V4;English Grammar – Pronouns & Determiners;___ battery module has a temperature sensor. (Every / Each of);Every — „every + singular noun“.;___ battery module has a temperature sensor. (Every / Each of);Every — „every + singular noun“.;___ battery module has a temperature sensor. (Every / Each of);Every — use “every + singular noun”.;0;every_singular
30;5;G030-V5;English Grammar – Pronouns & Determiners;___ project must meet the safety rules. (Every / Each of);Every — „every + singular noun“.;___ project must meet the safety rules. (Every / Each of);Every — „every + singular noun“.;___ project must meet the safety rules. (Every / Each of);Every — use “every + singular noun”.;0;every_singular
31;1;G031-V1;English Grammar – Pronouns & Determiners;You can choose ___ wind power or solar power. (either / neither);either — „either ... or“ = entweder ... oder.;You can choose ___ wind power or solar power. (either / neither);either — „either ... or“ = entweder ... oder.;You can choose ___ wind power or solar power. (either / neither);either — “either ... or”.;0;either_or
31;2;G031-V2;English Grammar – Pronouns & Determiners;The backup can use ___ gas or battery power. (either / neither);either — in der Struktur „either ... or“.;The backup can use ___ gas or battery power. (either / neither);either — in der Struktur „either ... or“.;The backup can use ___ gas or battery power. (either / neither);either — in the structure “either ... or”.;0;either_or
31;3;G031-V3;English Grammar – Pronouns & Determiners;We can connect the cable to ___ substation A or substation B. (either / neither);either — in der Struktur „either ... or“.;We can connect the cable to ___ substation A or substation B. (either / neither);either — in der Struktur „either ... or“.;We can connect the cable to ___ substation A or substation B. (either / neither);either — in the structure “either ... or”.;0;either_or
31;4;G031-V4;English Grammar – Pronouns & Determiners;The project can start in ___ March or April. (either / neither);either — in der Struktur „either ... or“.;The project can start in ___ March or April. (either / neither);either — in der Struktur „either ... or“.;The project can start in ___ March or April. (either / neither);either — in the structure “either ... or”.;0;either_or
31;5;G031-V5;English Grammar – Pronouns & Determiners;Electricity can flow in ___ of the two directions. (either / neither);"either — eine von zwei Richtungen; in dieser Struktur kann „either“ auch ohne folgendes „or“ stehen.";Electricity can flow in ___ of the two directions. (either / neither);"either — eine von zwei Richtungen; in dieser Struktur kann „either“ auch ohne folgendes „or“ stehen.";Electricity can flow in ___ of the two directions. (either / neither);"either — one or the other of two directions; “either” can be used without a following “or” in this structure.";0;either_or
32;1;G032-V1;English Grammar – Pronouns & Determiners;___ coal nor oil is renewable. (Either / Neither);Neither — „neither ... nor“ = weder ... noch.;___ coal nor oil is renewable. (Either / Neither);Neither — „neither ... nor“ = weder ... noch.;___ coal nor oil is renewable. (Either / Neither);Neither — “neither ... nor”.;0;neither_nor
32;2;G032-V2;English Grammar – Pronouns & Determiners;___ coal nor lignite is renewable. (Either / Neither);Neither — in der Struktur „neither ... nor“.;___ coal nor lignite is renewable. (Either / Neither);Neither — in der Struktur „neither ... nor“.;___ coal nor lignite is renewable. (Either / Neither);Neither — in the structure “neither ... nor”.;0;neither_nor
32;3;G032-V3;English Grammar – Pronouns & Determiners;___ wind nor solar produces direct combustion emissions. (Either / Neither);Neither — in der Struktur „neither ... nor“.;___ wind nor solar produces direct combustion emissions. (Either / Neither);Neither — in der Struktur „neither ... nor“.;___ wind nor solar produces direct combustion emissions. (Either / Neither);Neither — in the structure “neither ... nor”.;0;neither_nor
32;4;G032-V4;English Grammar – Pronouns & Determiners;___ cable A nor cable B is currently available. (Either / Neither);Neither — in der Struktur „neither ... nor“.;___ cable A nor cable B is currently available. (Either / Neither);Neither — in der Struktur „neither ... nor“.;___ cable A nor cable B is currently available. (Either / Neither);Neither — in the structure “neither ... nor”.;0;neither_nor
32;5;G032-V5;English Grammar – Pronouns & Determiners;___ option A nor option B is cheap to build. (Either / Neither);Neither — mit „neither ... nor“ werden beide Alternativen verneint.;___ option A nor option B is cheap to build. (Either / Neither);Neither — mit „neither ... nor“ werden beide Alternativen verneint.;___ option A nor option B is cheap to build. (Either / Neither);Neither — use “neither ... nor” to reject both alternatives.;0;neither_nor
33;1;G033-V1;English Grammar – Pronouns & Determiners;There are two backup lines. ___ one can carry the load.;Either — eine von beiden Möglichkeiten.;There are two backup lines. ___ one can carry the load.;Either — eine von beiden Möglichkeiten.;There are two backup lines. ___ one can carry the load.;Either — one of the two options.;0;either_two
33;2;G033-V2;English Grammar – Pronouns & Determiners;There are two available batteries. ___ one is large enough.;Either — eine von zwei Möglichkeiten.;There are two available batteries. ___ one is large enough.;Either — eine von zwei Möglichkeiten.;There are two available batteries. ___ one is large enough.;Either — one of two possibilities.;0;either_two
33;3;G033-V3;English Grammar – Pronouns & Determiners;We have two possible routes. ___ one would work.;Either — eine von zwei Möglichkeiten.;We have two possible routes. ___ one would work.;Either — eine von zwei Möglichkeiten.;We have two possible routes. ___ one would work.;Either — one of two possibilities.;0;either_two
33;4;G033-V4;English Grammar – Pronouns & Determiners;Both substations have spare capacity, so ___ one can be used.;Either — eine von zwei Möglichkeiten.;Both substations have spare capacity, so ___ one can be used.;Either — eine von zwei Möglichkeiten.;Both substations have spare capacity, so ___ one can be used.;Either — one of two possibilities.;0;either_two
33;5;G033-V5;English Grammar – Pronouns & Determiners;"There are two valid solutions; ___ one is acceptable.";Either — eine von zwei Möglichkeiten.;"There are two valid solutions; ___ one is acceptable.";Either — eine von zwei Möglichkeiten.;"There are two valid solutions; ___ one is acceptable.";Either — one of two possibilities.;0;either_two
34;1;G034-V1;English Grammar – Pronouns & Determiners;Both old turbines are offline. ___ of the two is operating. (Neither / Either);Neither — keines von beiden.;Both old turbines are offline. ___ of the two is operating. (Neither / Either);Neither — keines von beiden.;Both old turbines are offline. ___ of the two is operating. (Neither / Either);Neither — not one and not the other of two.;0;neither_two
34;2;G034-V2;English Grammar – Pronouns & Determiners;Both batteries are below full charge. ___ of the two is fully charged. (Neither / Either);Neither — keines von beiden.;Both batteries are below full charge. ___ of the two is fully charged. (Neither / Either);Neither — keines von beiden.;Both batteries are below full charge. ___ of the two is fully charged. (Neither / Either);Neither — not one and not the other of two.;0;neither_two
34;3;G034-V3;English Grammar – Pronouns & Determiners;Both old cables failed the safety test. ___ of the two is safe to use. (Neither / Either);Neither — keines von beiden.;Both old cables failed the safety test. ___ of the two is safe to use. (Neither / Either);Neither — keines von beiden.;Both old cables failed the safety test. ___ of the two is safe to use. (Neither / Either);Neither — not one and not the other of two.;0;neither_two
34;4;G034-V4;English Grammar – Pronouns & Determiners;Both forecasts missed the actual value. ___ of the two was accurate. (Neither / Either);Neither — keines von beiden.;Both forecasts missed the actual value. ___ of the two was accurate. (Neither / Either);Neither — keines von beiden.;Both forecasts missed the actual value. ___ of the two was accurate. (Neither / Either);Neither — not one and not the other of two.;0;neither_two
34;5;G034-V5;English Grammar – Pronouns & Determiners;Both generators are shut down. ___ of the two is currently running. (Neither / Either);Neither — keines von beiden.;Both generators are shut down. ___ of the two is currently running. (Neither / Either);Neither — keines von beiden.;Both generators are shut down. ___ of the two is currently running. (Neither / Either);Neither — not one and not the other of two.;0;neither_two
35;1;G035-V1;English Grammar – Pronouns & Determiners;We need ___ battery because this one is full. (another / other);another — ein weiteres einzelnes Exemplar.;We need ___ battery because this one is full. (another / other);another — ein weiteres einzelnes Exemplar.;We need ___ battery because this one is full. (another / other);another — one additional singular item.;0;another_singular
35;2;G035-V2;English Grammar – Pronouns & Determiners;We need ___ inverter because this one has failed. (another / other);another — ein weiteres einzelnes Exemplar.;We need ___ inverter because this one has failed. (another / other);another — ein weiteres einzelnes Exemplar.;We need ___ inverter because this one has failed. (another / other);another — one additional singular item.;0;another_singular
35;3;G035-V3;English Grammar – Pronouns & Determiners;Can we test ___ battery? (another / other);another — ein weiteres einzelnes Exemplar.;Can we test ___ battery? (another / other);another — ein weiteres einzelnes Exemplar.;Can we test ___ battery? (another / other);another — one additional singular item.;0;another_singular
35;4;G035-V4;English Grammar – Pronouns & Determiners;The operator plans to build ___ substation. (another / other);another — ein weiteres einzelnes Exemplar.;The operator plans to build ___ substation. (another / other);another — ein weiteres einzelnes Exemplar.;The operator plans to build ___ substation. (another / other);another — one additional singular item.;0;another_singular
35;5;G035-V5;English Grammar – Pronouns & Determiners;We should consider ___ solution. (another / other);another — ein weiteres einzelnes Exemplar.;We should consider ___ solution. (another / other);another — ein weiteres einzelnes Exemplar.;We should consider ___ solution. (another / other);another — one additional singular item.;0;another_singular
36;1;G036-V1;English Grammar – Pronouns & Determiners;The ___ batteries are already charged. (other / others);other — vor einem Nomen.;The ___ batteries are already charged. (other / others);other — vor einem Nomen.;The ___ batteries are already charged. (other / others);other — use it before a noun.;0;other_before_noun
36;2;G036-V2;English Grammar – Pronouns & Determiners;The ___ turbines are operating normally. (other / others);other — steht vor einem Nomen.;The ___ turbines are operating normally. (other / others);other — steht vor einem Nomen.;The ___ turbines are operating normally. (other / others);other — used before a noun.;0;other_before_noun
36;3;G036-V3;English Grammar – Pronouns & Determiners;Several ___ regions have more wind capacity. (other / others);other — steht vor einem Nomen.;Several ___ regions have more wind capacity. (other / others);other — steht vor einem Nomen.;Several ___ regions have more wind capacity. (other / others);other — used before a noun.;0;other_before_noun
36;4;G036-V4;English Grammar – Pronouns & Determiners;The company is testing ___ battery technologies. (other / others);other — steht vor einem Nomen.;The company is testing ___ battery technologies. (other / others);other — steht vor einem Nomen.;The company is testing ___ battery technologies. (other / others);other — used before a noun.;0;other_before_noun
36;5;G036-V5;English Grammar – Pronouns & Determiners;We need to inspect the ___ cables. (other / others);other — steht vor einem Nomen.;We need to inspect the ___ cables. (other / others);other — steht vor einem Nomen.;We need to inspect the ___ cables. (other / others);other — used before a noun.;0;other_before_noun
37;1;G037-V1;English Grammar – Pronouns & Determiners;"Some turbines are running; ___ are offline. (other / others)";others — steht allein ohne folgendes Nomen.;"Some turbines are running; ___ are offline. (other / others)";others — steht allein ohne folgendes Nomen.;"Some turbines are running; ___ are offline. (other / others)";others — stands alone without a following noun.;0;others_standalone
37;2;G037-V2;English Grammar – Pronouns & Determiners;"Some batteries are full; ___ are still charging. (other / others)";others — steht allein, ohne folgendes Nomen.;"Some batteries are full; ___ are still charging. (other / others)";others — steht allein, ohne folgendes Nomen.;"Some batteries are full; ___ are still charging. (other / others)";others — stands alone without a following noun.;0;others_standalone
37;3;G037-V3;English Grammar – Pronouns & Determiners;"Some regions have strong winds; ___ rely more on solar. (other / others)";others — steht allein, ohne folgendes Nomen.;"Some regions have strong winds; ___ rely more on solar. (other / others)";others — steht allein, ohne folgendes Nomen.;"Some regions have strong winds; ___ rely more on solar. (other / others)";others — stands alone without a following noun.;0;others_standalone
37;4;G037-V4;English Grammar – Pronouns & Determiners;"Some cables are underground; ___ run overhead. (other / others)";others — steht allein, ohne folgendes Nomen.;"Some cables are underground; ___ run overhead. (other / others)";others — steht allein, ohne folgendes Nomen.;"Some cables are underground; ___ run overhead. (other / others)";others — stands alone without a following noun.;0;others_standalone
37;5;G037-V5;English Grammar – Pronouns & Determiners;"A few projects are complete; ___ are still being planned. (other / others)";others — steht allein, ohne folgendes Nomen.;"A few projects are complete; ___ are still being planned. (other / others)";others — steht allein, ohne folgendes Nomen.;"A few projects are complete; ___ are still being planned. (other / others)";others — stands alone without a following noun.;0;others_standalone
38;1;G038-V1;English Grammar – Pronouns & Determiners;"One cable failed; ___ one remained operational. (the other / another)";the other — bei genau zwei: der andere.;"One cable failed; ___ one remained operational. (the other / another)";the other — bei genau zwei: der andere.;"One cable failed; ___ one remained operational. (the other / another)";the other — use it for the second of two.;0;the_other_two
38;2;G038-V2;English Grammar – Pronouns & Determiners;"One battery is charging; ___ one is discharging. (the other / another)";the other — der/die/das andere von genau zwei.;"One battery is charging; ___ one is discharging. (the other / another)";the other — der/die/das andere von genau zwei.;"One battery is charging; ___ one is discharging. (the other / another)";the other — the second of exactly two.;0;the_other_two
38;3;G038-V3;English Grammar – Pronouns & Determiners;"One cable runs north; ___ one runs south. (the other / another)";the other — der/die/das andere von genau zwei.;"One cable runs north; ___ one runs south. (the other / another)";the other — der/die/das andere von genau zwei.;"One cable runs north; ___ one runs south. (the other / another)";the other — the second of exactly two.;0;the_other_two
38;4;G038-V4;English Grammar – Pronouns & Determiners;"One transformer is new; ___ one will be replaced soon. (the other / another)";the other — der/die/das andere von genau zwei.;"One transformer is new; ___ one will be replaced soon. (the other / another)";the other — der/die/das andere von genau zwei.;"One transformer is new; ___ one will be replaced soon. (the other / another)";the other — the second of exactly two.;0;the_other_two
38;5;G038-V5;English Grammar – Pronouns & Determiners;"One forecast was accurate; ___ one was not. (the other / another)";the other — der/die/das andere von genau zwei.;"One forecast was accurate; ___ one was not. (the other / another)";the other — der/die/das andere von genau zwei.;"One forecast was accurate; ___ one was not. (the other / another)";the other — the second of exactly two.;0;the_other_two
39;1;G039-V1;English Grammar – Pronouns & Determiners;"Some regions rely on wind; ___ rely more on solar. (others / another)";others — andere Regionen, ohne Nomen danach.;"Some regions rely on wind; ___ rely more on solar. (others / another)";others — andere Regionen, ohne Nomen danach.;"Some regions rely on wind; ___ rely more on solar. (others / another)";others — other regions, with no noun after it.;0;others_standalone
39;2;G039-V2;English Grammar – Pronouns & Determiners;"Some lines are overhead; ___ run underground. (other / others)";others — steht allein, ohne folgendes Nomen.;"Some lines are overhead; ___ run underground. (other / others)";others — steht allein, ohne folgendes Nomen.;"Some lines are overhead; ___ run underground. (other / others)";others — stands alone without a following noun.;0;others_standalone
39;3;G039-V3;English Grammar – Pronouns & Determiners;"Several permits are complete; ___ are still under review. (other / others)";others — steht allein, ohne folgendes Nomen.;"Several permits are complete; ___ are still under review. (other / others)";others — steht allein, ohne folgendes Nomen.;"Several permits are complete; ___ are still under review. (other / others)";others — stands alone without a following noun.;0;others_standalone
39;4;G039-V4;English Grammar – Pronouns & Determiners;"Some turbines are new; ___ are more than ten years old. (other / others)";others — steht allein, ohne folgendes Nomen.;"Some turbines are new; ___ are more than ten years old. (other / others)";others — steht allein, ohne folgendes Nomen.;"Some turbines are new; ___ are more than ten years old. (other / others)";others — stands alone without a following noun.;0;others_standalone
39;5;G039-V5;English Grammar – Pronouns & Determiners;Some households consume more electricity than ___. (other / others);others — steht allein, ohne folgendes Nomen.;Some households consume more electricity than ___. (other / others);others — steht allein, ohne folgendes Nomen.;Some households consume more electricity than ___. (other / others);others — stands alone without a following noun.;0;others_standalone
40;1;G040-V1;English Grammar – Pronouns & Determiners;___ of the electricity comes from renewables. (Much / Many);Much — „electricity“ ist uncountable.;___ of the electricity comes from renewables. (Much / Many);Much — „electricity“ ist uncountable.;___ of the electricity comes from renewables. (Much / Many);Much — “electricity” is uncountable.;0;much_of_unc
40;2;G040-V2;English Grammar – Pronouns & Determiners;___ of the energy is stored in batteries. (Much / Many);Much — bei uncountable nouns.;___ of the energy is stored in batteries. (Much / Many);Much — bei uncountable nouns.;___ of the energy is stored in batteries. (Much / Many);Much — use it with uncountable nouns.;0;much_of_unc
40;3;G040-V3;English Grammar – Pronouns & Determiners;___ of the electricity is generated offshore. (Much / Many);Much — bei uncountable nouns.;___ of the electricity is generated offshore. (Much / Many);Much — bei uncountable nouns.;___ of the electricity is generated offshore. (Much / Many);Much — use it with uncountable nouns.;0;much_of_unc
40;4;G040-V4;English Grammar – Pronouns & Determiners;___ of the available capacity is already in use. (Much / Many);Much — bei uncountable nouns.;___ of the available capacity is already in use. (Much / Many);Much — bei uncountable nouns.;___ of the available capacity is already in use. (Much / Many);Much — use it with uncountable nouns.;0;much_of_unc
40;5;G040-V5;English Grammar – Pronouns & Determiners;___ of the information comes from smart meters. (Much / Many);Much — bei uncountable nouns.;___ of the information comes from smart meters. (Much / Many);Much — bei uncountable nouns.;___ of the information comes from smart meters. (Much / Many);Much — use it with uncountable nouns.;0;much_of_unc
41;1;G041-V1;English Grammar – Pronouns & Determiners;___ of the turbines are new. (Much / Many);Many — „turbines“ ist countable plural.;___ of the turbines are new. (Much / Many);Many — „turbines“ ist countable plural.;___ of the turbines are new. (Much / Many);Many — “turbines” is countable plural.;0;many_of_count
41;2;G041-V2;English Grammar – Pronouns & Determiners;___ of the batteries are fully charged. (Much / Many);Many — bei countable plural nouns.;___ of the batteries are fully charged. (Much / Many);Many — bei countable plural nouns.;___ of the batteries are fully charged. (Much / Many);Many — use it with countable plural nouns.;0;many_of_count
41;3;G041-V3;English Grammar – Pronouns & Determiners;___ of the turbines are operating today. (Much / Many);Many — bei countable plural nouns.;___ of the turbines are operating today. (Much / Many);Many — bei countable plural nouns.;___ of the turbines are operating today. (Much / Many);Many — use it with countable plural nouns.;0;many_of_count
41;4;G041-V4;English Grammar – Pronouns & Determiners;___ of the projects are still in planning. (Much / Many);Many — bei countable plural nouns.;___ of the projects are still in planning. (Much / Many);Many — bei countable plural nouns.;___ of the projects are still in planning. (Much / Many);Many — use it with countable plural nouns.;0;many_of_count
41;5;G041-V5;English Grammar – Pronouns & Determiners;___ of the households have smart meters. (Much / Many);Many — bei countable plural nouns.;___ of the households have smart meters. (Much / Many);Many — bei countable plural nouns.;___ of the households have smart meters. (Much / Many);Many — use it with countable plural nouns.;0;many_of_count
42;1;G042-V1;English Grammar – Pronouns & Determiners;Two battery systems were tested. ___ performed well. (Each / Every);"Each — „each“ kann hier allein als Pronomen stehen; „every“ braucht ein folgendes Substantiv im Singular.";Two battery systems were tested. ___ performed well. (Each / Every);"Each — „each“ kann hier allein als Pronomen stehen; „every“ braucht ein folgendes Substantiv im Singular.";Two battery systems were tested. ___ performed well. (Each / Every);"Each — “each” can stand alone as a pronoun here; “every” needs a following singular noun.";0;each_individual
42;2;G042-V2;English Grammar – Pronouns & Determiners;Three proposals were reviewed. ___ had different strengths. (Each / Every);"Each — „each“ kann hier allein als Pronomen stehen; „every“ braucht ein folgendes Substantiv im Singular.";Three proposals were reviewed. ___ had different strengths. (Each / Every);"Each — „each“ kann hier allein als Pronomen stehen; „every“ braucht ein folgendes Substantiv im Singular.";Three proposals were reviewed. ___ had different strengths. (Each / Every);"Each — “each” can stand alone as a pronoun here; “every” needs a following singular noun.";0;each_individual
42;3;G042-V3;English Grammar – Pronouns & Determiners;Two substations were inspected. ___ received a separate report. (Each / Every);"Each — „each“ kann hier allein als Pronomen stehen; „every“ braucht ein folgendes Substantiv im Singular.";Two substations were inspected. ___ received a separate report. (Each / Every);"Each — „each“ kann hier allein als Pronomen stehen; „every“ braucht ein folgendes Substantiv im Singular.";Two substations were inspected. ___ received a separate report. (Each / Every);"Each — “each” can stand alone as a pronoun here; “every” needs a following singular noun.";0;each_individual
42;4;G042-V4;English Grammar – Pronouns & Determiners;Four cables were labelled. ___ was checked again before installation. (Each / Every);"Each — „each“ kann hier allein als Pronomen stehen; „every“ braucht ein folgendes Substantiv im Singular.";Four cables were labelled. ___ was checked again before installation. (Each / Every);"Each — „each“ kann hier allein als Pronomen stehen; „every“ braucht ein folgendes Substantiv im Singular.";Four cables were labelled. ___ was checked again before installation. (Each / Every);"Each — “each” can stand alone as a pronoun here; “every” needs a following singular noun.";0;each_individual
42;5;G042-V5;English Grammar – Pronouns & Determiners;Three grid models were compared. ___ used different assumptions. (Each / Every);"Each — „each“ kann hier allein als Pronomen stehen; „every“ braucht ein folgendes Substantiv im Singular.";Three grid models were compared. ___ used different assumptions. (Each / Every);"Each — „each“ kann hier allein als Pronomen stehen; „every“ braucht ein folgendes Substantiv im Singular.";Three grid models were compared. ___ used different assumptions. (Each / Every);"Each — “each” can stand alone as a pronoun here; “every” needs a following singular noun.";0;each_individual
43;1;G043-V1;English Grammar – Pronouns & Determiners;We checked both substations and found no faults. ___ had a fault. (neither / either);neither — keines von beiden.;We checked both substations and found no faults. ___ had a fault. (neither / either);neither — keines von beiden.;We checked both substations and found no faults. ___ had a fault. (neither / either);neither — not one and not the other of two.;0;neither_pred
43;2;G043-V2;English Grammar – Pronouns & Determiners;We tested both batteries, and both were below full charge. ___ was fully charged. (neither / either);neither — keines von beiden.;We tested both batteries, and both were below full charge. ___ was fully charged. (neither / either);neither — keines von beiden.;We tested both batteries, and both were below full charge. ___ was fully charged. (neither / either);neither — not one and not the other of two.;0;neither_pred
43;3;G043-V3;English Grammar – Pronouns & Determiners;Both routes failed the planning criteria. ___ was suitable. (neither / either);neither — keines von beiden.;Both routes failed the planning criteria. ___ was suitable. (neither / either);neither — keines von beiden.;Both routes failed the planning criteria. ___ was suitable. (neither / either);neither — not one and not the other of two.;0;neither_pred
43;4;G043-V4;English Grammar – Pronouns & Determiners;Both forecasts were outside the tolerance range. ___ was accurate. (neither / either);neither — keines von beiden.;Both forecasts were outside the tolerance range. ___ was accurate. (neither / either);neither — keines von beiden.;Both forecasts were outside the tolerance range. ___ was accurate. (neither / either);neither — not one and not the other of two.;0;neither_pred
43;5;G043-V5;English Grammar – Pronouns & Determiners;Both backup generators failed the readiness test. ___ was ready. (neither / either);neither — keines von beiden.;Both backup generators failed the readiness test. ___ was ready. (neither / either);neither — keines von beiden.;Both backup generators failed the readiness test. ___ was ready. (neither / either);neither — not one and not the other of two.;0;neither_pred
44;1;G044-V1;English Grammar – Pronouns & Determiners;Is there ___ way to store the surplus energy? (another / other);another — eine weitere Möglichkeit.;Is there ___ way to store the surplus energy? (another / other);another — eine weitere Möglichkeit.;Is there ___ way to store the surplus energy? (another / other);another — one additional option.;0;another_singular
44;2;G044-V2;English Grammar – Pronouns & Determiners;The developer wants to add ___ battery unit. (another / other);another — ein weiteres einzelnes Exemplar.;The developer wants to add ___ battery unit. (another / other);another — ein weiteres einzelnes Exemplar.;The developer wants to add ___ battery unit. (another / other);another — one additional singular item.;0;another_singular
44;3;G044-V3;English Grammar – Pronouns & Determiners;We need to examine ___ possible route. (another / other);another — ein weiteres einzelnes Exemplar.;We need to examine ___ possible route. (another / other);another — ein weiteres einzelnes Exemplar.;We need to examine ___ possible route. (another / other);another — one additional singular item.;0;another_singular
44;4;G044-V4;English Grammar – Pronouns & Determiners;Is there ___ route for the cable? (another / other);another — ein weiteres einzelnes Exemplar.;Is there ___ route for the cable? (another / other);another — ein weiteres einzelnes Exemplar.;Is there ___ route for the cable? (another / other);another — one additional singular item.;0;another_singular
44;5;G044-V5;English Grammar – Pronouns & Determiners;The team requested ___ day for testing. (another / other);another — ein weiteres einzelnes Exemplar.;The team requested ___ day for testing. (another / other);another — ein weiteres einzelnes Exemplar.;The team requested ___ day for testing. (another / other);another — one additional singular item.;0;another_singular
45;1;G045-V1;English Grammar – Pronouns & Determiners;The company operates several ___ wind farms. (other / others);other — vor dem Nomen „wind farms“.;The company operates several ___ wind farms. (other / others);other — vor dem Nomen „wind farms“.;The company operates several ___ wind farms. (other / others);other — it comes before the noun “wind farms”.;0;other_before_noun
45;2;G045-V2;English Grammar – Pronouns & Determiners;The team is comparing ___ storage technologies. (other / others);other — steht vor einem Nomen.;The team is comparing ___ storage technologies. (other / others);other — steht vor einem Nomen.;The team is comparing ___ storage technologies. (other / others);other — used before a noun.;0;other_before_noun
45;3;G045-V3;English Grammar – Pronouns & Determiners;We should inspect the ___ transformers before winter. (other / others);other — steht vor einem Nomen.;We should inspect the ___ transformers before winter. (other / others);other — steht vor einem Nomen.;We should inspect the ___ transformers before winter. (other / others);other — used before a noun.;0;other_before_noun
45;4;G045-V4;English Grammar – Pronouns & Determiners;The operator manages several ___ substations. (other / others);other — steht vor einem Nomen.;The operator manages several ___ substations. (other / others);other — steht vor einem Nomen.;The operator manages several ___ substations. (other / others);other — used before a noun.;0;other_before_noun
45;5;G045-V5;English Grammar – Pronouns & Determiners;Are there any ___ solutions? (other / others);other — steht vor einem Nomen.;Are there any ___ solutions? (other / others);other — steht vor einem Nomen.;Are there any ___ solutions? (other / others);other — used before a noun.;0;other_before_noun
46;1;G046-V1;English Grammar – Pronouns & Determiners;Almost ___ electricity was generated by wind during the storm. (all / every);all — „all + uncountable noun“.;Almost ___ electricity was generated by wind during the storm. (all / every);all — „all + uncountable noun“.;Almost ___ electricity was generated by wind during the storm. (all / every);all — use “all” with an uncountable noun.;0;all_unc
46;2;G046-V2;English Grammar – Pronouns & Determiners;Almost ___ energy came from renewables. (all / every);all — kann vor uncountable nouns stehen.;Almost ___ energy came from renewables. (all / every);all — kann vor uncountable nouns stehen.;Almost ___ energy came from renewables. (all / every);all — can be used before uncountable nouns.;0;all_unc
46;3;G046-V3;English Grammar – Pronouns & Determiners;Nearly ___ electricity was generated without coal. (all / every);all — kann vor uncountable nouns stehen.;Nearly ___ electricity was generated without coal. (all / every);all — kann vor uncountable nouns stehen.;Nearly ___ electricity was generated without coal. (all / every);all — can be used before uncountable nouns.;0;all_unc
46;4;G046-V4;English Grammar – Pronouns & Determiners;___ available capacity was used during the peak. (all / every);all — kann vor uncountable nouns stehen.;___ available capacity was used during the peak. (all / every);all — kann vor uncountable nouns stehen.;___ available capacity was used during the peak. (all / every);all — can be used before uncountable nouns.;0;all_unc
46;5;G046-V5;English Grammar – Pronouns & Determiners;Almost ___ solar generation was consumed locally. (all / every);all — kann vor uncountable nouns stehen.;Almost ___ solar generation was consumed locally. (all / every);all — kann vor uncountable nouns stehen.;Almost ___ solar generation was consumed locally. (all / every);all — can be used before uncountable nouns.;0;all_unc
47;1;G047-V1;English Grammar – Pronouns & Determiners;___ of these solutions has advantages and disadvantages. (Each / Every);"Each — „each of + Plural/Pronomen“ ist korrekt; „every of“ ist nicht standardsprachlich.";___ of these solutions has advantages and disadvantages. (Each / Every);"Each — „each of + Plural/Pronomen“ ist korrekt; „every of“ ist nicht standardsprachlich.";___ of these solutions has advantages and disadvantages. (Each / Every);"Each — use “each of + plural noun/pronoun”; “every of” is not standard.";0;each_of
47;2;G047-V2;English Grammar – Pronouns & Determiners;___ of the three battery sites has a different layout. (Each / Every);"Each — „each of + Plural/Pronomen“ ist korrekt; „every of“ ist nicht standardsprachlich.";___ of the three battery sites has a different layout. (Each / Every);"Each — „each of + Plural/Pronomen“ ist korrekt; „every of“ ist nicht standardsprachlich.";___ of the three battery sites has a different layout. (Each / Every);"Each — use “each of + plural noun/pronoun”; “every of” is not standard.";0;each_of
47;3;G047-V3;English Grammar – Pronouns & Determiners;___ of the four cables was labelled before installation. (Each / Every);"Each — „each of + Plural/Pronomen“ ist korrekt; „every of“ ist nicht standardsprachlich.";___ of the four cables was labelled before installation. (Each / Every);"Each — „each of + Plural/Pronomen“ ist korrekt; „every of“ ist nicht standardsprachlich.";___ of the four cables was labelled before installation. (Each / Every);"Each — use “each of + plural noun/pronoun”; “every of” is not standard.";0;each_of
47;4;G047-V4;English Grammar – Pronouns & Determiners;___ of the wind turbines has its own maintenance record. (Each / Every);"Each — „each of + Plural/Pronomen“ ist korrekt; „every of“ ist nicht standardsprachlich.";___ of the wind turbines has its own maintenance record. (Each / Every);"Each — „each of + Plural/Pronomen“ ist korrekt; „every of“ ist nicht standardsprachlich.";___ of the wind turbines has its own maintenance record. (Each / Every);"Each — use “each of + plural noun/pronoun”; “every of” is not standard.";0;each_of
47;5;G047-V5;English Grammar – Pronouns & Determiners;___ of these grid models uses different assumptions. (Each / Every);"Each — „each of + Plural/Pronomen“ ist korrekt; „every of“ ist nicht standardsprachlich.";___ of these grid models uses different assumptions. (Each / Every);"Each — „each of + Plural/Pronomen“ ist korrekt; „every of“ ist nicht standardsprachlich.";___ of these grid models uses different assumptions. (Each / Every);"Each — use “each of + plural noun/pronoun”; “every of” is not standard.";0;each_of
48;1;G048-V1;English Grammar – Adjectives & Adverbs;The battery reacts ___. (quick / quickly);quickly — beschreibt das Verb „reacts“.;The battery reacts ___. (quick / quickly);quickly — beschreibt das Verb „reacts“.;The battery reacts ___. (quick / quickly);quickly — it modifies the verb “reacts”.;0;quickly
48;2;G048-V2;English Grammar – Adjectives & Adverbs;The control system reacts ___. (quick / quickly);"quickly — Adverb; beschreibt ein Verb.";The control system reacts ___. (quick / quickly);"quickly — Adverb; beschreibt ein Verb.";The control system reacts ___. (quick / quickly);"quickly — adverb; it modifies a verb.";0;quickly
48;3;G048-V3;English Grammar – Adjectives & Adverbs;The battery responds ___. (quick / quickly);"quickly — Adverb; beschreibt ein Verb.";The battery responds ___. (quick / quickly);"quickly — Adverb; beschreibt ein Verb.";The battery responds ___. (quick / quickly);"quickly — adverb; it modifies a verb.";0;quickly
48;4;G048-V4;English Grammar – Adjectives & Adverbs;The operator acted ___. (quick / quickly);"quickly — Adverb; beschreibt ein Verb.";The operator acted ___. (quick / quickly);"quickly — Adverb; beschreibt ein Verb.";The operator acted ___. (quick / quickly);"quickly — adverb; it modifies a verb.";0;quickly
48;5;G048-V5;English Grammar – Adjectives & Adverbs;Frequency recovered ___. (quick / quickly);"quickly — Adverb; beschreibt ein Verb.";Frequency recovered ___. (quick / quickly);"quickly — Adverb; beschreibt ein Verb.";Frequency recovered ___. (quick / quickly);"quickly — adverb; it modifies a verb.";0;quickly
49;1;G049-V1;English Grammar – Adjectives & Adverbs;The battery has a ___ response. (quick / quickly);quick — beschreibt das Nomen „response“.;The battery has a ___ response. (quick / quickly);quick — beschreibt das Nomen „response“.;The battery has a ___ response. (quick / quickly);quick — it modifies the noun “response”.;0;quick
49;2;G049-V2;English Grammar – Adjectives & Adverbs;The operator made a ___ decision. (quick / quickly);"quick — Adjektiv; beschreibt ein Nomen.";The operator made a ___ decision. (quick / quickly);"quick — Adjektiv; beschreibt ein Nomen.";The operator made a ___ decision. (quick / quickly);"quick — adjective; it modifies a noun.";0;quick
49;3;G049-V3;English Grammar – Adjectives & Adverbs;The system needs a ___ response. (quick / quickly);"quick — Adjektiv; beschreibt ein Nomen.";The system needs a ___ response. (quick / quickly);"quick — Adjektiv; beschreibt ein Nomen.";The system needs a ___ response. (quick / quickly);"quick — adjective; it modifies a noun.";0;quick
49;4;G049-V4;English Grammar – Adjectives & Adverbs;We performed a ___ check. (quick / quickly);"quick — Adjektiv; beschreibt ein Nomen.";We performed a ___ check. (quick / quickly);"quick — Adjektiv; beschreibt ein Nomen.";We performed a ___ check. (quick / quickly);"quick — adjective; it modifies a noun.";0;quick
49;5;G049-V5;English Grammar – Adjectives & Adverbs;The battery allows a ___ restart. (quick / quickly);"quick — Adjektiv; beschreibt ein Nomen.";The battery allows a ___ restart. (quick / quickly);"quick — Adjektiv; beschreibt ein Nomen.";The battery allows a ___ restart. (quick / quickly);"quick — adjective; it modifies a noun.";0;quick
50;1;G050-V1;English Grammar – Adjectives & Adverbs;The system works ___. (efficient / efficiently);efficiently — Adverb zum Verb „works“.;The system works ___. (efficient / efficiently);efficiently — Adverb zum Verb „works“.;The system works ___. (efficient / efficiently);efficiently — adverb modifying “works”.;0;efficiently
50;2;G050-V2;English Grammar – Adjectives & Adverbs;The heat pump runs ___. (efficient / efficiently);"efficiently — Adverb; beschreibt ein Verb.";The heat pump runs ___. (efficient / efficiently);"efficiently — Adverb; beschreibt ein Verb.";The heat pump runs ___. (efficient / efficiently);"efficiently — adverb; it modifies a verb.";0;efficiently
50;3;G050-V3;English Grammar – Adjectives & Adverbs;The battery stores energy ___. (efficient / efficiently);"efficiently — Adverb; beschreibt ein Verb.";The battery stores energy ___. (efficient / efficiently);"efficiently — Adverb; beschreibt ein Verb.";The battery stores energy ___. (efficient / efficiently);"efficiently — adverb; it modifies a verb.";0;efficiently
50;4;G050-V4;English Grammar – Adjectives & Adverbs;The new inverter operates ___. (efficient / efficiently);"efficiently — Adverb; beschreibt ein Verb.";The new inverter operates ___. (efficient / efficiently);"efficiently — Adverb; beschreibt ein Verb.";The new inverter operates ___. (efficient / efficiently);"efficiently — adverb; it modifies a verb.";0;efficiently
50;5;G050-V5;English Grammar – Adjectives & Adverbs;The grid uses available capacity ___. (efficient / efficiently);"efficiently — Adverb; beschreibt ein Verb.";The grid uses available capacity ___. (efficient / efficiently);"efficiently — Adverb; beschreibt ein Verb.";The grid uses available capacity ___. (efficient / efficiently);"efficiently — adverb; it modifies a verb.";0;efficiently
51;1;G051-V1;English Grammar – Adjectives & Adverbs;The new heat pump is very ___. (efficient / efficiently);efficient — Adjektiv nach „is“.;The new heat pump is very ___. (efficient / efficiently);efficient — Adjektiv nach „is“.;The new heat pump is very ___. (efficient / efficiently);efficient — adjective after “is”.;0;efficient
51;2;G051-V2;English Grammar – Adjectives & Adverbs;The new inverter is highly ___. (efficient / efficiently);"efficient — Adjektiv; beschreibt ein Nomen oder steht nach „be“.";The new inverter is highly ___. (efficient / efficiently);"efficient — Adjektiv; beschreibt ein Nomen oder steht nach „be“.";The new inverter is highly ___. (efficient / efficiently);"efficient — adjective; it modifies a noun or follows “be”.";0;efficient
51;3;G051-V3;English Grammar – Adjectives & Adverbs;This battery is more ___. (efficient / efficiently);"efficient — Adjektiv; beschreibt ein Nomen oder steht nach „be“.";This battery is more ___. (efficient / efficiently);"efficient — Adjektiv; beschreibt ein Nomen oder steht nach „be“.";This battery is more ___. (efficient / efficiently);"efficient — adjective; it modifies a noun or follows “be”.";0;efficient
51;4;G051-V4;English Grammar – Adjectives & Adverbs;The heat pump is very ___. (efficient / efficiently);"efficient — Adjektiv; beschreibt ein Nomen oder steht nach „be“.";The heat pump is very ___. (efficient / efficiently);"efficient — Adjektiv; beschreibt ein Nomen oder steht nach „be“.";The heat pump is very ___. (efficient / efficiently);"efficient — adjective; it modifies a noun or follows “be”.";0;efficient
51;5;G051-V5;English Grammar – Adjectives & Adverbs;The new turbine design is ___. (efficient / efficiently);"efficient — Adjektiv; beschreibt ein Nomen oder steht nach „be“.";The new turbine design is ___. (efficient / efficiently);"efficient — Adjektiv; beschreibt ein Nomen oder steht nach „be“.";The new turbine design is ___. (efficient / efficiently);"efficient — adjective; it modifies a noun or follows “be”.";0;efficient
52;1;G052-V1;English Grammar – Adjectives & Adverbs;The forecast was surprisingly ___. (accurate / accurately);accurate — beschreibt „forecast“.;The forecast was surprisingly ___. (accurate / accurately);accurate — beschreibt „forecast“.;The forecast was surprisingly ___. (accurate / accurately);accurate — it describes “forecast”.;0;accurate
52;2;G052-V2;English Grammar – Adjectives & Adverbs;The new forecast is very ___. (accurate / accurately);accurate — Adjektiv.;The new forecast is very ___. (accurate / accurately);accurate — Adjektiv.;The new forecast is very ___. (accurate / accurately);accurate — adjective.;0;accurate
52;3;G052-V3;English Grammar – Adjectives & Adverbs;The measurement was surprisingly ___. (accurate / accurately);accurate — Adjektiv.;The measurement was surprisingly ___. (accurate / accurately);accurate — Adjektiv.;The measurement was surprisingly ___. (accurate / accurately);accurate — adjective.;0;accurate
52;4;G052-V4;English Grammar – Adjectives & Adverbs;The model's estimate was ___. (accurate / accurately);accurate — Adjektiv.;The model's estimate was ___. (accurate / accurately);accurate — Adjektiv.;The model's estimate was ___. (accurate / accurately);accurate — adjective.;0;accurate
52;5;G052-V5;English Grammar – Adjectives & Adverbs;The meter reading seems ___. (accurate / accurately);accurate — Adjektiv.;The meter reading seems ___. (accurate / accurately);accurate — Adjektiv.;The meter reading seems ___. (accurate / accurately);accurate — adjective.;0;accurate
53;1;G053-V1;English Grammar – Adjectives & Adverbs;The model predicted wind output ___. (accurate / accurately);accurately — beschreibt „predicted“.;The model predicted wind output ___. (accurate / accurately);accurately — beschreibt „predicted“.;The model predicted wind output ___. (accurate / accurately);accurately — it modifies “predicted”.;0;accurately
53;2;G053-V2;English Grammar – Adjectives & Adverbs;The model estimates demand ___. (accurate / accurately);accurately — Adverb.;The model estimates demand ___. (accurate / accurately);accurately — Adverb.;The model estimates demand ___. (accurate / accurately);accurately — adverb.;0;accurately
53;3;G053-V3;English Grammar – Adjectives & Adverbs;The meter measures voltage ___. (accurate / accurately);accurately — Adverb.;The meter measures voltage ___. (accurate / accurately);accurately — Adverb.;The meter measures voltage ___. (accurate / accurately);accurately — adverb.;0;accurately
53;4;G053-V4;English Grammar – Adjectives & Adverbs;The forecast predicted solar output ___. (accurate / accurately);accurately — Adverb.;The forecast predicted solar output ___. (accurate / accurately);accurately — Adverb.;The forecast predicted solar output ___. (accurate / accurately);accurately — adverb.;0;accurately
53;5;G053-V5;English Grammar – Adjectives & Adverbs;The sensor records frequency ___. (accurate / accurately);accurately — Adverb.;The sensor records frequency ___. (accurate / accurately);accurately — Adverb.;The sensor records frequency ___. (accurate / accurately);accurately — adverb.;0;accurately
54;1;G054-V1;English Grammar – Adjectives & Adverbs;The grid performed ___ during the storm. (good / well);well — Adverb zu „perform“.;The grid performed ___ during the storm. (good / well);well — Adverb zu „perform“.;The grid performed ___ during the storm. (good / well);well — adverb used with “perform”.;0;well
54;2;G054-V2;English Grammar – Adjectives & Adverbs;The backup system worked ___. (good / well);well — hier Adverb zu einem Verb.;The backup system worked ___. (good / well);well — hier Adverb zu einem Verb.;The backup system worked ___. (good / well);well — here it is an adverb modifying a verb.;0;well
54;3;G054-V3;English Grammar – Adjectives & Adverbs;The battery performed ___. (good / well);well — hier Adverb zu einem Verb.;The battery performed ___. (good / well);well — hier Adverb zu einem Verb.;The battery performed ___. (good / well);well — here it is an adverb modifying a verb.;0;well
54;4;G054-V4;English Grammar – Adjectives & Adverbs;The grid handled the storm ___. (good / well);well — hier Adverb zu einem Verb.;The grid handled the storm ___. (good / well);well — hier Adverb zu einem Verb.;The grid handled the storm ___. (good / well);well — here it is an adverb modifying a verb.;0;well
54;5;G054-V5;English Grammar – Adjectives & Adverbs;The new inverter is working ___. (good / well);well — hier Adverb zu einem Verb.;The new inverter is working ___. (good / well);well — hier Adverb zu einem Verb.;The new inverter is working ___. (good / well);well — here it is an adverb modifying a verb.;0;well
55;1;G055-V1;English Grammar – Adjectives & Adverbs;The forecast looks ___. (good / well);good — nach „look“ beschreibt es den Zustand.;The forecast looks ___. (good / well);good — nach „look“ beschreibt es den Zustand.;The forecast looks ___. (good / well);good — after “look”, it describes the subject.;0;good
55;2;G055-V2;English Grammar – Adjectives & Adverbs;The new forecast looks ___. (good / well);"good — Adjektiv; häufig nach „look/seem/sound“.";The new forecast looks ___. (good / well);"good — Adjektiv; häufig nach „look/seem/sound“.";The new forecast looks ___. (good / well);"good — adjective; often used after “look/seem/sound”.";0;good
55;3;G055-V3;English Grammar – Adjectives & Adverbs;The proposed solution sounds ___. (good / well);"good — Adjektiv; häufig nach „look/seem/sound“.";The proposed solution sounds ___. (good / well);"good — Adjektiv; häufig nach „look/seem/sound“.";The proposed solution sounds ___. (good / well);"good — adjective; often used after “look/seem/sound”.";0;good
55;4;G055-V4;English Grammar – Adjectives & Adverbs;The test result seems ___. (good / well);"good — Adjektiv; häufig nach „look/seem/sound“.";The test result seems ___. (good / well);"good — Adjektiv; häufig nach „look/seem/sound“.";The test result seems ___. (good / well);"good — adjective; often used after “look/seem/sound”.";0;good
55;5;G055-V5;English Grammar – Adjectives & Adverbs;The plan looks ___. (good / well);"good — Adjektiv; häufig nach „look/seem/sound“.";The plan looks ___. (good / well);"good — Adjektiv; häufig nach „look/seem/sound“.";The plan looks ___. (good / well);"good — adjective; often used after “look/seem/sound”.";0;good
56;1;G056-V1;English Grammar – Adjectives & Adverbs;Electricity demand rose ___. (sudden / suddenly);suddenly — beschreibt das Verb „rose“.;Electricity demand rose ___. (sudden / suddenly);suddenly — beschreibt das Verb „rose“.;Electricity demand rose ___. (sudden / suddenly);suddenly — it modifies the verb “rose”.;0;suddenly
56;2;G056-V2;English Grammar – Adjectives & Adverbs;Wind speed dropped ___. (sudden / suddenly);suddenly — Adverb.;Wind speed dropped ___. (sudden / suddenly);suddenly — Adverb.;Wind speed dropped ___. (sudden / suddenly);suddenly — adverb.;0;suddenly
56;3;G056-V3;English Grammar – Adjectives & Adverbs;Demand increased ___. (sudden / suddenly);suddenly — Adverb.;Demand increased ___. (sudden / suddenly);suddenly — Adverb.;Demand increased ___. (sudden / suddenly);suddenly — adverb.;0;suddenly
56;4;G056-V4;English Grammar – Adjectives & Adverbs;Solar output changed ___. (sudden / suddenly);suddenly — Adverb.;Solar output changed ___. (sudden / suddenly);suddenly — Adverb.;Solar output changed ___. (sudden / suddenly);suddenly — adverb.;0;suddenly
56;5;G056-V5;English Grammar – Adjectives & Adverbs;Grid frequency fell ___. (sudden / suddenly);suddenly — Adverb.;Grid frequency fell ___. (sudden / suddenly);suddenly — Adverb.;Grid frequency fell ___. (sudden / suddenly);suddenly — adverb.;0;suddenly
57;1;G057-V1;English Grammar – Adjectives & Adverbs;There was a ___ rise in demand. (sudden / suddenly);sudden — beschreibt das Nomen „rise“.;There was a ___ rise in demand. (sudden / suddenly);sudden — beschreibt das Nomen „rise“.;There was a ___ rise in demand. (sudden / suddenly);sudden — it modifies the noun “rise”.;0;sudden
57;2;G057-V2;English Grammar – Adjectives & Adverbs;There was a ___ drop in wind output. (sudden / suddenly);sudden — Adjektiv.;There was a ___ drop in wind output. (sudden / suddenly);sudden — Adjektiv.;There was a ___ drop in wind output. (sudden / suddenly);sudden — adjective.;0;sudden
57;3;G057-V3;English Grammar – Adjectives & Adverbs;The grid experienced a ___ change in demand. (sudden / suddenly);sudden — Adjektiv.;The grid experienced a ___ change in demand. (sudden / suddenly);sudden — Adjektiv.;The grid experienced a ___ change in demand. (sudden / suddenly);sudden — adjective.;0;sudden
57;4;G057-V4;English Grammar – Adjectives & Adverbs;A ___ rise in frequency triggered an alarm. (sudden / suddenly);sudden — Adjektiv.;A ___ rise in frequency triggered an alarm. (sudden / suddenly);sudden — Adjektiv.;A ___ rise in frequency triggered an alarm. (sudden / suddenly);sudden — adjective.;0;sudden
57;5;G057-V5;English Grammar – Adjectives & Adverbs;The plant stopped after a ___ fault. (sudden / suddenly);sudden — Adjektiv.;The plant stopped after a ___ fault. (sudden / suddenly);sudden — Adjektiv.;The plant stopped after a ___ fault. (sudden / suddenly);sudden — adjective.;0;sudden
58;1;G058-V1;English Grammar – Adjectives & Adverbs;The turbine is operating ___. (normal / normally);normally — beschreibt „operating“.;The turbine is operating ___. (normal / normally);normally — beschreibt „operating“.;The turbine is operating ___. (normal / normally);normally — it modifies “operating”.;0;normally
58;2;G058-V2;English Grammar – Adjectives & Adverbs;The system is functioning ___. (normal / normally);normally — Adverb.;The system is functioning ___. (normal / normally);normally — Adverb.;The system is functioning ___. (normal / normally);normally — adverb.;0;normally
58;3;G058-V3;English Grammar – Adjectives & Adverbs;The battery is charging ___. (normal / normally);normally — Adverb.;The battery is charging ___. (normal / normally);normally — Adverb.;The battery is charging ___. (normal / normally);normally — adverb.;0;normally
58;4;G058-V4;English Grammar – Adjectives & Adverbs;The grid is operating ___. (normal / normally);normally — Adverb.;The grid is operating ___. (normal / normally);normally — Adverb.;The grid is operating ___. (normal / normally);normally — adverb.;0;normally
58;5;G058-V5;English Grammar – Adjectives & Adverbs;The turbine is running ___. (normal / normally);normally — Adverb.;The turbine is running ___. (normal / normally);normally — Adverb.;The turbine is running ___. (normal / normally);normally — adverb.;0;normally
59;1;G059-V1;English Grammar – Adjectives & Adverbs;This level of fluctuation is ___. (normal / normally);normal — Adjektiv nach „is“.;This level of fluctuation is ___. (normal / normally);normal — Adjektiv nach „is“.;This level of fluctuation is ___. (normal / normally);normal — adjective after “is”.;0;normal
59;2;G059-V2;English Grammar – Adjectives & Adverbs;This level of demand is ___. (normal / normally);normal — Adjektiv.;This level of demand is ___. (normal / normally);normal — Adjektiv.;This level of demand is ___. (normal / normally);normal — adjective.;0;normal
59;3;G059-V3;English Grammar – Adjectives & Adverbs;The battery temperature is ___. (normal / normally);normal — Adjektiv.;The battery temperature is ___. (normal / normally);normal — Adjektiv.;The battery temperature is ___. (normal / normally);normal — adjective.;0;normal
59;4;G059-V4;English Grammar – Adjectives & Adverbs;The voltage is ___ again. (normal / normally);normal — Adjektiv nach dem Verknüpfungsverb „is“.;The voltage is ___ again. (normal / normally);normal — Adjektiv nach dem Verknüpfungsverb „is“.;The voltage is ___ again. (normal / normally);normal — adjective after the linking verb “is”.;0;normal
59;5;G059-V5;English Grammar – Adjectives & Adverbs;The output is completely ___. (normal / normally);normal — Adjektiv.;The output is completely ___. (normal / normally);normal — Adjektiv.;The output is completely ___. (normal / normally);normal — adjective.;0;normal
60;1;G060-V1;English Grammar – Adjectives & Adverbs;Wind output can vary ___. (considerable / considerably);considerably — Adverb zu „vary“.;Wind output can vary ___. (considerable / considerably);considerably — Adverb zu „vary“.;Wind output can vary ___. (considerable / considerably);considerably — adverb modifying “vary”.;0;considerably
60;2;G060-V2;English Grammar – Adjectives & Adverbs;Wind generation increased ___. (considerable / considerably);considerably — Adverb.;Wind generation increased ___. (considerable / considerably);considerably — Adverb.;Wind generation increased ___. (considerable / considerably);considerably — adverb.;0;considerably
60;3;G060-V3;English Grammar – Adjectives & Adverbs;Battery costs have fallen ___. (considerable / considerably);considerably — Adverb.;Battery costs have fallen ___. (considerable / considerably);considerably — Adverb.;Battery costs have fallen ___. (considerable / considerably);considerably — adverb.;0;considerably
60;4;G060-V4;English Grammar – Adjectives & Adverbs;Demand can change ___. (considerable / considerably);considerably — Adverb.;Demand can change ___. (considerable / considerably);considerably — Adverb.;Demand can change ___. (considerable / considerably);considerably — adverb.;0;considerably
60;5;G060-V5;English Grammar – Adjectives & Adverbs;The new line increases capacity ___. (considerable / considerably);considerably — Adverb.;The new line increases capacity ___. (considerable / considerably);considerably — Adverb.;The new line increases capacity ___. (considerable / considerably);considerably — adverb.;0;considerably
61;1;G061-V1;English Grammar – Adjectives & Adverbs;The project requires ___ planning. (careful / carefully);careful — beschreibt „planning“.;The project requires ___ planning. (careful / carefully);careful — beschreibt „planning“.;The project requires ___ planning. (careful / carefully);careful — it modifies the noun “planning”.;0;careful
61;2;G061-V2;English Grammar – Adjectives & Adverbs;The upgrade requires ___ planning. (careful / carefully);careful — Adjektiv.;The upgrade requires ___ planning. (careful / carefully);careful — Adjektiv.;The upgrade requires ___ planning. (careful / carefully);careful — adjective.;0;careful
61;3;G061-V3;English Grammar – Adjectives & Adverbs;The fault needs a ___ analysis. (careful / carefully);careful — Adjektiv.;The fault needs a ___ analysis. (careful / carefully);careful — Adjektiv.;The fault needs a ___ analysis. (careful / carefully);careful — adjective.;0;careful
61;4;G061-V4;English Grammar – Adjectives & Adverbs;The cable requires a ___ inspection. (careful / carefully);careful — Adjektiv.;The cable requires a ___ inspection. (careful / carefully);careful — Adjektiv.;The cable requires a ___ inspection. (careful / carefully);careful — adjective.;0;careful
61;5;G061-V5;English Grammar – Adjectives & Adverbs;The project began after ___ preparation. (careful / carefully);careful — Adjektiv.;The project began after ___ preparation. (careful / carefully);careful — Adjektiv.;The project began after ___ preparation. (careful / carefully);careful — adjective.;0;careful
62;1;G062-V1;English Grammar – Adjectives & Adverbs;Engineers monitor the grid ___. (careful / carefully);carefully — beschreibt das Verb „monitor“.;Engineers monitor the grid ___. (careful / carefully);carefully — beschreibt das Verb „monitor“.;Engineers monitor the grid ___. (careful / carefully);carefully — it modifies the verb “monitor”.;0;carefully
62;2;G062-V2;English Grammar – Adjectives & Adverbs;Engineers inspect the cables ___. (careful / carefully);carefully — Adverb.;Engineers inspect the cables ___. (careful / carefully);carefully — Adverb.;Engineers inspect the cables ___. (careful / carefully);carefully — adverb.;0;carefully
62;3;G062-V3;English Grammar – Adjectives & Adverbs;The operator checks the forecast ___. (careful / carefully);carefully — Adverb.;The operator checks the forecast ___. (careful / carefully);carefully — Adverb.;The operator checks the forecast ___. (careful / carefully);carefully — adverb.;0;carefully
62;4;G062-V4;English Grammar – Adjectives & Adverbs;We analysed the measurement data ___. (careful / carefully);carefully — Adverb.;We analysed the measurement data ___. (careful / carefully);carefully — Adverb.;We analysed the measurement data ___. (careful / carefully);carefully — adverb.;0;carefully
62;5;G062-V5;English Grammar – Adjectives & Adverbs;Technicians monitor the transformer ___. (careful / carefully);carefully — Adverb.;Technicians monitor the transformer ___. (careful / carefully);carefully — Adverb.;Technicians monitor the transformer ___. (careful / carefully);carefully — adverb.;0;carefully
63;1;G063-V1;English Grammar – Relative Clauses;The engineer ___ analysed the data works for the grid operator.;who — für Personen.;The engineer ___ analysed the data works for the grid operator.;who — für Personen.;The engineer ___ analysed the data works for the grid operator.;who — used for people.;0;rel_who_subject
63;2;G063-V2;English Grammar – Relative Clauses;The technician ___ repaired the inverter works for the operator.;who — für Personen als Subjekt des Relativsatzes.;The technician ___ repaired the inverter works for the operator.;who — für Personen als Subjekt des Relativsatzes.;The technician ___ repaired the inverter works for the operator.;who — used for people as the subject of the relative clause.;0;rel_who_subject
63;3;G063-V3;English Grammar – Relative Clauses;The analyst ___ prepared the forecast is presenting the results.;who — für Personen als Subjekt des Relativsatzes.;The analyst ___ prepared the forecast is presenting the results.;who — für Personen als Subjekt des Relativsatzes.;The analyst ___ prepared the forecast is presenting the results.;who — used for people as the subject of the relative clause.;0;rel_who_subject
63;4;G063-V4;English Grammar – Relative Clauses;The engineer ___ designed the cable route joined the meeting.;who — für Personen als Subjekt des Relativsatzes.;The engineer ___ designed the cable route joined the meeting.;who — für Personen als Subjekt des Relativsatzes.;The engineer ___ designed the cable route joined the meeting.;who — used for people as the subject of the relative clause.;0;rel_who_subject
63;5;G063-V5;English Grammar – Relative Clauses;The researcher ___ studies battery ageing published the report.;who — für Personen als Subjekt des Relativsatzes.;The researcher ___ studies battery ageing published the report.;who — für Personen als Subjekt des Relativsatzes.;The researcher ___ studies battery ageing published the report.;who — used for people as the subject of the relative clause.;0;rel_who_subject
64;1;G064-V1;English Grammar – Relative Clauses;The turbine ___ stopped yesterday has been repaired.;that / which — für Dinge.;The turbine ___ stopped yesterday has been repaired.;that / which — für Dinge.;The turbine ___ stopped yesterday has been repaired.;that / which — used for things.;0;rel_thing_subject
64;2;G064-V2;English Grammar – Relative Clauses;The battery ___ failed has been replaced.;that / which — für Dinge in definierenden Relativsätzen.;The battery ___ failed has been replaced.;that / which — für Dinge in definierenden Relativsätzen.;The battery ___ failed has been replaced.;that / which — used for things in defining relative clauses.;0;rel_thing_subject
64;3;G064-V3;English Grammar – Relative Clauses;The cable ___ connects the offshore platform is undersea.;that / which — für Dinge in definierenden Relativsätzen.;The cable ___ connects the offshore platform is undersea.;that / which — für Dinge in definierenden Relativsätzen.;The cable ___ connects the offshore platform is undersea.;that / which — used for things in defining relative clauses.;0;rel_thing_subject
64;4;G064-V4;English Grammar – Relative Clauses;The sensor ___ measures frequency sends data every second.;that / which — für Dinge in definierenden Relativsätzen.;The sensor ___ measures frequency sends data every second.;that / which — für Dinge in definierenden Relativsätzen.;The sensor ___ measures frequency sends data every second.;that / which — used for things in defining relative clauses.;0;rel_thing_subject
64;5;G064-V5;English Grammar – Relative Clauses;The inverter ___ controls the solar system is mounted outside.;that / which — für Dinge in definierenden Relativsätzen.;The inverter ___ controls the solar system is mounted outside.;that / which — für Dinge in definierenden Relativsätzen.;The inverter ___ controls the solar system is mounted outside.;that / which — used for things in defining relative clauses.;0;rel_thing_subject
65;1;G065-V1;English Grammar – Relative Clauses;The company ___ operates the grid is expanding it.;that / which — definierender Relativsatz.;The company ___ operates the grid is expanding it.;that / which — definierender Relativsatz.;The company ___ operates the grid is expanding it.;that / which — defining relative clause.;0;rel_company_subject
65;2;G065-V2;English Grammar – Relative Clauses;The company ___ develops battery systems is expanding.;that / which — definierender Relativsatz für Dinge/Organisationen.;The company ___ develops battery systems is expanding.;that / which — definierender Relativsatz für Dinge/Organisationen.;The company ___ develops battery systems is expanding.;that / which — defining relative clause for things or organisations.;0;rel_company_subject
65;3;G065-V3;English Grammar – Relative Clauses;The operator ___ manages the transmission grid published new data.;that / which — definierender Relativsatz für Dinge/Organisationen.;The operator ___ manages the transmission grid published new data.;that / which — definierender Relativsatz für Dinge/Organisationen.;The operator ___ manages the transmission grid published new data.;that / which — defining relative clause for things or organisations.;0;rel_company_subject
65;4;G065-V4;English Grammar – Relative Clauses;The firm ___ built the wind farm also maintains it.;that / which — definierender Relativsatz für Dinge/Organisationen.;The firm ___ built the wind farm also maintains it.;that / which — definierender Relativsatz für Dinge/Organisationen.;The firm ___ built the wind farm also maintains it.;that / which — defining relative clause for things or organisations.;0;rel_company_subject
65;5;G065-V5;English Grammar – Relative Clauses;The utility ___ supplies the town buys renewable electricity.;that / which — definierender Relativsatz für Dinge/Organisationen.;The utility ___ supplies the town buys renewable electricity.;that / which — definierender Relativsatz für Dinge/Organisationen.;The utility ___ supplies the town buys renewable electricity.;that / which — defining relative clause for things or organisations.;0;rel_company_subject
66;1;G066-V1;English Grammar – Relative Clauses;The engineer ___ idea improved the forecast received an award.;whose — zeigt Besitz/Zugehörigkeit.;The engineer ___ idea improved the forecast received an award.;whose — zeigt Besitz/Zugehörigkeit.;The engineer ___ idea improved the forecast received an award.;whose — shows possession.;0;rel_whose
66;2;G066-V2;English Grammar – Relative Clauses;The engineer ___ model improved the forecast presented the results.;whose — zeigt Besitz oder Zugehörigkeit.;The engineer ___ model improved the forecast presented the results.;whose — zeigt Besitz oder Zugehörigkeit.;The engineer ___ model improved the forecast presented the results.;whose — shows possession or association.;0;rel_whose
66;3;G066-V3;English Grammar – Relative Clauses;The company ___ battery failed replaced the unit.;whose — zeigt Besitz oder Zugehörigkeit.;The company ___ battery failed replaced the unit.;whose — zeigt Besitz oder Zugehörigkeit.;The company ___ battery failed replaced the unit.;whose — shows possession or association.;0;rel_whose
66;4;G066-V4;English Grammar – Relative Clauses;The researcher ___ study examined offshore wind spoke at the conference.;whose — zeigt Besitz oder Zugehörigkeit.;The researcher ___ study examined offshore wind spoke at the conference.;whose — zeigt Besitz oder Zugehörigkeit.;The researcher ___ study examined offshore wind spoke at the conference.;whose — shows possession or association.;0;rel_whose
66;5;G066-V5;English Grammar – Relative Clauses;The operator ___ control room was upgraded invited us to visit.;whose — zeigt Besitz oder Zugehörigkeit.;The operator ___ control room was upgraded invited us to visit.;whose — zeigt Besitz oder Zugehörigkeit.;The operator ___ control room was upgraded invited us to visit.;whose — shows possession or association.;0;rel_whose
67;1;G067-V1;English Grammar – Relative Clauses;This is the region ___ most offshore wind farms are located.;where — für Orte.;This is the region ___ most offshore wind farms are located.;where — für Orte.;This is the region ___ most offshore wind farms are located.;where — used for places.;0;rel_where
67;2;G067-V2;English Grammar – Relative Clauses;This is the site ___ the new substation will be built.;where — für Orte, an denen etwas passiert.;This is the site ___ the new substation will be built.;where — für Orte, an denen etwas passiert.;This is the site ___ the new substation will be built.;where — used for places where something happens.;0;rel_where
67;3;G067-V3;English Grammar – Relative Clauses;The control room is the place ___ operators monitor frequency.;where — für Orte, an denen etwas passiert.;The control room is the place ___ operators monitor frequency.;where — für Orte, an denen etwas passiert.;The control room is the place ___ operators monitor frequency.;where — used for places where something happens.;0;rel_where
67;4;G067-V4;English Grammar – Relative Clauses;We visited the region ___ offshore wind is expanding rapidly.;where — für Orte, an denen etwas passiert.;We visited the region ___ offshore wind is expanding rapidly.;where — für Orte, an denen etwas passiert.;We visited the region ___ offshore wind is expanding rapidly.;where — used for places where something happens.;0;rel_where
67;5;G067-V5;English Grammar – Relative Clauses;That is the building ___ the battery system is installed.;where — für Orte, an denen etwas passiert.;That is the building ___ the battery system is installed.;where — für Orte, an denen etwas passiert.;That is the building ___ the battery system is installed.;where — used for places where something happens.;0;rel_where
68;1;G068-V1;English Grammar – Relative Clauses;2025 was the year ___ solar generation reached a new record.;"when — eine übliche Wahl nach einer Zeitangabe; in vielen bestimmenden Relativsätzen sind auch „that“ oder das Weglassen des Relativworts möglich.";2025 was the year ___ solar generation reached a new record.;"when — eine übliche Wahl nach einer Zeitangabe; in vielen bestimmenden Relativsätzen sind auch „that“ oder das Weglassen des Relativworts möglich.";2025 was the year ___ solar generation reached a new record.;"when — a standard choice after a time expression; in many defining clauses, “that” or no relative word can also be possible.";0;rel_when
68;2;G068-V2;English Grammar – Relative Clauses;2024 was the year ___ the new line entered operation.;"when — eine übliche Wahl nach einer Zeitangabe; in vielen bestimmenden Relativsätzen sind auch „that“ oder das Weglassen des Relativworts möglich.";2024 was the year ___ the new line entered operation.;"when — eine übliche Wahl nach einer Zeitangabe; in vielen bestimmenden Relativsätzen sind auch „that“ oder das Weglassen des Relativworts möglich.";2024 was the year ___ the new line entered operation.;"when — a standard choice after a time expression; in many defining clauses, “that” or no relative word can also be possible.";0;rel_when
68;3;G068-V3;English Grammar – Relative Clauses;Winter is the season ___ electricity demand is often highest.;"when — eine übliche Wahl nach einer Zeitangabe; in vielen bestimmenden Relativsätzen sind auch „that“ oder das Weglassen des Relativworts möglich.";Winter is the season ___ electricity demand is often highest.;"when — eine übliche Wahl nach einer Zeitangabe; in vielen bestimmenden Relativsätzen sind auch „that“ oder das Weglassen des Relativworts möglich.";Winter is the season ___ electricity demand is often highest.;"when — a standard choice after a time expression; in many defining clauses, “that” or no relative word can also be possible.";0;rel_when
68;4;G068-V4;English Grammar – Relative Clauses;The day ___ the battery failed was extremely cold.;"when — eine übliche Wahl nach einer Zeitangabe; in vielen bestimmenden Relativsätzen sind auch „that“ oder das Weglassen des Relativworts möglich.";The day ___ the battery failed was extremely cold.;"when — eine übliche Wahl nach einer Zeitangabe; in vielen bestimmenden Relativsätzen sind auch „that“ oder das Weglassen des Relativworts möglich.";The day ___ the battery failed was extremely cold.;"when — a standard choice after a time expression; in many defining clauses, “that” or no relative word can also be possible.";0;rel_when
68;5;G068-V5;English Grammar – Relative Clauses;Noon is the time ___ solar output often peaks.;"when — eine übliche Wahl nach einer Zeitangabe; in vielen bestimmenden Relativsätzen sind auch „that“ oder das Weglassen des Relativworts möglich.";Noon is the time ___ solar output often peaks.;"when — eine übliche Wahl nach einer Zeitangabe; in vielen bestimmenden Relativsätzen sind auch „that“ oder das Weglassen des Relativworts möglich.";Noon is the time ___ solar output often peaks.;"when — a standard choice after a time expression; in many defining clauses, “that” or no relative word can also be possible.";0;rel_when
69;1;G069-V1;English Grammar – Relative Clauses;The battery, ___ was installed last year, is being replaced.;"which — nicht-definierender Relativsatz; kein „that“ nach Komma.";The battery, ___ was installed last year, is being replaced.;"which — nicht-definierender Relativsatz; kein „that“ nach Komma.";The battery, ___ was installed last year, is being replaced.;"which — non-defining clause; do not use “that” after a comma.";0;rel_which_nondef
69;2;G069-V2;English Grammar – Relative Clauses;The battery, ___ was installed in 2025, is still under warranty.;"which — in nicht-definierenden Relativsätzen; nach Komma kein „that“.";The battery, ___ was installed in 2025, is still under warranty.;"which — in nicht-definierenden Relativsätzen; nach Komma kein „that“.";The battery, ___ was installed in 2025, is still under warranty.;"which — used in non-defining relative clauses; do not use “that” after a comma.";0;rel_which_nondef
69;3;G069-V3;English Grammar – Relative Clauses;The offshore cable, ___ is 200 kilometres long, connects two countries.;"which — in nicht-definierenden Relativsätzen; nach Komma kein „that“.";The offshore cable, ___ is 200 kilometres long, connects two countries.;"which — in nicht-definierenden Relativsätzen; nach Komma kein „that“.";The offshore cable, ___ is 200 kilometres long, connects two countries.;"which — used in non-defining relative clauses; do not use “that” after a comma.";0;rel_which_nondef
69;4;G069-V4;English Grammar – Relative Clauses;The substation, ___ was recently upgraded, can handle more power.;"which — in nicht-definierenden Relativsätzen; nach Komma kein „that“.";The substation, ___ was recently upgraded, can handle more power.;"which — in nicht-definierenden Relativsätzen; nach Komma kein „that“.";The substation, ___ was recently upgraded, can handle more power.;"which — used in non-defining relative clauses; do not use “that” after a comma.";0;rel_which_nondef
69;5;G069-V5;English Grammar – Relative Clauses;The wind farm, ___ has 60 turbines, supplies thousands of homes.;"which — in nicht-definierenden Relativsätzen; nach Komma kein „that“.";The wind farm, ___ has 60 turbines, supplies thousands of homes.;"which — in nicht-definierenden Relativsätzen; nach Komma kein „that“.";The wind farm, ___ has 60 turbines, supplies thousands of homes.;"which — used in non-defining relative clauses; do not use “that” after a comma.";0;rel_which_nondef
70;1;G070-V1;English Grammar – Relative Clauses;The people ___ live near the substation were informed.;who / that — Personen in definierendem Relativsatz.;The people ___ live near the substation were informed.;who / that — Personen in definierendem Relativsatz.;The people ___ live near the substation were informed.;who / that — people in a defining relative clause.;0;rel_who_that_person
70;2;G070-V2;English Grammar – Relative Clauses;The technicians ___ work offshore need special training.;who / that — für Personen in definierenden Relativsätzen.;The technicians ___ work offshore need special training.;who / that — für Personen in definierenden Relativsätzen.;The technicians ___ work offshore need special training.;who / that — used for people in defining relative clauses.;0;rel_who_that_person
70;3;G070-V3;English Grammar – Relative Clauses;The people ___ live near the line were informed.;who / that — für Personen in definierenden Relativsätzen.;The people ___ live near the line were informed.;who / that — für Personen in definierenden Relativsätzen.;The people ___ live near the line were informed.;who / that — used for people in defining relative clauses.;0;rel_who_that_person
70;4;G070-V4;English Grammar – Relative Clauses;The engineers ___ monitor the system work in shifts.;who / that — für Personen in definierenden Relativsätzen.;The engineers ___ monitor the system work in shifts.;who / that — für Personen in definierenden Relativsätzen.;The engineers ___ monitor the system work in shifts.;who / that — used for people in defining relative clauses.;0;rel_who_that_person
70;5;G070-V5;English Grammar – Relative Clauses;The households ___ produce solar power can feed electricity into the grid.;who / that — für Personen in definierenden Relativsätzen.;The households ___ produce solar power can feed electricity into the grid.;who / that — für Personen in definierenden Relativsätzen.;The households ___ produce solar power can feed electricity into the grid.;who / that — used for people in defining relative clauses.;0;rel_who_that_person
71;1;G071-V1;English Grammar – Relative Clauses;The report ___ I read explains balancing energy.;that / which — Objekt kann auch weggelassen werden.;The report ___ I read explains balancing energy.;that / which — Objekt kann auch weggelassen werden.;The report ___ I read explains balancing energy.;that / which — the object pronoun may also be omitted.;0;rel_object_optional
71;2;G071-V2;English Grammar – Relative Clauses;The report ___ we discussed contains new grid data.;that / which / kein Pronomen — als Objekt kann das Relativpronomen entfallen.;The report ___ we discussed contains new grid data.;that / which / kein Pronomen — als Objekt kann das Relativpronomen entfallen.;The report ___ we discussed contains new grid data.;that / which / no pronoun — an object relative pronoun can be omitted.;0;rel_object_optional
71;3;G071-V3;English Grammar – Relative Clauses;The battery ___ we tested performed well.;that / which / kein Pronomen — als Objekt kann das Relativpronomen entfallen.;The battery ___ we tested performed well.;that / which / kein Pronomen — als Objekt kann das Relativpronomen entfallen.;The battery ___ we tested performed well.;that / which / no pronoun — an object relative pronoun can be omitted.;0;rel_object_optional
71;4;G071-V4;English Grammar – Relative Clauses;The forecast ___ the operator used was accurate.;that / which / kein Pronomen — als Objekt kann das Relativpronomen entfallen.;The forecast ___ the operator used was accurate.;that / which / kein Pronomen — als Objekt kann das Relativpronomen entfallen.;The forecast ___ the operator used was accurate.;that / which / no pronoun — an object relative pronoun can be omitted.;0;rel_object_optional
71;5;G071-V5;English Grammar – Relative Clauses;The wind farm ___ we visited is near the coast.;that / which / kein Pronomen — als Objekt kann das Relativpronomen entfallen.;The wind farm ___ we visited is near the coast.;that / which / kein Pronomen — als Objekt kann das Relativpronomen entfallen.;The wind farm ___ we visited is near the coast.;that / which / no pronoun — an object relative pronoun can be omitted.;0;rel_object_optional
72;1;G072-V1;English Grammar – Relative Clauses;The report I read explains balancing energy. Warum fehlt das Relativpronomen?;Weil es das Objekt des Relativsatzes ist und weggelassen werden kann.;The report I read explains balancing energy. Warum fehlt das Relativpronomen?;Weil es das Objekt des Relativsatzes ist und weggelassen werden kann.;The report I read explains balancing energy. Why is there no relative pronoun?;Because it is the object of the relative clause and can be omitted.;0;rel_omission_rule
72;2;G072-V2;English Grammar – Relative Clauses;Warum kann man in „The data we analysed was useful“ das Relativpronomen weglassen?;Wenn das Relativpronomen Objekt ist, kann es in einem definierenden Relativsatz oft entfallen.;Warum kann man in „The data we analysed was useful“ das Relativpronomen weglassen?;Wenn das Relativpronomen Objekt ist, kann es in einem definierenden Relativsatz oft entfallen.;Why can the relative pronoun be omitted in “The data we analysed was useful”?;When the relative pronoun is the object, it can often be omitted in a defining relative clause.;0;rel_omission_rule
72;3;G072-V3;English Grammar – Relative Clauses;Wann darf das Relativpronomen in einem definierenden Relativsatz entfallen?;Wenn das Relativpronomen Objekt ist, kann es in einem definierenden Relativsatz oft entfallen.;Wann darf das Relativpronomen in einem definierenden Relativsatz entfallen?;Wenn das Relativpronomen Objekt ist, kann es in einem definierenden Relativsatz oft entfallen.;When can the relative pronoun be omitted in a defining relative clause?;When the relative pronoun is the object, it can often be omitted in a defining relative clause.;0;rel_omission_rule
72;4;G072-V4;English Grammar – Relative Clauses;Warum ist „The battery we tested“ korrekt, obwohl zwischen „battery“ und „we“ kein „that“ steht?;Wenn das Relativpronomen Objekt ist, kann es in einem definierenden Relativsatz oft entfallen.;Warum ist „The battery we tested“ korrekt, obwohl zwischen „battery“ und „we“ kein „that“ steht?;Wenn das Relativpronomen Objekt ist, kann es in einem definierenden Relativsatz oft entfallen.;Why is “The battery we tested” correct without “that” between “battery” and “we”?;When the relative pronoun is the object, it can often be omitted in a defining relative clause.;0;rel_omission_rule
72;5;G072-V5;English Grammar – Relative Clauses;Kann man das Relativpronomen weglassen, wenn es Objekt des Relativsatzes ist?;Wenn das Relativpronomen Objekt ist, kann es in einem definierenden Relativsatz oft entfallen.;Kann man das Relativpronomen weglassen, wenn es Objekt des Relativsatzes ist?;Wenn das Relativpronomen Objekt ist, kann es in einem definierenden Relativsatz oft entfallen.;Can the relative pronoun be omitted when it is the object of the relative clause?;When the relative pronoun is the object, it can often be omitted in a defining relative clause.;0;rel_omission_rule
73;1;G073-V1;English Grammar – Relative Clauses;The grid operator, ___ headquarters are in Germany, manages several lines.;whose — Besitz/Zugehörigkeit auch bei Organisationen.;The grid operator, ___ headquarters are in Germany, manages several lines.;whose — Besitz/Zugehörigkeit auch bei Organisationen.;The grid operator, ___ headquarters are in Germany, manages several lines.;whose — possession can also refer to organisations.;0;rel_whose_org
73;2;G073-V2;English Grammar – Relative Clauses;The operator, ___ control centre is in Berlin, manages several lines.;whose — kann auch Besitz/Zugehörigkeit bei Organisationen ausdrücken.;The operator, ___ control centre is in Berlin, manages several lines.;whose — kann auch Besitz/Zugehörigkeit bei Organisationen ausdrücken.;The operator, ___ control centre is in Berlin, manages several lines.;whose — can also show possession or association for organisations.;0;rel_whose_org
73;3;G073-V3;English Grammar – Relative Clauses;The company, ___ turbines are used offshore, opened a new factory.;whose — kann auch Besitz/Zugehörigkeit bei Organisationen ausdrücken.;The company, ___ turbines are used offshore, opened a new factory.;whose — kann auch Besitz/Zugehörigkeit bei Organisationen ausdrücken.;The company, ___ turbines are used offshore, opened a new factory.;whose — can also show possession or association for organisations.;0;rel_whose_org
73;4;G073-V4;English Grammar – Relative Clauses;The utility, ___ customers include large industries, published its forecast.;whose — kann auch Besitz/Zugehörigkeit bei Organisationen ausdrücken.;The utility, ___ customers include large industries, published its forecast.;whose — kann auch Besitz/Zugehörigkeit bei Organisationen ausdrücken.;The utility, ___ customers include large industries, published its forecast.;whose — can also show possession or association for organisations.;0;rel_whose_org
73;5;G073-V5;English Grammar – Relative Clauses;The project, ___ budget was increased, will continue next year.;whose — kann auch Besitz/Zugehörigkeit bei Organisationen ausdrücken.;The project, ___ budget was increased, will continue next year.;whose — kann auch Besitz/Zugehörigkeit bei Organisationen ausdrücken.;The project, ___ budget was increased, will continue next year.;whose — can also show possession or association for organisations.;0;rel_whose_org
74;1;G074-V1;English Grammar – Relative Clauses;The control room is the place ___ operators monitor the grid.;where — Ort, an dem etwas passiert.;The control room is the place ___ operators monitor the grid.;where — Ort, an dem etwas passiert.;The control room is the place ___ operators monitor the grid.;where — a place where something happens.;0;rel_where
74;2;G074-V2;English Grammar – Relative Clauses;This is the coastal area ___ several offshore projects are planned.;where — für Orte, an denen etwas passiert.;This is the coastal area ___ several offshore projects are planned.;where — für Orte, an denen etwas passiert.;This is the coastal area ___ several offshore projects are planned.;where — used for places where something happens.;0;rel_where
74;3;G074-V3;English Grammar – Relative Clauses;That is the room ___ the control system is installed.;where — für Orte, an denen etwas passiert.;That is the room ___ the control system is installed.;where — für Orte, an denen etwas passiert.;That is the room ___ the control system is installed.;where — used for places where something happens.;0;rel_where
74;4;G074-V4;English Grammar – Relative Clauses;The coast is the area ___ most new turbines are planned.;where — für Orte, an denen etwas passiert.;The coast is the area ___ most new turbines are planned.;where — für Orte, an denen etwas passiert.;The coast is the area ___ most new turbines are planned.;where — used for places where something happens.;0;rel_where
74;5;G074-V5;English Grammar – Relative Clauses;This is the test centre ___ the inverter was developed.;where — für Orte, an denen etwas passiert.;This is the test centre ___ the inverter was developed.;where — für Orte, an denen etwas passiert.;This is the test centre ___ the inverter was developed.;where — used for places where something happens.;0;rel_where
75;1;G075-V1;English Grammar – Relative Clauses;Complete with all natural options: The day ___ electricity prices turned negative was extremely windy.;"when / that / Ø — nach einer Zeitangabe ist „when“ natürlich; in einem bestimmenden Relativsatz sind oft auch „that“ oder das Weglassen möglich.";Complete with all natural options: The day ___ electricity prices turned negative was extremely windy.;"when / that / Ø — nach einer Zeitangabe ist „when“ natürlich; in einem bestimmenden Relativsatz sind oft auch „that“ oder das Weglassen möglich.";Complete with all natural options: The day ___ electricity prices turned negative was extremely windy.;"when / that / Ø — in a defining relative clause after a time noun, “when” is natural; “that” or omission can also be possible.";0;rel_when
75;2;G075-V2;English Grammar – Relative Clauses;Complete with all natural options: The week ___ the new line entered service was unusually cold.;"when / that / Ø — nach einer Zeitangabe ist „when“ natürlich; in einem bestimmenden Relativsatz sind oft auch „that“ oder das Weglassen möglich.";Complete with all natural options: The week ___ the new line entered service was unusually cold.;"when / that / Ø — nach einer Zeitangabe ist „when“ natürlich; in einem bestimmenden Relativsatz sind oft auch „that“ oder das Weglassen möglich.";Complete with all natural options: The week ___ the new line entered service was unusually cold.;"when / that / Ø — in a defining relative clause after a time noun, “when” is natural; “that” or omission can also be possible.";0;rel_when
75;3;G075-V3;English Grammar – Relative Clauses;Complete with all natural options: The year ___ offshore generation reached a record was very windy.;"when / that / Ø — nach einer Zeitangabe ist „when“ natürlich; in einem bestimmenden Relativsatz sind oft auch „that“ oder das Weglassen möglich.";Complete with all natural options: The year ___ offshore generation reached a record was very windy.;"when / that / Ø — nach einer Zeitangabe ist „when“ natürlich; in einem bestimmenden Relativsatz sind oft auch „that“ oder das Weglassen möglich.";Complete with all natural options: The year ___ offshore generation reached a record was very windy.;"when / that / Ø — in a defining relative clause after a time noun, “when” is natural; “that” or omission can also be possible.";0;rel_when
75;4;G075-V4;English Grammar – Relative Clauses;Complete with all natural options: That was the month ___ electricity demand peaked.;"when / that / Ø — nach einer Zeitangabe ist „when“ natürlich; in einem bestimmenden Relativsatz sind oft auch „that“ oder das Weglassen möglich.";Complete with all natural options: That was the month ___ electricity demand peaked.;"when / that / Ø — nach einer Zeitangabe ist „when“ natürlich; in einem bestimmenden Relativsatz sind oft auch „that“ oder das Weglassen möglich.";Complete with all natural options: That was the month ___ electricity demand peaked.;"when / that / Ø — in a defining relative clause after a time noun, “when” is natural; “that” or omission can also be possible.";0;rel_when
75;5;G075-V5;English Grammar – Relative Clauses;Complete with all natural options: The evening ___ the battery failed was exceptionally cold.;"when / that / Ø — nach einer Zeitangabe ist „when“ natürlich; in einem bestimmenden Relativsatz sind oft auch „that“ oder das Weglassen möglich.";Complete with all natural options: The evening ___ the battery failed was exceptionally cold.;"when / that / Ø — nach einer Zeitangabe ist „when“ natürlich; in einem bestimmenden Relativsatz sind oft auch „that“ oder das Weglassen möglich.";Complete with all natural options: The evening ___ the battery failed was exceptionally cold.;"when / that / Ø — in a defining relative clause after a time noun, “when” is natural; “that” or omission can also be possible.";0;rel_when
76;1;G076-V1;English Grammar – Relative Clauses;The cable ___ connects the island to the mainland is undersea.;that / which — für Sachen.;The cable ___ connects the island to the mainland is undersea.;that / which — für Sachen.;The cable ___ connects the island to the mainland is undersea.;that / which — used for things.;0;rel_thing_subject
76;2;G076-V2;English Grammar – Relative Clauses;The meter ___ records voltage sends data every second.;that / which — für Dinge in definierenden Relativsätzen.;The meter ___ records voltage sends data every second.;that / which — für Dinge in definierenden Relativsätzen.;The meter ___ records voltage sends data every second.;that / which — used for things in defining relative clauses.;0;rel_thing_subject
76;3;G076-V3;English Grammar – Relative Clauses;The converter ___ links the battery to the grid is installed indoors.;that / which — für Dinge in definierenden Relativsätzen.;The converter ___ links the battery to the grid is installed indoors.;that / which — für Dinge in definierenden Relativsätzen.;The converter ___ links the battery to the grid is installed indoors.;that / which — used for things in defining relative clauses.;0;rel_thing_subject
76;4;G076-V4;English Grammar – Relative Clauses;The line ___ carries power north is being upgraded.;that / which — für Dinge in definierenden Relativsätzen.;The line ___ carries power north is being upgraded.;that / which — für Dinge in definierenden Relativsätzen.;The line ___ carries power north is being upgraded.;that / which — used for things in defining relative clauses.;0;rel_thing_subject
76;5;G076-V5;English Grammar – Relative Clauses;The software ___ predicts demand uses weather data.;that / which — für Dinge in definierenden Relativsätzen.;The software ___ predicts demand uses weather data.;that / which — für Dinge in definierenden Relativsätzen.;The software ___ predicts demand uses weather data.;that / which — used for things in defining relative clauses.;0;rel_thing_subject
77;1;G077-V1;English Grammar – Relative Clauses;The technician ___ we called arrived within an hour.;"who / whom / that / Ø — das Relativwort ist Objekt und kann daher weggelassen werden; „who“ ist üblich, „whom“ formeller.";The technician ___ we called arrived within an hour.;"who / whom / that / Ø — das Relativwort ist Objekt und kann daher weggelassen werden; „who“ ist üblich, „whom“ formeller.";The technician ___ we called arrived within an hour.;"who / whom / that / Ø — the relative word is the object, so it may be omitted; “who” is common, “whom” is more formal.";0;rel_object_person
77;2;G077-V2;English Grammar – Relative Clauses;The engineer ___ we contacted replied this morning.;"who / whom / that / Ø — das Relativwort ist Objekt und kann daher weggelassen werden; „who“ ist üblich, „whom“ formeller.";The engineer ___ we contacted replied this morning.;"who / whom / that / Ø — das Relativwort ist Objekt und kann daher weggelassen werden; „who“ ist üblich, „whom“ formeller.";The engineer ___ we contacted replied this morning.;"who / whom / that / Ø — the relative word is the object, so it may be omitted; “who” is common, “whom” is more formal.";0;rel_object_person
77;3;G077-V3;English Grammar – Relative Clauses;The technician ___ the operator called arrived quickly.;"who / whom / that / Ø — das Relativwort ist Objekt und kann daher weggelassen werden; „who“ ist üblich, „whom“ formeller.";The technician ___ the operator called arrived quickly.;"who / whom / that / Ø — das Relativwort ist Objekt und kann daher weggelassen werden; „who“ ist üblich, „whom“ formeller.";The technician ___ the operator called arrived quickly.;"who / whom / that / Ø — the relative word is the object, so it may be omitted; “who” is common, “whom” is more formal.";0;rel_object_person
77;4;G077-V4;English Grammar – Relative Clauses;The analyst ___ we interviewed works on electricity markets.;"who / whom / that / Ø — das Relativwort ist Objekt und kann daher weggelassen werden; „who“ ist üblich, „whom“ formeller.";The analyst ___ we interviewed works on electricity markets.;"who / whom / that / Ø — das Relativwort ist Objekt und kann daher weggelassen werden; „who“ ist üblich, „whom“ formeller.";The analyst ___ we interviewed works on electricity markets.;"who / whom / that / Ø — the relative word is the object, so it may be omitted; “who” is common, “whom” is more formal.";0;rel_object_person
77;5;G077-V5;English Grammar – Relative Clauses;The planner ___ they hired specialises in grid projects.;"who / whom / that / Ø — das Relativwort ist Objekt und kann daher weggelassen werden; „who“ ist üblich, „whom“ formeller.";The planner ___ they hired specialises in grid projects.;"who / whom / that / Ø — das Relativwort ist Objekt und kann daher weggelassen werden; „who“ ist üblich, „whom“ formeller.";The planner ___ they hired specialises in grid projects.;"who / whom / that / Ø — the relative word is the object, so it may be omitted; “who” is common, “whom” is more formal.";0;rel_object_person
78;1;G078-V1;English Grammar – Relative Clauses;The wind farm, ___ has 80 turbines, produces electricity offshore.;which — Zusatzinformation zwischen Kommas.;The wind farm, ___ has 80 turbines, produces electricity offshore.;which — Zusatzinformation zwischen Kommas.;The wind farm, ___ has 80 turbines, produces electricity offshore.;which — extra information between commas.;0;rel_which_nondef
78;2;G078-V2;English Grammar – Relative Clauses;The transformer, ___ was replaced last year, is operating normally.;"which — in nicht-definierenden Relativsätzen; nach Komma kein „that“.";The transformer, ___ was replaced last year, is operating normally.;"which — in nicht-definierenden Relativsätzen; nach Komma kein „that“.";The transformer, ___ was replaced last year, is operating normally.;"which — used in non-defining relative clauses; do not use “that” after a comma.";0;rel_which_nondef
78;3;G078-V3;English Grammar – Relative Clauses;The offshore platform, ___ has its own substation, is connected by cable.;"which — in nicht-definierenden Relativsätzen; nach Komma kein „that“.";The offshore platform, ___ has its own substation, is connected by cable.;"which — in nicht-definierenden Relativsätzen; nach Komma kein „that“.";The offshore platform, ___ has its own substation, is connected by cable.;"which — used in non-defining relative clauses; do not use “that” after a comma.";0;rel_which_nondef
78;4;G078-V4;English Grammar – Relative Clauses;The new model, ___ uses weather data, improves the forecast.;"which — in nicht-definierenden Relativsätzen; nach Komma kein „that“.";The new model, ___ uses weather data, improves the forecast.;"which — in nicht-definierenden Relativsätzen; nach Komma kein „that“.";The new model, ___ uses weather data, improves the forecast.;"which — used in non-defining relative clauses; do not use “that” after a comma.";0;rel_which_nondef
78;5;G078-V5;English Grammar – Relative Clauses;The inverter, ___ is mounted outside, needs regular checks.;"which — in nicht-definierenden Relativsätzen; nach Komma kein „that“.";The inverter, ___ is mounted outside, needs regular checks.;"which — in nicht-definierenden Relativsätzen; nach Komma kein „that“.";The inverter, ___ is mounted outside, needs regular checks.;"which — used in non-defining relative clauses; do not use “that” after a comma.";0;rel_which_nondef
79;1;G079-V1;English Grammar – Relative Clauses;Can “that” replace “which” in a non-defining relative clause after a comma?;Nein — in einem nicht bestimmenden Relativsatz mit Kommas steht „which“, nicht „that“.;Can “that” replace “which” in a non-defining relative clause after a comma?;Nein — in einem nicht bestimmenden Relativsatz mit Kommas steht „which“, nicht „that“.;Can “that” replace “which” in a non-defining relative clause after a comma?;No — use “which”, not “that”, in a non-defining relative clause set off by commas.;0;rel_that_rule
79;2;G079-V2;English Grammar – Relative Clauses;Darf man in „The battery, which was installed last year, ...“ „which“ durch „that“ ersetzen?;In nicht-definierenden Relativsätzen mit Kommas verwendet man nicht „that“.;Darf man in „The battery, which was installed last year, ...“ „which“ durch „that“ ersetzen?;In nicht-definierenden Relativsätzen mit Kommas verwendet man nicht „that“.;Can “which” be replaced by “that” in “The battery, which was installed last year, ...”?;Do not use “that” in non-defining relative clauses set off by commas.;0;rel_that_rule
79;3;G079-V3;English Grammar – Relative Clauses;Welches Relativpronomen ist nach einem Komma korrekt: „which“ oder „that“?;In nicht-definierenden Relativsätzen mit Kommas verwendet man nicht „that“.;Welches Relativpronomen ist nach einem Komma korrekt: „which“ oder „that“?;In nicht-definierenden Relativsätzen mit Kommas verwendet man nicht „that“.;Which relative pronoun is correct after a comma: “which” or “that”?;Do not use “that” in non-defining relative clauses set off by commas.;0;rel_that_rule
79;4;G079-V4;English Grammar – Relative Clauses;Warum ist „The wind farm, that has 50 turbines, ...“ im Standardenglisch falsch?;In nicht-definierenden Relativsätzen mit Kommas verwendet man nicht „that“.;Warum ist „The wind farm, that has 50 turbines, ...“ im Standardenglisch falsch?;In nicht-definierenden Relativsätzen mit Kommas verwendet man nicht „that“.;Why is “The wind farm, that has 50 turbines, ...” incorrect in standard English?;Do not use “that” in non-defining relative clauses set off by commas.;0;rel_that_rule
79;5;G079-V5;English Grammar – Relative Clauses;In welchem Relativsatztyp darf „that“ normalerweise nicht verwendet werden?;In nicht-definierenden Relativsätzen mit Kommas verwendet man nicht „that“.;In welchem Relativsatztyp darf „that“ normalerweise nicht verwendet werden?;In nicht-definierenden Relativsätzen mit Kommas verwendet man nicht „that“.;In which type of relative clause is “that” normally not used?;Do not use “that” in non-defining relative clauses set off by commas.;0;rel_that_rule
80;1;G080-V1;English Grammar – Relative Clauses;The transformer ___ failed caused the outage.;"that / which — Subjekt des Relativsatzes; darf nicht weggelassen werden.";The transformer ___ failed caused the outage.;"that / which — Subjekt des Relativsatzes; darf nicht weggelassen werden.";The transformer ___ failed caused the outage.;"that / which — subject of the relative clause; it cannot be omitted.";0;rel_subject_required
80;2;G080-V2;English Grammar – Relative Clauses;The inverter ___ failed caused the shutdown.;that / which — als Subjekt darf das Relativpronomen nicht weggelassen werden.;The inverter ___ failed caused the shutdown.;that / which — als Subjekt darf das Relativpronomen nicht weggelassen werden.;The inverter ___ failed caused the shutdown.;that / which — as the subject, the relative pronoun cannot be omitted.;0;rel_subject_required
80;3;G080-V3;English Grammar – Relative Clauses;The line ___ carries the power needs repairs.;that / which — als Subjekt darf das Relativpronomen nicht weggelassen werden.;The line ___ carries the power needs repairs.;that / which — als Subjekt darf das Relativpronomen nicht weggelassen werden.;The line ___ carries the power needs repairs.;that / which — as the subject, the relative pronoun cannot be omitted.;0;rel_subject_required
80;4;G080-V4;English Grammar – Relative Clauses;The turbine ___ stopped is being inspected.;that / which — als Subjekt darf das Relativpronomen nicht weggelassen werden.;The turbine ___ stopped is being inspected.;that / which — als Subjekt darf das Relativpronomen nicht weggelassen werden.;The turbine ___ stopped is being inspected.;that / which — as the subject, the relative pronoun cannot be omitted.;0;rel_subject_required
80;5;G080-V5;English Grammar – Relative Clauses;The software ___ controls the battery was updated.;that / which — als Subjekt darf das Relativpronomen nicht weggelassen werden.;The software ___ controls the battery was updated.;that / which — als Subjekt darf das Relativpronomen nicht weggelassen werden.;The software ___ controls the battery was updated.;that / which — as the subject, the relative pronoun cannot be omitted.;0;rel_subject_required
81;1;G081-V1;English Grammar – Relative Clauses;The solar panels ___ we installed face south.;"that / which / — möglich; als Objekt kann das Pronomen entfallen.";The solar panels ___ we installed face south.;"that / which / — möglich; als Objekt kann das Pronomen entfallen.";The solar panels ___ we installed face south.;"that / which / — possible; as the object, the pronoun may be omitted.";0;rel_object_optional
81;2;G081-V2;English Grammar – Relative Clauses;The dataset ___ the analyst used came from the grid operator.;that / which / kein Pronomen — als Objekt kann das Relativpronomen entfallen.;The dataset ___ the analyst used came from the grid operator.;that / which / kein Pronomen — als Objekt kann das Relativpronomen entfallen.;The dataset ___ the analyst used came from the grid operator.;that / which / no pronoun — an object relative pronoun can be omitted.;0;rel_object_optional
81;3;G081-V3;English Grammar – Relative Clauses;The substation ___ we visited was recently modernised.;that / which / kein Pronomen — als Objekt kann das Relativpronomen entfallen.;The substation ___ we visited was recently modernised.;that / which / kein Pronomen — als Objekt kann das Relativpronomen entfallen.;The substation ___ we visited was recently modernised.;that / which / no pronoun — an object relative pronoun can be omitted.;0;rel_object_optional
81;4;G081-V4;English Grammar – Relative Clauses;The cable ___ they installed last year is operating normally.;that / which / kein Pronomen — als Objekt kann das Relativpronomen entfallen.;The cable ___ they installed last year is operating normally.;that / which / kein Pronomen — als Objekt kann das Relativpronomen entfallen.;The cable ___ they installed last year is operating normally.;that / which / no pronoun — an object relative pronoun can be omitted.;0;rel_object_optional
81;5;G081-V5;English Grammar – Relative Clauses;The data ___ I downloaded comes from the grid operator.;that / which / kein Pronomen — als Objekt kann das Relativpronomen entfallen.;The data ___ I downloaded comes from the grid operator.;that / which / kein Pronomen — als Objekt kann das Relativpronomen entfallen.;The data ___ I downloaded comes from the grid operator.;that / which / no pronoun — an object relative pronoun can be omitted.;0;rel_object_optional
82;1;G082-V1;English Grammar – Relative Clauses;A grid is a system ___ connects producers and consumers.;that / which — definiert eine Sache.;A grid is a system ___ connects producers and consumers.;that / which — definiert eine Sache.;A grid is a system ___ connects producers and consumers.;that / which — defines a thing.;0;rel_system_definition
82;2;G082-V2;English Grammar – Relative Clauses;A battery is a device ___ stores energy.;that / which — definiert eine Sache in einem Relativsatz.;A battery is a device ___ stores energy.;that / which — definiert eine Sache in einem Relativsatz.;A battery is a device ___ stores energy.;that / which — used to define a thing in a relative clause.;0;rel_system_definition
82;3;G082-V3;English Grammar – Relative Clauses;An inverter is a device ___ converts direct current to alternating current.;that / which — definiert eine Sache in einem Relativsatz.;An inverter is a device ___ converts direct current to alternating current.;that / which — definiert eine Sache in einem Relativsatz.;An inverter is a device ___ converts direct current to alternating current.;that / which — used to define a thing in a relative clause.;0;rel_system_definition
82;4;G082-V4;English Grammar – Relative Clauses;A substation is a facility ___ transforms or switches electricity.;that / which — definiert eine Sache in einem Relativsatz.;A substation is a facility ___ transforms or switches electricity.;that / which — definiert eine Sache in einem Relativsatz.;A substation is a facility ___ transforms or switches electricity.;that / which — used to define a thing in a relative clause.;0;rel_system_definition
82;5;G082-V5;English Grammar – Relative Clauses;A turbine is a machine ___ converts wind energy into rotation.;that / which — definiert eine Sache in einem Relativsatz.;A turbine is a machine ___ converts wind energy into rotation.;that / which — definiert eine Sache in einem Relativsatz.;A turbine is a machine ___ converts wind energy into rotation.;that / which — used to define a thing in a relative clause.;0;rel_system_definition
83;1;G083-V1;English Grammar – Modal Verbs;Battery storage ___ help balance the grid. (can);can — Fähigkeit/Möglichkeit.;Battery storage ___ help balance the grid. (can);can — Fähigkeit/Möglichkeit.;Battery storage ___ help balance the grid. (can);can — ability or possibility.;0;modal_can
83;2;G083-V2;English Grammar – Modal Verbs;Batteries ___ respond within seconds. (can);can — Fähigkeit oder Möglichkeit.;Batteries ___ respond within seconds. (can);can — Fähigkeit oder Möglichkeit.;Batteries ___ respond within seconds. (can);can — ability or possibility.;0;modal_can
83;3;G083-V3;English Grammar – Modal Verbs;Solar panels ___ generate electricity without fuel. (can);can — Fähigkeit oder Möglichkeit.;Solar panels ___ generate electricity without fuel. (can);can — Fähigkeit oder Möglichkeit.;Solar panels ___ generate electricity without fuel. (can);can — ability or possibility.;0;modal_can
83;4;G083-V4;English Grammar – Modal Verbs;Smart meters ___ provide detailed consumption data. (can);can — Fähigkeit oder Möglichkeit.;Smart meters ___ provide detailed consumption data. (can);can — Fähigkeit oder Möglichkeit.;Smart meters ___ provide detailed consumption data. (can);can — ability or possibility.;0;modal_can
83;5;G083-V5;English Grammar – Modal Verbs;A stronger grid ___ connect more renewable generation. (can);can — Fähigkeit oder Möglichkeit.;A stronger grid ___ connect more renewable generation. (can);can — Fähigkeit oder Möglichkeit.;A stronger grid ___ connect more renewable generation. (can);can — ability or possibility.;0;modal_can
84;1;G084-V1;English Grammar – Modal Verbs;The fault ___ cause another outage. (could);"could — mögliche Folge; vorsichtiger als „can“.";The fault ___ cause another outage. (could);"could — mögliche Folge; vorsichtiger als „can“.";The fault ___ cause another outage. (could);"could — a possible outcome; more tentative than “can”.";0;modal_could_poss
84;2;G084-V2;English Grammar – Modal Verbs;A cable fault ___ interrupt the power supply. (could);could — mögliche, eher vorsichtige Aussage.;A cable fault ___ interrupt the power supply. (could);could — mögliche, eher vorsichtige Aussage.;A cable fault ___ interrupt the power supply. (could);could — expresses a possible, more tentative outcome.;0;modal_could_poss
84;3;G084-V3;English Grammar – Modal Verbs;Low wind speeds ___ increase electricity prices. (could);could — mögliche, eher vorsichtige Aussage.;Low wind speeds ___ increase electricity prices. (could);could — mögliche, eher vorsichtige Aussage.;Low wind speeds ___ increase electricity prices. (could);could — expresses a possible, more tentative outcome.;0;modal_could_poss
84;4;G084-V4;English Grammar – Modal Verbs;A forecasting error ___ create an imbalance. (could);could — mögliche, eher vorsichtige Aussage.;A forecasting error ___ create an imbalance. (could);could — mögliche, eher vorsichtige Aussage.;A forecasting error ___ create an imbalance. (could);could — expresses a possible, more tentative outcome.;0;modal_could_poss
84;5;G084-V5;English Grammar – Modal Verbs;The new line ___ reduce congestion. (could);could — mögliche, eher vorsichtige Aussage.;The new line ___ reduce congestion. (could);could — mögliche, eher vorsichtige Aussage.;The new line ___ reduce congestion. (could);could — expresses a possible, more tentative outcome.;0;modal_could_poss
85;1;G085-V1;English Grammar – Modal Verbs;Electricity prices ___ rise this evening. (may);"may — drückt eine Möglichkeit aus; in vielen Kontexten ist auch „might“ möglich.";Electricity prices ___ rise this evening. (may);"may — drückt eine Möglichkeit aus; in vielen Kontexten ist auch „might“ möglich.";Electricity prices ___ rise this evening. (may);"may — expresses possibility; “might” is also possible in many contexts.";0;modal_may
85;2;G085-V2;English Grammar – Modal Verbs;Wind output ___ fall overnight. (may);"may — drückt eine Möglichkeit aus; in vielen Kontexten ist auch „might“ möglich.";Wind output ___ fall overnight. (may);"may — drückt eine Möglichkeit aus; in vielen Kontexten ist auch „might“ möglich.";Wind output ___ fall overnight. (may);"may — expresses possibility; “might” is also possible in many contexts.";0;modal_may
85;3;G085-V3;English Grammar – Modal Verbs;The project ___ start next spring. (may);"may — drückt eine Möglichkeit aus; in vielen Kontexten ist auch „might“ möglich.";The project ___ start next spring. (may);"may — drückt eine Möglichkeit aus; in vielen Kontexten ist auch „might“ möglich.";The project ___ start next spring. (may);"may — expresses possibility; “might” is also possible in many contexts.";0;modal_may
85;4;G085-V4;English Grammar – Modal Verbs;Electricity demand ___ increase during the cold spell. (may);"may — drückt eine Möglichkeit aus; in vielen Kontexten ist auch „might“ möglich.";Electricity demand ___ increase during the cold spell. (may);"may — drückt eine Möglichkeit aus; in vielen Kontexten ist auch „might“ möglich.";Electricity demand ___ increase during the cold spell. (may);"may — expresses possibility; “might” is also possible in many contexts.";0;modal_may
85;5;G085-V5;English Grammar – Modal Verbs;The battery ___ reach full charge before noon. (may);"may — drückt eine Möglichkeit aus; in vielen Kontexten ist auch „might“ möglich.";The battery ___ reach full charge before noon. (may);"may — drückt eine Möglichkeit aus; in vielen Kontexten ist auch „might“ möglich.";The battery ___ reach full charge before noon. (may);"may — expresses possibility; “might” is also possible in many contexts.";0;modal_may
86;1;G086-V1;English Grammar – Modal Verbs;The forecast ___ be wrong. (might);"might — drückt eine Möglichkeit aus und klingt oft vorsichtig; gegenüber „may“ gibt es aber keine feste Sicherheitsskala.";The forecast ___ be wrong. (might);"might — drückt eine Möglichkeit aus und klingt oft vorsichtig; gegenüber „may“ gibt es aber keine feste Sicherheitsskala.";The forecast ___ be wrong. (might);"might — expresses possibility and often sounds tentative; it is not part of a fixed certainty scale compared with “may”.";0;modal_might
86;2;G086-V2;English Grammar – Modal Verbs;The price forecast ___ be too high. (might);"might — drückt eine Möglichkeit aus und klingt oft vorsichtig; gegenüber „may“ gibt es aber keine feste Sicherheitsskala.";The price forecast ___ be too high. (might);"might — drückt eine Möglichkeit aus und klingt oft vorsichtig; gegenüber „may“ gibt es aber keine feste Sicherheitsskala.";The price forecast ___ be too high. (might);"might — expresses possibility and often sounds tentative; it is not part of a fixed certainty scale compared with “may”.";0;modal_might
86;3;G086-V3;English Grammar – Modal Verbs;The turbine ___ need a new gearbox. (might);"might — drückt eine Möglichkeit aus und klingt oft vorsichtig; gegenüber „may“ gibt es aber keine feste Sicherheitsskala.";The turbine ___ need a new gearbox. (might);"might — drückt eine Möglichkeit aus und klingt oft vorsichtig; gegenüber „may“ gibt es aber keine feste Sicherheitsskala.";The turbine ___ need a new gearbox. (might);"might — expresses possibility and often sounds tentative; it is not part of a fixed certainty scale compared with “may”.";0;modal_might
86;4;G086-V4;English Grammar – Modal Verbs;The fault ___ be related to the inverter. (might);"might — drückt eine Möglichkeit aus und klingt oft vorsichtig; gegenüber „may“ gibt es aber keine feste Sicherheitsskala.";The fault ___ be related to the inverter. (might);"might — drückt eine Möglichkeit aus und klingt oft vorsichtig; gegenüber „may“ gibt es aber keine feste Sicherheitsskala.";The fault ___ be related to the inverter. (might);"might — expresses possibility and often sounds tentative; it is not part of a fixed certainty scale compared with “may”.";0;modal_might
86;5;G086-V5;English Grammar – Modal Verbs;Wind generation ___ recover later today. (might);"might — drückt eine Möglichkeit aus und klingt oft vorsichtig; gegenüber „may“ gibt es aber keine feste Sicherheitsskala.";Wind generation ___ recover later today. (might);"might — drückt eine Möglichkeit aus und klingt oft vorsichtig; gegenüber „may“ gibt es aber keine feste Sicherheitsskala.";Wind generation ___ recover later today. (might);"might — expresses possibility and often sounds tentative; it is not part of a fixed certainty scale compared with “may”.";0;modal_might
87;1;G087-V1;English Grammar – Modal Verbs;Grid operators ___ keep the frequency close to 50 Hz. (must);must — starke Notwendigkeit/Pflicht.;Grid operators ___ keep the frequency close to 50 Hz. (must);must — starke Notwendigkeit/Pflicht.;Grid operators ___ keep the frequency close to 50 Hz. (must);must — strong necessity or obligation.;0;modal_must_obligation
87;2;G087-V2;English Grammar – Modal Verbs;Operators ___ keep the system secure. (must);must — starke Notwendigkeit oder Pflicht.;Operators ___ keep the system secure. (must);must — starke Notwendigkeit oder Pflicht.;Operators ___ keep the system secure. (must);must — strong necessity or obligation.;0;modal_must_obligation
87;3;G087-V3;English Grammar – Modal Verbs;Technicians ___ follow the safety procedure. (must);must — starke Notwendigkeit oder Pflicht.;Technicians ___ follow the safety procedure. (must);must — starke Notwendigkeit oder Pflicht.;Technicians ___ follow the safety procedure. (must);must — strong necessity or obligation.;0;modal_must_obligation
87;4;G087-V4;English Grammar – Modal Verbs;The grid ___ remain balanced at all times. (must);must — starke Notwendigkeit oder Pflicht.;The grid ___ remain balanced at all times. (must);must — starke Notwendigkeit oder Pflicht.;The grid ___ remain balanced at all times. (must);must — strong necessity or obligation.;0;modal_must_obligation
87;5;G087-V5;English Grammar – Modal Verbs;Critical faults ___ be reported immediately. (must);must — starke Notwendigkeit oder Pflicht.;Critical faults ___ be reported immediately. (must);must — starke Notwendigkeit oder Pflicht.;Critical faults ___ be reported immediately. (must);must — strong necessity or obligation.;0;modal_must_obligation
88;1;G088-V1;English Grammar – Modal Verbs;Employees ___ wear safety equipment because it is company policy. (have to);"have to — natürlich bei Pflichten durch Regeln oder Umstände; je nach Kontext und Stil kann auch „must“ möglich sein.";Employees ___ wear safety equipment because it is company policy. (have to);"have to — natürlich bei Pflichten durch Regeln oder Umstände; je nach Kontext und Stil kann auch „must“ möglich sein.";Employees ___ wear safety equipment because it is company policy. (have to);"have to — natural for an obligation imposed by rules or circumstances; “must” can also be possible depending on context and style.";0;modal_have_to
88;2;G088-V2;English Grammar – Modal Verbs;Employees ___ wear helmets because the site rules require it. (have to);"have to — natürlich bei Pflichten durch Regeln oder Umstände; je nach Kontext und Stil kann auch „must“ möglich sein.";Employees ___ wear helmets because the site rules require it. (have to);"have to — natürlich bei Pflichten durch Regeln oder Umstände; je nach Kontext und Stil kann auch „must“ möglich sein.";Employees ___ wear helmets because the site rules require it. (have to);"have to — natural for an obligation imposed by rules or circumstances; “must” can also be possible depending on context and style.";0;modal_have_to
88;3;G088-V3;English Grammar – Modal Verbs;The company ___ submit the report because the regulator requires it. (have to);"have to — natürlich bei Pflichten durch Regeln oder Umstände; je nach Kontext und Stil kann auch „must“ möglich sein.";The company ___ submit the report because the regulator requires it. (have to);"have to — natürlich bei Pflichten durch Regeln oder Umstände; je nach Kontext und Stil kann auch „must“ möglich sein.";The company ___ submit the report because the regulator requires it. (have to);"have to — natural for an obligation imposed by rules or circumstances; “must” can also be possible depending on context and style.";0;modal_have_to
88;4;G088-V4;English Grammar – Modal Verbs;Technicians ___ complete safety training before entering the site. (have to);"have to — natürlich bei Pflichten durch Regeln oder Umstände; je nach Kontext und Stil kann auch „must“ möglich sein.";Technicians ___ complete safety training before entering the site. (have to);"have to — natürlich bei Pflichten durch Regeln oder Umstände; je nach Kontext und Stil kann auch „must“ möglich sein.";Technicians ___ complete safety training before entering the site. (have to);"have to — natural for an obligation imposed by rules or circumstances; “must” can also be possible depending on context and style.";0;modal_have_to
88;5;G088-V5;English Grammar – Modal Verbs;The operator ___ follow the legal grid code. (have to);"have to — natürlich bei Pflichten durch Regeln oder Umstände; je nach Kontext und Stil kann auch „must“ möglich sein.";The operator ___ follow the legal grid code. (have to);"have to — natürlich bei Pflichten durch Regeln oder Umstände; je nach Kontext und Stil kann auch „must“ möglich sein.";The operator ___ follow the legal grid code. (have to);"have to — natural for an obligation imposed by rules or circumstances; “must” can also be possible depending on context and style.";0;modal_have_to
89;1;G089-V1;English Grammar – Modal Verbs;You ___ touch a damaged high-voltage cable. (must not);must not / mustn't — Verbot: „darfst nicht“.;You ___ touch a damaged high-voltage cable. (must not);must not / mustn't — Verbot: „darfst nicht“.;You ___ touch a damaged high-voltage cable. (must not);must not / mustn’t — prohibition.;0;modal_must_not
89;2;G089-V2;English Grammar – Modal Verbs;You ___ enter the high-voltage area without permission. (must not);must not / mustn't — Verbot: „darf nicht“.;You ___ enter the high-voltage area without permission. (must not);must not / mustn't — Verbot: „darf nicht“.;You ___ enter the high-voltage area without permission. (must not);must not / mustn’t — prohibition.;0;modal_must_not
89;3;G089-V3;English Grammar – Modal Verbs;Technicians ___ work on live equipment without protection. (must not);must not / mustn't — Verbot: „darf nicht“.;Technicians ___ work on live equipment without protection. (must not);must not / mustn't — Verbot: „darf nicht“.;Technicians ___ work on live equipment without protection. (must not);must not / mustn’t — prohibition.;0;modal_must_not
89;4;G089-V4;English Grammar – Modal Verbs;You ___ disconnect the safety system. (must not);must not / mustn't — Verbot: „darf nicht“.;You ___ disconnect the safety system. (must not);must not / mustn't — Verbot: „darf nicht“.;You ___ disconnect the safety system. (must not);must not / mustn’t — prohibition.;0;modal_must_not
89;5;G089-V5;English Grammar – Modal Verbs;Visitors ___ cross the barrier. (must not);must not / mustn't — Verbot: „darf nicht“.;Visitors ___ cross the barrier. (must not);must not / mustn't — Verbot: „darf nicht“.;Visitors ___ cross the barrier. (must not);must not / mustn’t — prohibition.;0;modal_must_not
90;1;G090-V1;English Grammar – Modal Verbs;"You ___ check every value manually; the software does it automatically.";"don't have to — nicht notwendig; kein Verbot.";"You ___ check every value manually; the software does it automatically.";"don't have to — nicht notwendig; kein Verbot.";"You ___ check every value manually; the software does it automatically.";"don’t have to — not necessary; it is not a prohibition.";0;modal_dont_have_to
90;2;G090-V2;English Grammar – Modal Verbs;"You ___ calculate the values by hand; the software does it. (don't have to)";"don't have to — nicht notwendig; kein Verbot.";"You ___ calculate the values by hand; the software does it. (don't have to)";"don't have to — nicht notwendig; kein Verbot.";"You ___ calculate the values by hand; the software does it. (don't have to)";"don’t have to — not necessary; it is not a prohibition.";0;modal_dont_have_to
90;3;G090-V3;English Grammar – Modal Verbs;Employees ___ work at night unless they are on call. (don't have to);"don't have to — nicht notwendig; kein Verbot.";Employees ___ work at night unless they are on call. (don't have to);"don't have to — nicht notwendig; kein Verbot.";Employees ___ work at night unless they are on call. (don't have to);"don’t have to — not necessary; it is not a prohibition.";0;modal_dont_have_to
90;4;G090-V4;English Grammar – Modal Verbs;"We ___ replace the battery yet; it still works. (don't have to)";"don't have to — nicht notwendig; kein Verbot.";"We ___ replace the battery yet; it still works. (don't have to)";"don't have to — nicht notwendig; kein Verbot.";"We ___ replace the battery yet; it still works. (don't have to)";"don’t have to — not necessary; it is not a prohibition.";0;modal_dont_have_to
90;5;G090-V5;English Grammar – Modal Verbs;"You ___ print the report; a digital copy is enough. (don't have to)";"don't have to — nicht notwendig; kein Verbot.";"You ___ print the report; a digital copy is enough. (don't have to)";"don't have to — nicht notwendig; kein Verbot.";"You ___ print the report; a digital copy is enough. (don't have to)";"don’t have to — not necessary; it is not a prohibition.";0;modal_dont_have_to
91;1;G091-V1;English Grammar – Modal Verbs;Germany ___ expand its electricity grid. (should);should — Empfehlung.;Germany ___ expand its electricity grid. (should);should — Empfehlung.;Germany ___ expand its electricity grid. (should);should — recommendation.;0;modal_should_recommend
91;2;G091-V2;English Grammar – Modal Verbs;The operator ___ improve the wind forecast. (should);should — Empfehlung oder sinnvolle Handlung.;The operator ___ improve the wind forecast. (should);should — Empfehlung oder sinnvolle Handlung.;The operator ___ improve the wind forecast. (should);should — recommendation or sensible action.;0;modal_should_recommend
91;3;G091-V3;English Grammar – Modal Verbs;Households ___ shift flexible demand away from peak hours. (should);should — Empfehlung oder sinnvolle Handlung.;Households ___ shift flexible demand away from peak hours. (should);should — Empfehlung oder sinnvolle Handlung.;Households ___ shift flexible demand away from peak hours. (should);should — recommendation or sensible action.;0;modal_should_recommend
91;4;G091-V4;English Grammar – Modal Verbs;The company ___ inspect the cable again. (should);should — Empfehlung oder sinnvolle Handlung.;The company ___ inspect the cable again. (should);should — Empfehlung oder sinnvolle Handlung.;The company ___ inspect the cable again. (should);should — recommendation or sensible action.;0;modal_should_recommend
91;5;G091-V5;English Grammar – Modal Verbs;We ___ add more storage to the system. (should);should — Empfehlung oder sinnvolle Handlung.;We ___ add more storage to the system. (should);should — Empfehlung oder sinnvolle Handlung.;We ___ add more storage to the system. (should);should — recommendation or sensible action.;0;modal_should_recommend
92;1;G092-V1;English Grammar – Modal Verbs;With more storage, the grid ___ become more flexible. (could);could — mögliche Wirkung.;With more storage, the grid ___ become more flexible. (could);could — mögliche Wirkung.;With more storage, the grid ___ become more flexible. (could);could — possible effect.;0;modal_could_poss
92;2;G092-V2;English Grammar – Modal Verbs;A delayed repair ___ extend the outage. (could);could — mögliche, eher vorsichtige Aussage.;A delayed repair ___ extend the outage. (could);could — mögliche, eher vorsichtige Aussage.;A delayed repair ___ extend the outage. (could);could — expresses a possible, more tentative outcome.;0;modal_could_poss
92;3;G092-V3;English Grammar – Modal Verbs;More flexible demand ___ reduce peak load. (could);could — mögliche, eher vorsichtige Aussage.;More flexible demand ___ reduce peak load. (could);could — mögliche, eher vorsichtige Aussage.;More flexible demand ___ reduce peak load. (could);could — expresses a possible, more tentative outcome.;0;modal_could_poss
92;4;G092-V4;English Grammar – Modal Verbs;High demand ___ put pressure on the grid. (could);could — mögliche, eher vorsichtige Aussage.;High demand ___ put pressure on the grid. (could);could — mögliche, eher vorsichtige Aussage.;High demand ___ put pressure on the grid. (could);could — expresses a possible, more tentative outcome.;0;modal_could_poss
92;5;G092-V5;English Grammar – Modal Verbs;A larger battery ___ improve flexibility. (could);could — mögliche, eher vorsichtige Aussage.;A larger battery ___ improve flexibility. (could);could — mögliche, eher vorsichtige Aussage.;A larger battery ___ improve flexibility. (could);could — expresses a possible, more tentative outcome.;0;modal_could_poss
93;1;G093-V1;English Grammar – Modal Verbs;I ___ choose renewable electricity if the price were the same. (would);would — hypothetische Folge/Entscheidung.;I ___ choose renewable electricity if the price were the same. (would);would — hypothetische Folge/Entscheidung.;I ___ choose renewable electricity if the price were the same. (would);would — hypothetical result or choice.;0;modal_would_hyp
93;2;G093-V2;English Grammar – Modal Verbs;I ___ install a battery if it were cheaper. (would);would — hypothetische Folge oder Entscheidung.;I ___ install a battery if it were cheaper. (would);would — hypothetische Folge oder Entscheidung.;I ___ install a battery if it were cheaper. (would);would — hypothetical result or choice.;0;modal_would_hyp
93;3;G093-V3;English Grammar – Modal Verbs;The region ___ build more wind turbines if permits were faster. (would);would — hypothetische Folge oder Entscheidung.;The region ___ build more wind turbines if permits were faster. (would);would — hypothetische Folge oder Entscheidung.;The region ___ build more wind turbines if permits were faster. (would);would — hypothetical result or choice.;0;modal_would_hyp
93;4;G093-V4;English Grammar – Modal Verbs;We ___ use less gas if more storage were available. (would);would — hypothetische Folge oder Entscheidung.;We ___ use less gas if more storage were available. (would);would — hypothetische Folge oder Entscheidung.;We ___ use less gas if more storage were available. (would);would — hypothetical result or choice.;0;modal_would_hyp
93;5;G093-V5;English Grammar – Modal Verbs;The company ___ expand the project if demand increased. (would);would — hypothetische Folge oder Entscheidung.;The company ___ expand the project if demand increased. (would);would — hypothetische Folge oder Entscheidung.;The company ___ expand the project if demand increased. (would);would — hypothetical result or choice.;0;modal_would_hyp
94;1;G094-V1;English Grammar – Modal Verbs;___ I use the charging station here? (may / must);May — höfliche/formelle Erlaubnis.;___ I use the charging station here? (may / must);May — höfliche/formelle Erlaubnis.;___ I use the charging station here? (may / must);May — polite or formal permission.;0;modal_may_permission
94;2;G094-V2;English Grammar – Modal Verbs;___ I enter the control room? (may / must);May — formelle/höfliche Erlaubnis.;___ I enter the control room? (may / must);May — formelle/höfliche Erlaubnis.;___ I enter the control room? (may / must);May — formal or polite permission.;0;modal_may_permission
94;3;G094-V3;English Grammar – Modal Verbs;___ we use this charging point? (may / must);May — formelle/höfliche Erlaubnis.;___ we use this charging point? (may / must);May — formelle/höfliche Erlaubnis.;___ we use this charging point? (may / must);May — formal or polite permission.;0;modal_may_permission
94;4;G094-V4;English Grammar – Modal Verbs;___ I view the measurement data? (may / must);May — formelle/höfliche Erlaubnis.;___ I view the measurement data? (may / must);May — formelle/höfliche Erlaubnis.;___ I view the measurement data? (may / must);May — formal or polite permission.;0;modal_may_permission
94;5;G094-V5;English Grammar – Modal Verbs;___ I ask a question about the grid model? (may / must);May — formelle/höfliche Erlaubnis.;___ I ask a question about the grid model? (may / must);May — formelle/höfliche Erlaubnis.;___ I ask a question about the grid model? (may / must);May — formal or polite permission.;0;modal_may_permission
95;1;G095-V1;English Grammar – Modal Verbs;Solar panels ___ generate electricity at night. (can't);can't — fehlende Möglichkeit/Fähigkeit.;Solar panels ___ generate electricity at night. (can't);can't — fehlende Möglichkeit/Fähigkeit.;Solar panels ___ generate electricity at night. (can't);can’t — lack of possibility or ability.;0;modal_cant_ability
95;2;G095-V2;English Grammar – Modal Verbs;A solar panel ___ produce power without light. (can't);can't — fehlende Fähigkeit oder Möglichkeit.;A solar panel ___ produce power without light. (can't);can't — fehlende Fähigkeit oder Möglichkeit.;A solar panel ___ produce power without light. (can't);can’t — lack of ability or possibility.;0;modal_cant_ability
95;3;G095-V3;English Grammar – Modal Verbs;An empty battery ___ supply energy for long. (can't);can't — fehlende Fähigkeit oder Möglichkeit.;An empty battery ___ supply energy for long. (can't);can't — fehlende Fähigkeit oder Möglichkeit.;An empty battery ___ supply energy for long. (can't);can’t — lack of ability or possibility.;0;modal_cant_ability
95;4;G095-V4;English Grammar – Modal Verbs;A broken inverter ___ convert the current correctly. (can't);can't — fehlende Fähigkeit oder Möglichkeit.;A broken inverter ___ convert the current correctly. (can't);can't — fehlende Fähigkeit oder Möglichkeit.;A broken inverter ___ convert the current correctly. (can't);can’t — lack of ability or possibility.;0;modal_cant_ability
95;5;G095-V5;English Grammar – Modal Verbs;A disconnected turbine ___ feed electricity into the grid. (can't);can't — fehlende Fähigkeit oder Möglichkeit.;A disconnected turbine ___ feed electricity into the grid. (can't);can't — fehlende Fähigkeit oder Möglichkeit.;A disconnected turbine ___ feed electricity into the grid. (can't);can’t — lack of ability or possibility.;0;modal_cant_ability
96;1;G096-V1;English Grammar – Modal Verbs;The system ___ be tested before it goes live. (must);must — notwendige Voraussetzung.;The system ___ be tested before it goes live. (must);must — notwendige Voraussetzung.;The system ___ be tested before it goes live. (must);must — necessary requirement.;0;modal_must_requirement
96;2;G096-V2;English Grammar – Modal Verbs;The protection system ___ be checked before operation. (must);must — notwendige Voraussetzung oder Anforderung.;The protection system ___ be checked before operation. (must);must — notwendige Voraussetzung oder Anforderung.;The protection system ___ be checked before operation. (must);must — necessary requirement.;0;modal_must_requirement
96;3;G096-V3;English Grammar – Modal Verbs;All measurements ___ be documented. (must);must — notwendige Voraussetzung oder Anforderung.;All measurements ___ be documented. (must);must — notwendige Voraussetzung oder Anforderung.;All measurements ___ be documented. (must);must — necessary requirement.;0;modal_must_requirement
96;4;G096-V4;English Grammar – Modal Verbs;The cable ___ be de-energised before maintenance. (must);must — notwendige Voraussetzung oder Anforderung.;The cable ___ be de-energised before maintenance. (must);must — notwendige Voraussetzung oder Anforderung.;The cable ___ be de-energised before maintenance. (must);must — necessary requirement.;0;modal_must_requirement
96;5;G096-V5;English Grammar – Modal Verbs;The forecast ___ be updated before the market closes. (must);must — notwendige Voraussetzung oder Anforderung.;The forecast ___ be updated before the market closes. (must);must — notwendige Voraussetzung oder Anforderung.;The forecast ___ be updated before the market closes. (must);must — necessary requirement.;0;modal_must_requirement
97;1;G097-V1;English Grammar – Modal Verbs;The operator ___ have missed the warning, but we are not certain. (might);might — „might have + Past Participle“ drückt eine unsichere Möglichkeit in der Vergangenheit aus.;The operator ___ have missed the warning, but we are not certain. (might);might — „might have + Past Participle“ drückt eine unsichere Möglichkeit in der Vergangenheit aus.;The operator ___ have missed the warning, but we are not certain. (might);might — “might have + past participle” expresses an uncertain possibility about the past.;0;modal_might_have
97;2;G097-V2;English Grammar – Modal Verbs;The operator ___ have missed the warning, but we are not sure. (might);might have + past participle — unsichere Vermutung über die Vergangenheit.;The operator ___ have missed the warning, but we are not sure. (might);might have + past participle — unsichere Vermutung über die Vergangenheit.;The operator ___ have missed the warning, but we are not sure. (might);might have + past participle — uncertain possibility about the past.;0;modal_might_have
97;3;G097-V3;English Grammar – Modal Verbs;The battery ___ have failed because of the cold, but this is uncertain. (might);might have + past participle — unsichere Vermutung über die Vergangenheit.;The battery ___ have failed because of the cold, but this is uncertain. (might);might have + past participle — unsichere Vermutung über die Vergangenheit.;The battery ___ have failed because of the cold, but this is uncertain. (might);might have + past participle — uncertain possibility about the past.;0;modal_might_have
97;4;G097-V4;English Grammar – Modal Verbs;The forecast ___ have underestimated demand. (might);might have + past participle — unsichere Vermutung über die Vergangenheit.;The forecast ___ have underestimated demand. (might);might have + past participle — unsichere Vermutung über die Vergangenheit.;The forecast ___ have underestimated demand. (might);might have + past participle — uncertain possibility about the past.;0;modal_might_have
97;5;G097-V5;English Grammar – Modal Verbs;The turbine ___ have stopped because of icing. (might);might have + past participle — unsichere Vermutung über die Vergangenheit.;The turbine ___ have stopped because of icing. (might);might have + past participle — unsichere Vermutung über die Vergangenheit.;The turbine ___ have stopped because of icing. (might);might have + past participle — uncertain possibility about the past.;0;modal_might_have
98;1;G098-V1;English Grammar – Modal Verbs;The sudden drop ___ have been caused by a cable fault. (could);could — mögliche Erklärung für die Vergangenheit.;The sudden drop ___ have been caused by a cable fault. (could);could — mögliche Erklärung für die Vergangenheit.;The sudden drop ___ have been caused by a cable fault. (could);could — possible explanation about the past.;0;modal_could_have
98;2;G098-V2;English Grammar – Modal Verbs;The outage ___ have been caused by a transformer fault. (could);could have + past participle — mögliche Erklärung für die Vergangenheit.;The outage ___ have been caused by a transformer fault. (could);could have + past participle — mögliche Erklärung für die Vergangenheit.;The outage ___ have been caused by a transformer fault. (could);could have + past participle — possible explanation about the past.;0;modal_could_have
98;3;G098-V3;English Grammar – Modal Verbs;The price spike ___ have resulted from low wind output. (could);could have + past participle — mögliche Erklärung für die Vergangenheit.;The price spike ___ have resulted from low wind output. (could);could have + past participle — mögliche Erklärung für die Vergangenheit.;The price spike ___ have resulted from low wind output. (could);could have + past participle — possible explanation about the past.;0;modal_could_have
98;4;G098-V4;English Grammar – Modal Verbs;The sensor error ___ have affected the forecast. (could);could have + past participle — mögliche Erklärung für die Vergangenheit.;The sensor error ___ have affected the forecast. (could);could have + past participle — mögliche Erklärung für die Vergangenheit.;The sensor error ___ have affected the forecast. (could);could have + past participle — possible explanation about the past.;0;modal_could_have
98;5;G098-V5;English Grammar – Modal Verbs;The imbalance ___ have started after the plant failure. (could);could have + past participle — mögliche Erklärung für die Vergangenheit.;The imbalance ___ have started after the plant failure. (could);could have + past participle — mögliche Erklärung für die Vergangenheit.;The imbalance ___ have started after the plant failure. (could);could have + past participle — possible explanation about the past.;0;modal_could_have
99;1;G099-V1;English Grammar – Modal Verbs;The turbine is stopped and there is no wind. That ___ be the reason. (must);must — starke logische Schlussfolgerung.;The turbine is stopped and there is no wind. That ___ be the reason. (must);must — starke logische Schlussfolgerung.;The turbine is stopped and there is no wind. That ___ be the reason. (must);must — strong logical deduction.;0;modal_must_deduction
99;2;G099-V2;English Grammar – Modal Verbs;The battery is full after a sunny day. Solar output ___ have been high. (must);must — starke logische Schlussfolgerung.;The battery is full after a sunny day. Solar output ___ have been high. (must);must — starke logische Schlussfolgerung.;The battery is full after a sunny day. Solar output ___ have been high. (must);must — strong logical deduction.;0;modal_must_deduction
99;3;G099-V3;English Grammar – Modal Verbs;The turbine is stopped and the wind is calm. That ___ be the reason. (must);must — starke logische Schlussfolgerung.;The turbine is stopped and the wind is calm. That ___ be the reason. (must);must — starke logische Schlussfolgerung.;The turbine is stopped and the wind is calm. That ___ be the reason. (must);must — strong logical deduction.;0;modal_must_deduction
99;4;G099-V4;English Grammar – Modal Verbs;All lights are off across the site. There ___ be a power cut. (must);must — starke logische Schlussfolgerung.;All lights are off across the site. There ___ be a power cut. (must);must — starke logische Schlussfolgerung.;All lights are off across the site. There ___ be a power cut. (must);must — strong logical deduction.;0;modal_must_deduction
99;5;G099-V5;English Grammar – Modal Verbs;The meter rose sharply after charging. The charger ___ be drawing a lot of power. (must);must — starke logische Schlussfolgerung.;The meter rose sharply after charging. The charger ___ be drawing a lot of power. (must);must — starke logische Schlussfolgerung.;The meter rose sharply after charging. The charger ___ be drawing a lot of power. (must);must — strong logical deduction.;0;modal_must_deduction
100;1;G100-V1;English Grammar – Modal Verbs;The meter shows zero, but the plant is running. The reading ___ be correct. (can't);can't — starke Schlussfolgerung, dass etwas unmöglich ist.;The meter shows zero, but the plant is running. The reading ___ be correct. (can't);can't — starke Schlussfolgerung, dass etwas unmöglich ist.;The meter shows zero, but the plant is running. The reading ___ be correct. (can't);can’t — strong deduction that something is impossible.;0;modal_cant_deduction
100;2;G100-V2;English Grammar – Modal Verbs;The wind farm is producing power, so all turbines ___ be offline. (can't);can't — starke Schlussfolgerung, dass etwas unmöglich ist.;The wind farm is producing power, so all turbines ___ be offline. (can't);can't — starke Schlussfolgerung, dass etwas unmöglich ist.;The wind farm is producing power, so all turbines ___ be offline. (can't);can’t — strong deduction that something is impossible.;0;modal_cant_deduction
100;3;G100-V3;English Grammar – Modal Verbs;The battery is charging, so the inverter ___ be completely broken. (can't);can't — starke Schlussfolgerung, dass etwas unmöglich ist.;The battery is charging, so the inverter ___ be completely broken. (can't);can't — starke Schlussfolgerung, dass etwas unmöglich ist.;The battery is charging, so the inverter ___ be completely broken. (can't);can’t — strong deduction that something is impossible.;0;modal_cant_deduction
100;4;G100-V4;English Grammar – Modal Verbs;The plant is operating normally, so the emergency stop ___ be active. (can't);can't — starke Schlussfolgerung, dass etwas unmöglich ist.;The plant is operating normally, so the emergency stop ___ be active. (can't);can't — starke Schlussfolgerung, dass etwas unmöglich ist.;The plant is operating normally, so the emergency stop ___ be active. (can't);can’t — strong deduction that something is impossible.;0;modal_cant_deduction
100;5;G100-V5;English Grammar – Modal Verbs;The meter is increasing, so consumption ___ be zero. (can't);can't — starke Schlussfolgerung, dass etwas unmöglich ist.;The meter is increasing, so consumption ___ be zero. (can't);can't — starke Schlussfolgerung, dass etwas unmöglich ist.;The meter is increasing, so consumption ___ be zero. (can't);can’t — strong deduction that something is impossible.;0;modal_cant_deduction
101;1;G101-V1;English Grammar – Modal Verbs;Was ist der Unterschied zwischen „mustn't“ und „don't have to“?;"mustn't = verboten; don't have to = nicht notwendig.";Was ist der Unterschied zwischen „mustn't“ und „don't have to“?;"mustn't = verboten; don't have to = nicht notwendig.";What is the difference between “mustn’t” and “don’t have to”?;"mustn’t = prohibited; don’t have to = not necessary.";0;rule_mustnt_donthave
101;2;G101-V2;English Grammar – Modal Verbs;„You mustn't enter“ und „You don't have to enter“: Was ist der Unterschied?;"mustn't = verboten; don't have to = nicht notwendig.";„You mustn't enter“ und „You don't have to enter“: Was ist der Unterschied?;"mustn't = verboten; don't have to = nicht notwendig.";What is the difference between “You mustn’t enter” and “You don’t have to enter”?;"mustn’t = prohibited; don’t have to = not necessary.";0;rule_mustnt_donthave
101;3;G101-V3;English Grammar – Modal Verbs;Welche Form bedeutet „es ist verboten“: „mustn't“ oder „don't have to“?;"mustn't = verboten; don't have to = nicht notwendig.";Welche Form bedeutet „es ist verboten“: „mustn't“ oder „don't have to“?;"mustn't = verboten; don't have to = nicht notwendig.";Which form means “it is prohibited”: “mustn’t” or “don’t have to”?;"mustn’t = prohibited; don’t have to = not necessary.";0;rule_mustnt_donthave
101;4;G101-V4;English Grammar – Modal Verbs;Welche Form bedeutet „es ist nicht notwendig“: „mustn't“ oder „don't have to“?;"mustn't = verboten; don't have to = nicht notwendig.";Welche Form bedeutet „es ist nicht notwendig“: „mustn't“ oder „don't have to“?;"mustn't = verboten; don't have to = nicht notwendig.";Which form means “it is not necessary”: “mustn’t” or “don’t have to”?;"mustn’t = prohibited; don’t have to = not necessary.";0;rule_mustnt_donthave
101;5;G101-V5;English Grammar – Modal Verbs;Warum sind „mustn't“ und „don't have to“ keine Synonyme?;"mustn't = verboten; don't have to = nicht notwendig.";Warum sind „mustn't“ und „don't have to“ keine Synonyme?;"mustn't = verboten; don't have to = nicht notwendig.";Why are “mustn’t” and “don’t have to” not synonyms?;"mustn’t = prohibited; don’t have to = not necessary.";0;rule_mustnt_donthave
102;1;G102-V1;English Grammar – Modal Verbs;What is a useful, but not absolute, difference between “must” and “have to”?;"Beide können Pflicht ausdrücken. „Have to“ betont oft Regeln oder Umstände; „must“ oft eine starke, vom Sprecher ausgedrückte Notwendigkeit oder formelle Anweisung. Der Unterschied ist nicht absolut.";What is a useful, but not absolute, difference between “must” and “have to”?;"Beide können Pflicht ausdrücken. „Have to“ betont oft Regeln oder Umstände; „must“ oft eine starke, vom Sprecher ausgedrückte Notwendigkeit oder formelle Anweisung. Der Unterschied ist nicht absolut.";What is a useful, but not absolute, difference between “must” and “have to”?;"Both can express obligation. “Have to” often emphasizes rules or circumstances; “must” often expresses strong speaker-imposed necessity or formal instructions. The distinction is not absolute.";0;rule_must_haveto
102;2;G102-V2;English Grammar – Modal Verbs;When is “have to” often more natural than “must”?;"Wenn die Pflicht aus einer äußeren Regel oder einem Umstand entsteht; je nach Kontext kann trotzdem „must“ möglich sein.";When is “have to” often more natural than “must”?;"Wenn die Pflicht aus einer äußeren Regel oder einem Umstand entsteht; je nach Kontext kann trotzdem „must“ möglich sein.";When is “have to” often more natural than “must”?;"When the obligation comes from an external rule or circumstance; “must” may still be possible depending on context.";0;rule_must_haveto
102;3;G102-V3;English Grammar – Modal Verbs;Which form often fits an obligation caused by company rules better: “must” or “have to”?;"have to — es betont oft eine äußere Regel; „must“ kann ebenfalls vorkommen, besonders in formellen Anweisungen.";Which form often fits an obligation caused by company rules better: “must” or “have to”?;"have to — es betont oft eine äußere Regel; „must“ kann ebenfalls vorkommen, besonders in formellen Anweisungen.";Which form often fits an obligation caused by company rules better: “must” or “have to”?;"have to — it often emphasizes an external rule; “must” can also occur, especially in formal instructions.";0;rule_must_haveto
102;4;G102-V4;English Grammar – Modal Verbs;Are “must” and “have to” always different in meaning?;"Nein. Die Bedeutungen überschneiden sich stark. „Have to“ verweist oft auf äußere Umstände; „must“ kann stärker vom Sprecher ausgehen oder formeller wirken.";Are “must” and “have to” always different in meaning?;"Nein. Die Bedeutungen überschneiden sich stark. „Have to“ verweist oft auf äußere Umstände; „must“ kann stärker vom Sprecher ausgehen oder formeller wirken.";Are “must” and “have to” always different in meaning?;"No. They overlap strongly. “Have to” often points to external circumstances; “must” can sound more speaker-imposed or formal.";0;rule_must_haveto
102;5;G102-V5;English Grammar – Modal Verbs;Which form often emphasizes an external obligation: “must” or “have to”?;"have to — oft bei Pflichten durch Regeln oder Umstände; der Gegensatz zu „must“ ist nicht absolut.";Which form often emphasizes an external obligation: “must” or “have to”?;"have to — oft bei Pflichten durch Regeln oder Umstände; der Gegensatz zu „must“ ist nicht absolut.";Which form often emphasizes an external obligation: “must” or “have to”?;"have to — often used for obligations created by rules or circumstances; the contrast with “must” is not absolute.";0;rule_must_haveto
103;1;G103-V1;English Grammar – Modal Verbs;What is the difference between “may” and “might” when they express possibility?;"Beide drücken Möglichkeit aus. Beim Grad der Sicherheit gibt es oft kaum einen Unterschied; „might“ kann in manchen Kontexten vorsichtiger oder hypothetischer klingen.";What is the difference between “may” and “might” when they express possibility?;"Beide drücken Möglichkeit aus. Beim Grad der Sicherheit gibt es oft kaum einen Unterschied; „might“ kann in manchen Kontexten vorsichtiger oder hypothetischer klingen.";What is the difference between “may” and “might” when they express possibility?;"Both express possibility. There is often little difference in certainty; “might” can sound more tentative or hypothetical in some contexts.";0;rule_may_might
103;2;G103-V2;English Grammar – Modal Verbs;Which form can sound more tentative in some contexts: “may” or “might”?;might — es kann vorsichtiger klingen, aber es gibt keine feste Wahrscheinlichkeitsskala.;Which form can sound more tentative in some contexts: “may” or “might”?;might — es kann vorsichtiger klingen, aber es gibt keine feste Wahrscheinlichkeitsskala.;Which form can sound more tentative in some contexts: “may” or “might”?;might — it can sound more tentative, but this is not a fixed scale of probability.;0;rule_may_might
103;3;G103-V3;English Grammar – Modal Verbs;What do both “may” and “might” express?;Möglichkeit — beide werden für unsichere Möglichkeiten verwendet und überschneiden sich häufig.;What do both “may” and “might” express?;Möglichkeit — beide werden für unsichere Möglichkeiten verwendet und überschneiden sich häufig.;What do both “may” and “might” express?;possibility — both are used for uncertain possibilities, and they often overlap.;0;rule_may_might
103;4;G103-V4;English Grammar – Modal Verbs;Does “might” always mean a lower probability than “may”?;Nein — „might“ kann vorsichtiger klingen, bedeutet aber nicht immer eine objektiv geringere Wahrscheinlichkeit.;Does “might” always mean a lower probability than “may”?;Nein — „might“ kann vorsichtiger klingen, bedeutet aber nicht immer eine objektiv geringere Wahrscheinlichkeit.;Does “might” always mean a lower probability than “may”?;No — “might” can sound more tentative, but it does not always mean a lower objective probability.;0;rule_may_might
103;5;G103-V5;English Grammar – Modal Verbs;Which two modal verbs commonly express possibility?;may und might — beide können eine Möglichkeit ausdrücken.;Which two modal verbs commonly express possibility?;may und might — beide können eine Möglichkeit ausdrücken.;Which two modal verbs commonly express possibility?;may and might — both can express possibility.;0;rule_may_might
104;1;G104-V1;English Grammar – Modal Verbs;The battery ___ be fully charged by noon if solar output stays high. (should);should — erwartete/wahrscheinliche Entwicklung.;The battery ___ be fully charged by noon if solar output stays high. (should);should — erwartete/wahrscheinliche Entwicklung.;The battery ___ be fully charged by noon if solar output stays high. (should);should — expected or likely outcome.;0;modal_should_expected
104;2;G104-V2;English Grammar – Modal Verbs;The battery ___ reach 100% by midday if the sun stays out. (should);should — erwartete oder wahrscheinliche Entwicklung.;The battery ___ reach 100% by midday if the sun stays out. (should);should — erwartete oder wahrscheinliche Entwicklung.;The battery ___ reach 100% by midday if the sun stays out. (should);should — expected or likely outcome.;0;modal_should_expected
104;3;G104-V3;English Grammar – Modal Verbs;The new cable ___ reduce congestion once it is online. (should);should — erwartete oder wahrscheinliche Entwicklung.;The new cable ___ reduce congestion once it is online. (should);should — erwartete oder wahrscheinliche Entwicklung.;The new cable ___ reduce congestion once it is online. (should);should — expected or likely outcome.;0;modal_should_expected
104;4;G104-V4;English Grammar – Modal Verbs;Wind output ___ increase overnight according to the forecast. (should);should — erwartete oder wahrscheinliche Entwicklung.;Wind output ___ increase overnight according to the forecast. (should);should — erwartete oder wahrscheinliche Entwicklung.;Wind output ___ increase overnight according to the forecast. (should);should — expected or likely outcome.;0;modal_should_expected
104;5;G104-V5;English Grammar – Modal Verbs;The repair ___ be finished by Friday. (should);should — erwartete oder wahrscheinliche Entwicklung.;The repair ___ be finished by Friday. (should);should — erwartete oder wahrscheinliche Entwicklung.;The repair ___ be finished by Friday. (should);should — expected or likely outcome.;0;modal_should_expected
105;1;G105-V1;English Grammar – Modal Verbs;We ___ reduce demand during peak hours to help the grid. (can);can — Möglichkeit.;We ___ reduce demand during peak hours to help the grid. (can);can — Möglichkeit.;We ___ reduce demand during peak hours to help the grid. (can);can — possibility.;0;modal_can
105;2;G105-V2;English Grammar – Modal Verbs;Demand-response systems ___ reduce consumption during peak periods. (can);can — Fähigkeit oder Möglichkeit.;Demand-response systems ___ reduce consumption during peak periods. (can);can — Fähigkeit oder Möglichkeit.;Demand-response systems ___ reduce consumption during peak periods. (can);can — ability or possibility.;0;modal_can
105;3;G105-V3;English Grammar – Modal Verbs;Interconnectors ___ move electricity between neighbouring countries. (can);can — Fähigkeit oder Möglichkeit.;Interconnectors ___ move electricity between neighbouring countries. (can);can — Fähigkeit oder Möglichkeit.;Interconnectors ___ move electricity between neighbouring countries. (can);can — ability or possibility.;0;modal_can
105;4;G105-V4;English Grammar – Modal Verbs;Demand response ___ reduce peak loads. (can);can — Fähigkeit oder Möglichkeit.;Demand response ___ reduce peak loads. (can);can — Fähigkeit oder Möglichkeit.;Demand response ___ reduce peak loads. (can);can — ability or possibility.;0;modal_can
105;5;G105-V5;English Grammar – Modal Verbs;Heat pumps ___ use renewable electricity for heating. (can);can — Fähigkeit oder Möglichkeit.;Heat pumps ___ use renewable electricity for heating. (can);can — Fähigkeit oder Möglichkeit.;Heat pumps ___ use renewable electricity for heating. (can);can — ability or possibility.;0;modal_can
106;1;G106-V1;English Grammar – Modal Verbs;Before modern batteries, operators ___ not store large amounts of electricity easily. (could);could not / couldn't — fehlende Fähigkeit in der Vergangenheit.;Before modern batteries, operators ___ not store large amounts of electricity easily. (could);could not / couldn't — fehlende Fähigkeit in der Vergangenheit.;Before modern batteries, operators ___ not store large amounts of electricity easily. (could);could not / couldn’t — lack of ability in the past.;0;modal_could_not_past
106;2;G106-V2;English Grammar – Modal Verbs;Before the upgrade, the line ___ not carry this much power. (could);could not / couldn't — fehlende Fähigkeit oder Möglichkeit in der Vergangenheit.;Before the upgrade, the line ___ not carry this much power. (could);could not / couldn't — fehlende Fähigkeit oder Möglichkeit in der Vergangenheit.;Before the upgrade, the line ___ not carry this much power. (could);could not / couldn’t — lack of ability or possibility in the past.;0;modal_could_not_past
106;3;G106-V3;English Grammar – Modal Verbs;Older batteries ___ not store as much energy. (could);could not / couldn't — fehlende Fähigkeit oder Möglichkeit in der Vergangenheit.;Older batteries ___ not store as much energy. (could);could not / couldn't — fehlende Fähigkeit oder Möglichkeit in der Vergangenheit.;Older batteries ___ not store as much energy. (could);could not / couldn’t — lack of ability or possibility in the past.;0;modal_could_not_past
106;4;G106-V4;English Grammar – Modal Verbs;Without the new software, operators ___ not analyse the data this quickly. (could);could not / couldn't — fehlende Fähigkeit oder Möglichkeit in der Vergangenheit.;Without the new software, operators ___ not analyse the data this quickly. (could);could not / couldn't — fehlende Fähigkeit oder Möglichkeit in der Vergangenheit.;Without the new software, operators ___ not analyse the data this quickly. (could);could not / couldn’t — lack of ability or possibility in the past.;0;modal_could_not_past
106;5;G106-V5;English Grammar – Modal Verbs;Before the interconnector opened, the region ___ not import enough electricity. (could);could not / couldn't — fehlende Fähigkeit oder Möglichkeit in der Vergangenheit.;Before the interconnector opened, the region ___ not import enough electricity. (could);could not / couldn't — fehlende Fähigkeit oder Möglichkeit in der Vergangenheit.;Before the interconnector opened, the region ___ not import enough electricity. (could);could not / couldn’t — lack of ability or possibility in the past.;0;modal_could_not_past
107;1;G107-V1;English Grammar – Modal Verbs;You ___ report unusual noises from the transformer. (should);should — Empfehlung bzw. sinnvolle Handlung.;You ___ report unusual noises from the transformer. (should);should — Empfehlung bzw. sinnvolle Handlung.;You ___ report unusual noises from the transformer. (should);should — recommendation or sensible action.;0;modal_should_recommend
107;2;G107-V2;English Grammar – Modal Verbs;The technician ___ verify the sensor reading again. (should);should — Empfehlung oder sinnvolle Handlung.;The technician ___ verify the sensor reading again. (should);should — Empfehlung oder sinnvolle Handlung.;The technician ___ verify the sensor reading again. (should);should — recommendation or sensible action.;0;modal_should_recommend
107;3;G107-V3;English Grammar – Modal Verbs;We ___ review the assumptions before publishing the forecast. (should);should — Empfehlung oder sinnvolle Handlung.;We ___ review the assumptions before publishing the forecast. (should);should — Empfehlung oder sinnvolle Handlung.;We ___ review the assumptions before publishing the forecast. (should);should — recommendation or sensible action.;0;modal_should_recommend
107;4;G107-V4;English Grammar – Modal Verbs;The project team ___ compare several grid routes. (should);should — Empfehlung oder sinnvolle Handlung.;The project team ___ compare several grid routes. (should);should — Empfehlung oder sinnvolle Handlung.;The project team ___ compare several grid routes. (should);should — recommendation or sensible action.;0;modal_should_recommend
107;5;G107-V5;English Grammar – Modal Verbs;Technicians ___ report unusual vibrations. (should);should — Empfehlung oder sinnvolle Handlung.;Technicians ___ report unusual vibrations. (should);should — Empfehlung oder sinnvolle Handlung.;Technicians ___ report unusual vibrations. (should);should — recommendation or sensible action.;0;modal_should_recommend
108;1;G108-V1;English Grammar – Conjunctions & Complex Sentences;___ solar output was low, the grid remained stable. (Although / Therefore);"Although — obwohl; leitet einen Gegensatz ein.";___ solar output was low, the grid remained stable. (Although / Therefore);"Although — obwohl; leitet einen Gegensatz ein.";___ solar output was low, the grid remained stable. (Although / Therefore);Although — introduces a contrast.;0;conj_although
108;2;G108-V2;English Grammar – Conjunctions & Complex Sentences;___ wind output fell, the grid remained balanced. (Although / Therefore);"Although — „obwohl“; danach folgt ein vollständiger Satz.";___ wind output fell, the grid remained balanced. (Although / Therefore);"Although — „obwohl“; danach folgt ein vollständiger Satz.";___ wind output fell, the grid remained balanced. (Although / Therefore);"Although — “although”; it is followed by a full clause.";0;conj_although
108;3;G108-V3;English Grammar – Conjunctions & Complex Sentences;___ the battery was small, it supplied enough power. (Although / Therefore);"Although — „obwohl“; danach folgt ein vollständiger Satz.";___ the battery was small, it supplied enough power. (Although / Therefore);"Although — „obwohl“; danach folgt ein vollständiger Satz.";___ the battery was small, it supplied enough power. (Although / Therefore);"Although — “although”; it is followed by a full clause.";0;conj_although
108;4;G108-V4;English Grammar – Conjunctions & Complex Sentences;___ electricity demand increased, prices stayed stable. (Although / Therefore);"Although — „obwohl“; danach folgt ein vollständiger Satz.";___ electricity demand increased, prices stayed stable. (Although / Therefore);"Although — „obwohl“; danach folgt ein vollständiger Satz.";___ electricity demand increased, prices stayed stable. (Although / Therefore);"Although — “although”; it is followed by a full clause.";0;conj_although
108;5;G108-V5;English Grammar – Conjunctions & Complex Sentences;___ the project was expensive, it was approved. (Although / Therefore);"Although — „obwohl“; danach folgt ein vollständiger Satz.";___ the project was expensive, it was approved. (Although / Therefore);"Although — „obwohl“; danach folgt ein vollständiger Satz.";___ the project was expensive, it was approved. (Although / Therefore);"Although — “although”; it is followed by a full clause.";0;conj_although
109;1;G109-V1;English Grammar – Conjunctions & Complex Sentences;___ the wind was extremely strong, the turbines kept operating. (Even though / Therefore);Even though — obwohl, mit stärkerer Betonung.;___ the wind was extremely strong, the turbines kept operating. (Even though / Therefore);Even though — obwohl, mit stärkerer Betonung.;___ the wind was extremely strong, the turbines kept operating. (Even though / Therefore);Even though — stronger contrast than “although”.;0;conj_even_though
109;2;G109-V2;English Grammar – Conjunctions & Complex Sentences;___ the storm was severe, the grid stayed stable. (Even though / Therefore);"Even though — starker Gegensatz; danach folgt ein vollständiger Satz.";___ the storm was severe, the grid stayed stable. (Even though / Therefore);"Even though — starker Gegensatz; danach folgt ein vollständiger Satz.";___ the storm was severe, the grid stayed stable. (Even though / Therefore);"Even though — strong contrast; followed by a full clause.";0;conj_even_though
109;3;G109-V3;English Grammar – Conjunctions & Complex Sentences;___ the battery was almost empty, it supported the grid. (Even though / Therefore);"Even though — starker Gegensatz; danach folgt ein vollständiger Satz.";___ the battery was almost empty, it supported the grid. (Even though / Therefore);"Even though — starker Gegensatz; danach folgt ein vollständiger Satz.";___ the battery was almost empty, it supported the grid. (Even though / Therefore);"Even though — strong contrast; followed by a full clause.";0;conj_even_though
109;4;G109-V4;English Grammar – Conjunctions & Complex Sentences;___ the wind was weak, the turbines still generated some power. (Even though / Therefore);"Even though — starker Gegensatz; danach folgt ein vollständiger Satz.";___ the wind was weak, the turbines still generated some power. (Even though / Therefore);"Even though — starker Gegensatz; danach folgt ein vollständiger Satz.";___ the wind was weak, the turbines still generated some power. (Even though / Therefore);"Even though — strong contrast; followed by a full clause.";0;conj_even_though
109;5;G109-V5;English Grammar – Conjunctions & Complex Sentences;___ the cable is old, it is still reliable. (Even though / Therefore);"Even though — starker Gegensatz; danach folgt ein vollständiger Satz.";___ the cable is old, it is still reliable. (Even though / Therefore);"Even though — starker Gegensatz; danach folgt ein vollständiger Satz.";___ the cable is old, it is still reliable. (Even though / Therefore);"Even though — strong contrast; followed by a full clause.";0;conj_even_though
110;1;G110-V1;English Grammar – Conjunctions & Complex Sentences;___ the strong wind, the turbine remained operational. (Despite / Although);Despite — danach folgt ein Nomen oder -ing, kein vollständiger Satz.;___ the strong wind, the turbine remained operational. (Despite / Although);Despite — danach folgt ein Nomen oder -ing, kein vollständiger Satz.;___ the strong wind, the turbine remained operational. (Despite / Although);Despite — followed by a noun or -ing form, not a full clause.;0;conj_despite_noun
110;2;G110-V2;English Grammar – Conjunctions & Complex Sentences;___ the high demand, the grid remained stable. (Despite / Although);Despite — danach folgt ein Nomen/eine Nominalgruppe oder -ing.;___ the high demand, the grid remained stable. (Despite / Although);Despite — danach folgt ein Nomen/eine Nominalgruppe oder -ing.;___ the high demand, the grid remained stable. (Despite / Although);Despite — followed by a noun/noun phrase or an -ing form.;0;conj_despite_noun
110;3;G110-V3;English Grammar – Conjunctions & Complex Sentences;___ the low wind, prices did not rise. (Despite / Although);Despite — danach folgt ein Nomen/eine Nominalgruppe oder -ing.;___ the low wind, prices did not rise. (Despite / Although);Despite — danach folgt ein Nomen/eine Nominalgruppe oder -ing.;___ the low wind, prices did not rise. (Despite / Although);Despite — followed by a noun/noun phrase or an -ing form.;0;conj_despite_noun
110;4;G110-V4;English Grammar – Conjunctions & Complex Sentences;___ the storm, the offshore turbines kept running. (Despite / Although);Despite — danach folgt ein Nomen/eine Nominalgruppe oder -ing.;___ the storm, the offshore turbines kept running. (Despite / Although);Despite — danach folgt ein Nomen/eine Nominalgruppe oder -ing.;___ the storm, the offshore turbines kept running. (Despite / Although);Despite — followed by a noun/noun phrase or an -ing form.;0;conj_despite_noun
110;5;G110-V5;English Grammar – Conjunctions & Complex Sentences;___ the high cost, the battery project was approved. (Despite / Although);Despite — danach folgt ein Nomen/eine Nominalgruppe oder -ing.;___ the high cost, the battery project was approved. (Despite / Although);Despite — danach folgt ein Nomen/eine Nominalgruppe oder -ing.;___ the high cost, the battery project was approved. (Despite / Although);Despite — followed by a noun/noun phrase or an -ing form.;0;conj_despite_noun
111;1;G111-V1;English Grammar – Conjunctions & Complex Sentences;___ being expensive, battery storage can be useful. (Despite / Although);Despite — „despite + -ing“.;___ being expensive, battery storage can be useful. (Despite / Although);Despite — „despite + -ing“.;___ being expensive, battery storage can be useful. (Despite / Although);Despite — use “despite + -ing”.;0;conj_despite_ing
111;2;G111-V2;English Grammar – Conjunctions & Complex Sentences;___ costing more, the new system is more reliable. (Despite / Although);Despite — möglich mit „despite + -ing“.;___ costing more, the new system is more reliable. (Despite / Although);Despite — möglich mit „despite + -ing“.;___ costing more, the new system is more reliable. (Despite / Although);Despite — can be followed by an -ing form.;0;conj_despite_ing
111;3;G111-V3;English Grammar – Conjunctions & Complex Sentences;___ being old, the cable is still in good condition. (Despite / Although);Despite — möglich mit „despite + -ing“.;___ being old, the cable is still in good condition. (Despite / Although);Despite — möglich mit „despite + -ing“.;___ being old, the cable is still in good condition. (Despite / Although);Despite — can be followed by an -ing form.;0;conj_despite_ing
111;4;G111-V4;English Grammar – Conjunctions & Complex Sentences;___ producing less power, the turbine stayed online. (Despite / Although);Despite — möglich mit „despite + -ing“.;___ producing less power, the turbine stayed online. (Despite / Although);Despite — möglich mit „despite + -ing“.;___ producing less power, the turbine stayed online. (Despite / Although);Despite — can be followed by an -ing form.;0;conj_despite_ing
111;5;G111-V5;English Grammar – Conjunctions & Complex Sentences;___ requiring maintenance, the battery remained available. (Despite / Although);Despite — möglich mit „despite + -ing“.;___ requiring maintenance, the battery remained available. (Despite / Although);Despite — möglich mit „despite + -ing“.;___ requiring maintenance, the battery remained available. (Despite / Although);Despite — can be followed by an -ing form.;0;conj_despite_ing
112;1;G112-V1;English Grammar – Conjunctions & Complex Sentences;Although battery storage is expensive, it is useful. → mit „despite“;Despite being expensive, battery storage is useful.;Although battery storage is expensive, it is useful. → mit „despite“;Despite being expensive, battery storage is useful.;Although battery storage is expensive, it is useful. → rewrite with “despite”;Despite being expensive, battery storage is useful.;0;conj_rewrite_despite
112;2;G112-V2;English Grammar – Conjunctions & Complex Sentences;Although the battery is costly, it improves flexibility. → mit „despite“;Despite being costly, the battery improves flexibility.;Although the battery is costly, it improves flexibility. → mit „despite“;Despite being costly, the battery improves flexibility.;Although the battery is costly, it improves flexibility. → rewrite with “despite”;Despite being costly, the battery improves flexibility.;0;conj_rewrite_despite
112;3;G112-V3;English Grammar – Conjunctions & Complex Sentences;Although the wind was weak, the turbines produced electricity. → mit „despite“;Despite the weak wind, the turbines produced electricity.;Although the wind was weak, the turbines produced electricity. → mit „despite“;Despite the weak wind, the turbines produced electricity.;Although the wind was weak, the turbines produced electricity. → rewrite with “despite”;Despite the weak wind, the turbines produced electricity.;0;conj_rewrite_despite
112;4;G112-V4;English Grammar – Conjunctions & Complex Sentences;Although the cable is old, it still works reliably. → mit „despite“;Despite being old, the cable still works reliably.;Although the cable is old, it still works reliably. → mit „despite“;Despite being old, the cable still works reliably.;Although the cable is old, it still works reliably. → rewrite with “despite”;Despite being old, the cable still works reliably.;0;conj_rewrite_despite
112;5;G112-V5;English Grammar – Conjunctions & Complex Sentences;Although the project was delayed, construction continued. → mit „despite“;Despite the delay, construction continued.;Although the project was delayed, construction continued. → mit „despite“;Despite the delay, construction continued.;Although the project was delayed, construction continued. → rewrite with “despite”;Despite the delay, construction continued.;0;conj_rewrite_despite
113;1;G113-V1;English Grammar – Conjunctions & Complex Sentences;Solar power peaks during the day, ___ wind can also generate electricity at night.;whereas — stellt zwei Unterschiede gegenüber.;Solar power peaks during the day, ___ wind can also generate electricity at night.;whereas — stellt zwei Unterschiede gegenüber.;Solar power peaks during the day, ___ wind can also generate electricity at night.;whereas — contrasts two facts.;0;conj_whereas
113;2;G113-V2;English Grammar – Conjunctions & Complex Sentences;Solar output is highest around noon, ___ wind output can peak at any time.;whereas — stellt zwei unterschiedliche Sachverhalte gegenüber.;Solar output is highest around noon, ___ wind output can peak at any time.;whereas — stellt zwei unterschiedliche Sachverhalte gegenüber.;Solar output is highest around noon, ___ wind output can peak at any time.;whereas — contrasts two different facts.;0;conj_whereas
113;3;G113-V3;English Grammar – Conjunctions & Complex Sentences;Batteries store electricity, ___ transmission lines transport it.;whereas — stellt zwei unterschiedliche Sachverhalte gegenüber.;Batteries store electricity, ___ transmission lines transport it.;whereas — stellt zwei unterschiedliche Sachverhalte gegenüber.;Batteries store electricity, ___ transmission lines transport it.;whereas — contrasts two different facts.;0;conj_whereas
113;4;G113-V4;English Grammar – Conjunctions & Complex Sentences;Onshore wind is built on land, ___ offshore wind is built at sea.;whereas — stellt zwei unterschiedliche Sachverhalte gegenüber.;Onshore wind is built on land, ___ offshore wind is built at sea.;whereas — stellt zwei unterschiedliche Sachverhalte gegenüber.;Onshore wind is built on land, ___ offshore wind is built at sea.;whereas — contrasts two different facts.;0;conj_whereas
113;5;G113-V5;English Grammar – Conjunctions & Complex Sentences;Coal plants burn fuel, ___ wind turbines use moving air.;whereas — stellt zwei unterschiedliche Sachverhalte gegenüber.;Coal plants burn fuel, ___ wind turbines use moving air.;whereas — stellt zwei unterschiedliche Sachverhalte gegenüber.;Coal plants burn fuel, ___ wind turbines use moving air.;whereas — contrasts two different facts.;0;conj_whereas
114;1;G114-V1;English Grammar – Conjunctions & Complex Sentences;Coal emits large amounts of CO₂, ___ wind has very low operational emissions.;whereas / while — Gegensatz zwischen zwei Sachverhalten.;Coal emits large amounts of CO₂, ___ wind has very low operational emissions.;whereas / while — Gegensatz zwischen zwei Sachverhalten.;Coal emits large amounts of CO₂, ___ wind has very low operational emissions.;whereas / while — contrast between two facts.;0;conj_whereas_while
114;2;G114-V2;English Grammar – Conjunctions & Complex Sentences;Solar has no fuel cost, ___ gas plants need fuel.;whereas / while — kann einen Gegensatz zwischen zwei Sachverhalten ausdrücken.;Solar has no fuel cost, ___ gas plants need fuel.;whereas / while — kann einen Gegensatz zwischen zwei Sachverhalten ausdrücken.;Solar has no fuel cost, ___ gas plants need fuel.;whereas / while — can contrast two facts.;0;conj_whereas_while
114;3;G114-V3;English Grammar – Conjunctions & Complex Sentences;Wind generation varies with the weather, ___ nuclear output is usually steadier.;whereas / while — kann einen Gegensatz zwischen zwei Sachverhalten ausdrücken.;Wind generation varies with the weather, ___ nuclear output is usually steadier.;whereas / while — kann einen Gegensatz zwischen zwei Sachverhalten ausdrücken.;Wind generation varies with the weather, ___ nuclear output is usually steadier.;whereas / while — can contrast two facts.;0;conj_whereas_while
114;4;G114-V4;English Grammar – Conjunctions & Complex Sentences;A battery stores energy, ___ a cable transports it.;whereas / while — kann einen Gegensatz zwischen zwei Sachverhalten ausdrücken.;A battery stores energy, ___ a cable transports it.;whereas / while — kann einen Gegensatz zwischen zwei Sachverhalten ausdrücken.;A battery stores energy, ___ a cable transports it.;whereas / while — can contrast two facts.;0;conj_whereas_while
114;5;G114-V5;English Grammar – Conjunctions & Complex Sentences;Offshore projects are built at sea, ___ onshore projects are built on land.;whereas / while — kann einen Gegensatz zwischen zwei Sachverhalten ausdrücken.;Offshore projects are built at sea, ___ onshore projects are built on land.;whereas / while — kann einen Gegensatz zwischen zwei Sachverhalten ausdrücken.;Offshore projects are built at sea, ___ onshore projects are built on land.;whereas / while — can contrast two facts.;0;conj_whereas_while
115;1;G115-V1;English Grammar – Conjunctions & Complex Sentences;___ operators monitor the grid, automated systems react within seconds.;While — zwei gleichzeitig ablaufende Vorgänge.;___ operators monitor the grid, automated systems react within seconds.;While — zwei gleichzeitig ablaufende Vorgänge.;___ operators monitor the grid, automated systems react within seconds.;While — two actions happening at the same time.;0;conj_while_simultaneous
115;2;G115-V2;English Grammar – Conjunctions & Complex Sentences;___ the battery charges, the solar panels continue generating electricity.;While — für gleichzeitig ablaufende Vorgänge.;___ the battery charges, the solar panels continue generating electricity.;While — für gleichzeitig ablaufende Vorgänge.;___ the battery charges, the solar panels continue generating electricity.;While — used for actions happening at the same time.;0;conj_while_simultaneous
115;3;G115-V3;English Grammar – Conjunctions & Complex Sentences;___ technicians inspect the transformer, operators monitor the grid.;While — für gleichzeitig ablaufende Vorgänge.;___ technicians inspect the transformer, operators monitor the grid.;While — für gleichzeitig ablaufende Vorgänge.;___ technicians inspect the transformer, operators monitor the grid.;While — used for actions happening at the same time.;0;conj_while_simultaneous
115;4;G115-V4;English Grammar – Conjunctions & Complex Sentences;___ demand rises, the battery begins to discharge.;While — für gleichzeitig ablaufende Vorgänge.;___ demand rises, the battery begins to discharge.;While — für gleichzeitig ablaufende Vorgänge.;___ demand rises, the battery begins to discharge.;While — used for actions happening at the same time.;0;conj_while_simultaneous
115;5;G115-V5;English Grammar – Conjunctions & Complex Sentences;___ the turbine runs, sensors collect operating data.;While — für gleichzeitig ablaufende Vorgänge.;___ the turbine runs, sensors collect operating data.;While — für gleichzeitig ablaufende Vorgänge.;___ the turbine runs, sensors collect operating data.;While — used for actions happening at the same time.;0;conj_while_simultaneous
116;1;G116-V1;English Grammar – Conjunctions & Complex Sentences;There was little wind. ___, electricity prices increased.;"Therefore — deshalb; zeigt eine Folge.";There was little wind. ___, electricity prices increased.;"Therefore — deshalb; zeigt eine Folge.";There was little wind. ___, electricity prices increased.;Therefore — shows a result.;0;conj_therefore
116;2;G116-V2;English Grammar – Conjunctions & Complex Sentences;Wind output was low. ___, more gas generation was needed.;Therefore — zeigt eine Folge: deshalb/folglich.;Wind output was low. ___, more gas generation was needed.;Therefore — zeigt eine Folge: deshalb/folglich.;Wind output was low. ___, more gas generation was needed.;Therefore — shows a result: therefore/consequently.;0;conj_therefore
116;3;G116-V3;English Grammar – Conjunctions & Complex Sentences;The battery was full. ___, surplus solar power had to be exported.;Therefore — zeigt eine Folge: deshalb/folglich.;The battery was full. ___, surplus solar power had to be exported.;Therefore — zeigt eine Folge: deshalb/folglich.;The battery was full. ___, surplus solar power had to be exported.;Therefore — shows a result: therefore/consequently.;0;conj_therefore
116;4;G116-V4;English Grammar – Conjunctions & Complex Sentences;Demand increased sharply. ___, electricity prices rose.;Therefore — zeigt eine Folge: deshalb/folglich.;Demand increased sharply. ___, electricity prices rose.;Therefore — zeigt eine Folge: deshalb/folglich.;Demand increased sharply. ___, electricity prices rose.;Therefore — shows a result: therefore/consequently.;0;conj_therefore
116;5;G116-V5;English Grammar – Conjunctions & Complex Sentences;The cable failed. ___, power was rerouted through another line.;Therefore — zeigt eine Folge: deshalb/folglich.;The cable failed. ___, power was rerouted through another line.;Therefore — zeigt eine Folge: deshalb/folglich.;The cable failed. ___, power was rerouted through another line.;Therefore — shows a result: therefore/consequently.;0;conj_therefore
117;1;G117-V1;English Grammar – Conjunctions & Complex Sentences;Battery storage is expensive. ___, it can make the grid more flexible.;"However — jedoch; zeigt einen Gegensatz.";Battery storage is expensive. ___, it can make the grid more flexible.;"However — jedoch; zeigt einen Gegensatz.";Battery storage is expensive. ___, it can make the grid more flexible.;However — shows a contrast.;0;conj_however
117;2;G117-V2;English Grammar – Conjunctions & Complex Sentences;The new line is expensive. ___, it could reduce congestion.;However — zeigt einen Gegensatz: jedoch/dennoch.;The new line is expensive. ___, it could reduce congestion.;However — zeigt einen Gegensatz: jedoch/dennoch.;The new line is expensive. ___, it could reduce congestion.;However — shows contrast: however/nevertheless.;0;conj_however
117;3;G117-V3;English Grammar – Conjunctions & Complex Sentences;Solar output was high. ___, electricity prices did not fall.;However — zeigt einen Gegensatz: jedoch/dennoch.;Solar output was high. ___, electricity prices did not fall.;However — zeigt einen Gegensatz: jedoch/dennoch.;Solar output was high. ___, electricity prices did not fall.;However — shows contrast: however/nevertheless.;0;conj_however
117;4;G117-V4;English Grammar – Conjunctions & Complex Sentences;The battery is small. ___, it can respond very quickly.;However — zeigt einen Gegensatz: jedoch/dennoch.;The battery is small. ___, it can respond very quickly.;However — zeigt einen Gegensatz: jedoch/dennoch.;The battery is small. ___, it can respond very quickly.;However — shows contrast: however/nevertheless.;0;conj_however
117;5;G117-V5;English Grammar – Conjunctions & Complex Sentences;Wind generation increased. ___, some gas plants were still needed.;However — zeigt einen Gegensatz: jedoch/dennoch.;Wind generation increased. ___, some gas plants were still needed.;However — zeigt einen Gegensatz: jedoch/dennoch.;Wind generation increased. ___, some gas plants were still needed.;However — shows contrast: however/nevertheless.;0;conj_however
118;1;G118-V1;English Grammar – Conjunctions & Complex Sentences;The grid will remain congested ___ new lines are built.;unless — wenn nicht / außer wenn.;The grid will remain congested ___ new lines are built.;unless — wenn nicht / außer wenn.;The grid will remain congested ___ new lines are built.;unless — if not / except if.;0;conj_unless
118;2;G118-V2;English Grammar – Conjunctions & Complex Sentences;The battery will remain empty ___ it is charged.;unless — „wenn nicht / außer wenn“.;The battery will remain empty ___ it is charged.;unless — „wenn nicht / außer wenn“.;The battery will remain empty ___ it is charged.;unless — “if not / except if”.;0;conj_unless
118;3;G118-V3;English Grammar – Conjunctions & Complex Sentences;Congestion will continue ___ the grid is expanded.;unless — „wenn nicht / außer wenn“.;Congestion will continue ___ the grid is expanded.;unless — „wenn nicht / außer wenn“.;Congestion will continue ___ the grid is expanded.;unless — “if not / except if”.;0;conj_unless
118;4;G118-V4;English Grammar – Conjunctions & Complex Sentences;The turbine will stay offline ___ the fault is repaired.;unless — „wenn nicht / außer wenn“.;The turbine will stay offline ___ the fault is repaired.;unless — „wenn nicht / außer wenn“.;The turbine will stay offline ___ the fault is repaired.;unless — “if not / except if”.;0;conj_unless
118;5;G118-V5;English Grammar – Conjunctions & Complex Sentences;Emissions will not fall quickly ___ fossil generation decreases.;unless — „wenn nicht / außer wenn“.;Emissions will not fall quickly ___ fossil generation decreases.;unless — „wenn nicht / außer wenn“.;Emissions will not fall quickly ___ fossil generation decreases.;unless — “if not / except if”.;0;conj_unless
119;1;G119-V1;English Grammar – Conjunctions & Complex Sentences;___ demand falls, additional generation will be needed. (Unless / However);Unless — wenn die Nachfrage nicht sinkt.;___ demand falls, additional generation will be needed. (Unless / However);Unless — wenn die Nachfrage nicht sinkt.;___ demand falls, additional generation will be needed. (Unless / However);Unless — if demand does not fall.;0;conj_unless_choice
119;2;G119-V2;English Grammar – Conjunctions & Complex Sentences;___ storage increases, more renewable energy may be curtailed. (Unless / However);Unless — bedeutet „wenn nicht“.;___ storage increases, more renewable energy may be curtailed. (Unless / However);Unless — bedeutet „wenn nicht“.;___ storage increases, more renewable energy may be curtailed. (Unless / However);Unless — means “if not”.;0;conj_unless_choice
119;3;G119-V3;English Grammar – Conjunctions & Complex Sentences;___ the cable is repaired, the line will remain offline. (Unless / However);Unless — bedeutet „wenn nicht“.;___ the cable is repaired, the line will remain offline. (Unless / However);Unless — bedeutet „wenn nicht“.;___ the cable is repaired, the line will remain offline. (Unless / However);Unless — means “if not”.;0;conj_unless_choice
119;4;G119-V4;English Grammar – Conjunctions & Complex Sentences;___ demand falls, the reserve plant will be needed. (Unless / However);Unless — bedeutet „wenn nicht“.;___ demand falls, the reserve plant will be needed. (Unless / However);Unless — bedeutet „wenn nicht“.;___ demand falls, the reserve plant will be needed. (Unless / However);Unless — means “if not”.;0;conj_unless_choice
119;5;G119-V5;English Grammar – Conjunctions & Complex Sentences;___ the forecast improves, imbalances may continue. (Unless / However);Unless — bedeutet „wenn nicht“.;___ the forecast improves, imbalances may continue. (Unless / However);Unless — bedeutet „wenn nicht“.;___ the forecast improves, imbalances may continue. (Unless / However);Unless — means “if not”.;0;conj_unless_choice
120;1;G120-V1;English Grammar – Conjunctions & Complex Sentences;„Unless we expand the grid, congestion will increase.“ bedeutet ...;Wenn wir das Netz nicht ausbauen, wird die Überlastung zunehmen.;„Unless we expand the grid, congestion will increase.“ bedeutet ...;Wenn wir das Netz nicht ausbauen, wird die Überlastung zunehmen.;“Unless we expand the grid, congestion will increase.” means ...;If we do not expand the grid, congestion will increase.;0;conj_unless_meaning
120;2;G120-V2;English Grammar – Conjunctions & Complex Sentences;„Unless the battery is charged, it cannot supply power.“ bedeutet ...;Wenn die Batterie nicht geladen wird/ist, kann sie keinen Strom liefern.;„Unless the battery is charged, it cannot supply power.“ bedeutet ...;Wenn die Batterie nicht geladen wird/ist, kann sie keinen Strom liefern.;“Unless the battery is charged, it cannot supply power.” means ...;If the battery is not charged, it cannot supply power.;0;conj_unless_meaning
120;3;G120-V3;English Grammar – Conjunctions & Complex Sentences;„Unless we build the line, congestion will continue.“ bedeutet ...;Wenn wir die Leitung nicht bauen, wird die Netzüberlastung weiterbestehen.;„Unless we build the line, congestion will continue.“ bedeutet ...;Wenn wir die Leitung nicht bauen, wird die Netzüberlastung weiterbestehen.;“Unless we build the line, congestion will continue.” means ...;If we do not build the line, congestion will continue.;0;conj_unless_meaning
120;4;G120-V4;English Grammar – Conjunctions & Complex Sentences;„Unless wind output rises, more gas will be needed.“ bedeutet ...;Wenn die Windleistung nicht steigt, wird mehr Gasstrom benötigt.;„Unless wind output rises, more gas will be needed.“ bedeutet ...;Wenn die Windleistung nicht steigt, wird mehr Gasstrom benötigt.;“Unless wind output rises, more gas will be needed.” means ...;If wind output does not rise, more gas generation will be needed.;0;conj_unless_meaning
120;5;G120-V5;English Grammar – Conjunctions & Complex Sentences;„Unless the fault is fixed, the turbine will stay offline.“ bedeutet ...;Wenn der Fehler nicht behoben wird, bleibt die Turbine außer Betrieb.;„Unless the fault is fixed, the turbine will stay offline.“ bedeutet ...;Wenn der Fehler nicht behoben wird, bleibt die Turbine außer Betrieb.;“Unless the fault is fixed, the turbine will stay offline.” means ...;If the fault is not fixed, the turbine will stay offline.;0;conj_unless_meaning
121;1;G121-V1;English Grammar – Conjunctions & Complex Sentences;"The forecast improved; ___, some errors remained.";however — dennoch/jedoch.;"The forecast improved; ___, some errors remained.";however — dennoch/jedoch.;"The forecast improved; ___, some errors remained.";however — nevertheless / in contrast.;0;conj_however
121;2;G121-V2;English Grammar – Conjunctions & Complex Sentences;The battery has limited energy capacity. ___, it can deliver power very quickly.;However — zeigt einen Gegensatz: jedoch/dennoch.;The battery has limited energy capacity. ___, it can deliver power very quickly.;However — zeigt einen Gegensatz: jedoch/dennoch.;The battery has limited energy capacity. ___, it can deliver power very quickly.;However — shows contrast: however/nevertheless.;0;conj_however
121;3;G121-V3;English Grammar – Conjunctions & Complex Sentences;Wind generation rose sharply. ___, congestion remained on several lines.;However — zeigt einen Gegensatz: jedoch/dennoch.;Wind generation rose sharply. ___, congestion remained on several lines.;However — zeigt einen Gegensatz: jedoch/dennoch.;Wind generation rose sharply. ___, congestion remained on several lines.;However — shows contrast: however/nevertheless.;0;conj_however
121;4;G121-V4;English Grammar – Conjunctions & Complex Sentences;The project is expensive. ___, it may still be necessary for grid stability.;However — zeigt einen Gegensatz: jedoch/dennoch.;The project is expensive. ___, it may still be necessary for grid stability.;However — zeigt einen Gegensatz: jedoch/dennoch.;The project is expensive. ___, it may still be necessary for grid stability.;However — shows contrast: however/nevertheless.;0;conj_however
121;5;G121-V5;English Grammar – Conjunctions & Complex Sentences;Renewable output was high. ___, some conventional generation remained online.;However — zeigt einen Gegensatz: jedoch/dennoch.;Renewable output was high. ___, some conventional generation remained online.;However — zeigt einen Gegensatz: jedoch/dennoch.;Renewable output was high. ___, some conventional generation remained online.;However — shows contrast: however/nevertheless.;0;conj_however
122;1;G122-V1;English Grammar – Conjunctions & Complex Sentences;"Solar output was high; ___, less gas generation was needed.";therefore — folglich/deshalb.;"Solar output was high; ___, less gas generation was needed.";therefore — folglich/deshalb.;"Solar output was high; ___, less gas generation was needed.";therefore — consequently / as a result.;0;conj_therefore
122;2;G122-V2;English Grammar – Conjunctions & Complex Sentences;A cold spell increased heating demand. ___, total electricity demand rose.;Therefore — zeigt eine Folge: deshalb/folglich.;A cold spell increased heating demand. ___, total electricity demand rose.;Therefore — zeigt eine Folge: deshalb/folglich.;A cold spell increased heating demand. ___, total electricity demand rose.;Therefore — shows a result: therefore/consequently.;0;conj_therefore
122;3;G122-V3;English Grammar – Conjunctions & Complex Sentences;The transformer overheated. ___, the operator reduced its load.;Therefore — zeigt eine Folge: deshalb/folglich.;The transformer overheated. ___, the operator reduced its load.;Therefore — zeigt eine Folge: deshalb/folglich.;The transformer overheated. ___, the operator reduced its load.;Therefore — shows a result: therefore/consequently.;0;conj_therefore
122;4;G122-V4;English Grammar – Conjunctions & Complex Sentences;A major generator went offline. ___, reserve capacity was activated.;Therefore — zeigt eine Folge: deshalb/folglich.;A major generator went offline. ___, reserve capacity was activated.;Therefore — zeigt eine Folge: deshalb/folglich.;A major generator went offline. ___, reserve capacity was activated.;Therefore — shows a result: therefore/consequently.;0;conj_therefore
122;5;G122-V5;English Grammar – Conjunctions & Complex Sentences;The interconnector reached its limit. ___, additional exports were not possible.;Therefore — zeigt eine Folge: deshalb/folglich.;The interconnector reached its limit. ___, additional exports were not possible.;Therefore — zeigt eine Folge: deshalb/folglich.;The interconnector reached its limit. ___, additional exports were not possible.;Therefore — shows a result: therefore/consequently.;0;conj_therefore
123;1;G123-V1;English Grammar – Conjunctions & Complex Sentences;___ the battery is full, it cannot store any more energy.;Because — leitet den Grund ein.;___ the battery is full, it cannot store any more energy.;Because — leitet den Grund ein.;___ the battery is full, it cannot store any more energy.;Because — introduces the reason.;0;conj_because
123;2;G123-V2;English Grammar – Conjunctions & Complex Sentences;___ demand is higher in winter, more generation is often needed.;Because — nennt den Grund.;___ demand is higher in winter, more generation is often needed.;Because — nennt den Grund.;___ demand is higher in winter, more generation is often needed.;Because — gives the reason.;0;conj_because
123;3;G123-V3;English Grammar – Conjunctions & Complex Sentences;___ the battery was empty, it could not support the grid.;Because — nennt den Grund.;___ the battery was empty, it could not support the grid.;Because — nennt den Grund.;___ the battery was empty, it could not support the grid.;Because — gives the reason.;0;conj_because
123;4;G123-V4;English Grammar – Conjunctions & Complex Sentences;___ the wind increased, turbine output rose.;Because — nennt den Grund.;___ the wind increased, turbine output rose.;Because — nennt den Grund.;___ the wind increased, turbine output rose.;Because — gives the reason.;0;conj_because
123;5;G123-V5;English Grammar – Conjunctions & Complex Sentences;___ the cable was damaged, the line was taken out of service.;Because — nennt den Grund.;___ the cable was damaged, the line was taken out of service.;Because — nennt den Grund.;___ the cable was damaged, the line was taken out of service.;Because — gives the reason.;0;conj_because
124;1;G124-V1;English Grammar – Conjunctions & Complex Sentences;The operator called me ___ I was checking the measurements. (when / while);while — für eine Handlung, die während einer anderen laufenden Handlung stattfindet.;The operator called me ___ I was checking the measurements. (when / while);while — für eine Handlung, die während einer anderen laufenden Handlung stattfindet.;The operator called me ___ I was checking the measurements. (when / while);while — use it for an action happening during another ongoing action.;0;conj_while_when
124;2;G124-V2;English Grammar – Conjunctions & Complex Sentences;The alarm sounded ___ the voltage dropped below the limit. (when / while);when — für den Zeitpunkt bzw. das Ereignis, bei dem etwas geschah.;The alarm sounded ___ the voltage dropped below the limit. (when / while);when — für den Zeitpunkt bzw. das Ereignis, bei dem etwas geschah.;The alarm sounded ___ the voltage dropped below the limit. (when / while);when — use it for the point/event at which something happened.;0;conj_while_when
124;3;G124-V3;English Grammar – Conjunctions & Complex Sentences;___ the battery was charging, the operator reviewed the forecast. (When / While);While — betont zwei gleichzeitig andauernde Handlungen.;___ the battery was charging, the operator reviewed the forecast. (When / While);While — betont zwei gleichzeitig andauernde Handlungen.;___ the battery was charging, the operator reviewed the forecast. (When / While);While — emphasizes two actions continuing at the same time.;0;conj_while_when
124;4;G124-V4;English Grammar – Conjunctions & Complex Sentences;The engineer took notes ___ the system was running. (when / while);while — das Notieren fand während des laufenden Betriebs statt.;The engineer took notes ___ the system was running. (when / while);while — das Notieren fand während des laufenden Betriebs statt.;The engineer took notes ___ the system was running. (when / while);while — the note-taking happened during the ongoing system operation.;0;conj_while_when
124;5;G124-V5;English Grammar – Conjunctions & Complex Sentences;The turbine stopped ___ the storm reached the coast. (when / while);when — das Eintreffen des Sturms wird als Ereignis behandelt, das den Zeitpunkt markiert.;The turbine stopped ___ the storm reached the coast. (when / while);when — das Eintreffen des Sturms wird als Ereignis behandelt, das den Zeitpunkt markiert.;The turbine stopped ___ the storm reached the coast. (when / while);when — the arrival of the storm is treated as the event that marks the time.;0;conj_while_when
125;1;G125-V1;English Grammar – Conjunctions & Complex Sentences;The wind farm produces electricity ___ the weather is suitable.;as long as — solange die Bedingung erfüllt ist.;The wind farm produces electricity ___ the weather is suitable.;as long as — solange die Bedingung erfüllt ist.;The wind farm produces electricity ___ the weather is suitable.;as long as — provided that the condition is met.;0;conj_as_long_as
125;2;G125-V2;English Grammar – Conjunctions & Complex Sentences;The turbine can operate ___ wind speeds stay within the safe range.;as long as — „solange“, unter der Bedingung dass.;The turbine can operate ___ wind speeds stay within the safe range.;as long as — „solange“, unter der Bedingung dass.;The turbine can operate ___ wind speeds stay within the safe range.;as long as — provided that a condition remains true.;0;conj_as_long_as
125;3;G125-V3;English Grammar – Conjunctions & Complex Sentences;The battery can support the grid ___ it has enough charge.;as long as — „solange“, unter der Bedingung dass.;The battery can support the grid ___ it has enough charge.;as long as — „solange“, unter der Bedingung dass.;The battery can support the grid ___ it has enough charge.;as long as — provided that a condition remains true.;0;conj_as_long_as
125;4;G125-V4;English Grammar – Conjunctions & Complex Sentences;Solar power can cover demand ___ the sun is shining strongly enough.;as long as — „solange“, unter der Bedingung dass.;Solar power can cover demand ___ the sun is shining strongly enough.;as long as — „solange“, unter der Bedingung dass.;Solar power can cover demand ___ the sun is shining strongly enough.;as long as — provided that a condition remains true.;0;conj_as_long_as
125;5;G125-V5;English Grammar – Conjunctions & Complex Sentences;The system will remain stable ___ supply and demand stay balanced.;as long as — „solange“, unter der Bedingung dass.;The system will remain stable ___ supply and demand stay balanced.;as long as — „solange“, unter der Bedingung dass.;The system will remain stable ___ supply and demand stay balanced.;as long as — provided that a condition remains true.;0;conj_as_long_as
126;1;G126-V1;English Grammar – Conjunctions & Complex Sentences;The grid remained stable ___ a large power plant failed.;even though — trotz eines überraschenden Gegensatzes.;The grid remained stable ___ a large power plant failed.;even though — trotz eines überraschenden Gegensatzes.;The grid remained stable ___ a large power plant failed.;even though — despite the surprising contrast.;0;conj_even_though
126;2;G126-V2;English Grammar – Conjunctions & Complex Sentences;The turbines continued operating ___ wind speeds were unusually low. (even though / because);"Even though — starker Gegensatz; danach folgt ein vollständiger Satz.";The turbines continued operating ___ wind speeds were unusually low. (even though / because);"Even though — starker Gegensatz; danach folgt ein vollständiger Satz.";The turbines continued operating ___ wind speeds were unusually low. (even though / because);"Even though — strong contrast; followed by a full clause.";0;conj_even_though
126;3;G126-V3;English Grammar – Conjunctions & Complex Sentences;The cable remains in service ___ it is more than twenty years old. (even though / because);"Even though — starker Gegensatz; danach folgt ein vollständiger Satz.";The cable remains in service ___ it is more than twenty years old. (even though / because);"Even though — starker Gegensatz; danach folgt ein vollständiger Satz.";The cable remains in service ___ it is more than twenty years old. (even though / because);"Even though — strong contrast; followed by a full clause.";0;conj_even_though
126;4;G126-V4;English Grammar – Conjunctions & Complex Sentences;___ a transmission line tripped, the grid remained stable. (Even though / Therefore);Even though — leitet einen überraschenden Gegensatz ein und wird von einem vollständigen Satz gefolgt.;___ a transmission line tripped, the grid remained stable. (Even though / Therefore);Even though — leitet einen überraschenden Gegensatz ein und wird von einem vollständigen Satz gefolgt.;___ a transmission line tripped, the grid remained stable. (Even though / Therefore);Even though — introduces a surprising contrast and is followed by a full clause.;0;conj_even_though
126;5;G126-V5;English Grammar – Conjunctions & Complex Sentences;___ the battery was nearly empty, it supplied power for a few minutes. (Even though / Therefore);Even though — leitet einen überraschenden Gegensatz ein und wird von einem vollständigen Satz gefolgt.;___ the battery was nearly empty, it supplied power for a few minutes. (Even though / Therefore);Even though — leitet einen überraschenden Gegensatz ein und wird von einem vollständigen Satz gefolgt.;___ the battery was nearly empty, it supplied power for a few minutes. (Even though / Therefore);Even though — introduces a surprising contrast and is followed by a full clause.;0;conj_even_though
127;1;G127-V1;English Grammar – Conjunctions & Complex Sentences;„although“ vs. „despite“: Was folgt danach?;"although + vollständiger Satz; despite + Nomen oder -ing.";„although“ vs. „despite“: Was folgt danach?;"although + vollständiger Satz; despite + Nomen oder -ing.";“although” vs. “despite”: What follows?;"although + full clause; despite + noun or -ing form.";0;rule_although_despite
127;2;G127-V2;English Grammar – Conjunctions & Complex Sentences;Was folgt auf „although“ und was auf „despite“?;"although + vollständiger Satz; despite + Nomen/Nominalgruppe oder -ing.";Was folgt auf „although“ und was auf „despite“?;"although + vollständiger Satz; despite + Nomen/Nominalgruppe oder -ing.";What follows “although” and what follows “despite”?;"although + full clause; despite + noun/noun phrase or -ing form.";0;rule_although_despite
127;3;G127-V3;English Grammar – Conjunctions & Complex Sentences;Welche Struktur ist korrekt: „although + clause“ oder „although + noun“?;"although + vollständiger Satz; despite + Nomen/Nominalgruppe oder -ing.";Welche Struktur ist korrekt: „although + clause“ oder „although + noun“?;"although + vollständiger Satz; despite + Nomen/Nominalgruppe oder -ing.";Which structure is correct: “although + clause” or “although + noun”?;"although + full clause; despite + noun/noun phrase or -ing form.";0;rule_although_despite
127;4;G127-V4;English Grammar – Conjunctions & Complex Sentences;Welche Struktur ist korrekt: „despite + noun/-ing“ oder „despite + full clause“?;"although + vollständiger Satz; despite + Nomen/Nominalgruppe oder -ing.";Welche Struktur ist korrekt: „despite + noun/-ing“ oder „despite + full clause“?;"although + vollständiger Satz; despite + Nomen/Nominalgruppe oder -ing.";Which structure is correct: “despite + noun/-ing” or “despite + full clause”?;"although + full clause; despite + noun/noun phrase or -ing form.";0;rule_although_despite
127;5;G127-V5;English Grammar – Conjunctions & Complex Sentences;Warum ist „despite the high cost“ korrekt, aber „despite the project is expensive“ nicht?;"although + vollständiger Satz; despite + Nomen/Nominalgruppe oder -ing.";Warum ist „despite the high cost“ korrekt, aber „despite the project is expensive“ nicht?;"although + vollständiger Satz; despite + Nomen/Nominalgruppe oder -ing.";Why is “despite the high cost” correct but “despite the project is expensive” not?;"although + full clause; despite + noun/noun phrase or -ing form.";0;rule_although_despite
128;1;G128-V1;English Grammar – Wish, Would Rather & It's Time;I wish electricity ___ cheaper. (be);"were — in sorgfältigem/standardsprachlichem hypothetischem Englisch nach „wish“ bevorzugt; bei einem Subjekt im Singular ist informell auch „was“ häufig.";I wish electricity ___ cheaper. (be);"were — in sorgfältigem/standardsprachlichem hypothetischem Englisch nach „wish“ bevorzugt; bei einem Subjekt im Singular ist informell auch „was“ häufig.";I wish electricity ___ cheaper. (be);"were — preferred in careful/standard hypothetical English after “wish”; with a singular subject, “was” is also common informally.";0;wish_were
128;2;G128-V2;English Grammar – Wish, Would Rather & It's Time;I wish battery storage ___ cheaper. (be);"were — in sorgfältigem/standardsprachlichem hypothetischem Englisch nach „wish“ bevorzugt; bei einem Subjekt im Singular ist informell auch „was“ häufig.";I wish battery storage ___ cheaper. (be);"were — in sorgfältigem/standardsprachlichem hypothetischem Englisch nach „wish“ bevorzugt; bei einem Subjekt im Singular ist informell auch „was“ häufig.";I wish battery storage ___ cheaper. (be);"were — preferred in careful/standard hypothetical English after “wish”; with a singular subject, “was” is also common informally.";0;wish_were
128;3;G128-V3;English Grammar – Wish, Would Rather & It's Time;I wish offshore wind ___ easier to permit. (be);"were — in sorgfältigem/standardsprachlichem hypothetischem Englisch nach „wish“ bevorzugt; bei einem Subjekt im Singular ist informell auch „was“ häufig.";I wish offshore wind ___ easier to permit. (be);"were — in sorgfältigem/standardsprachlichem hypothetischem Englisch nach „wish“ bevorzugt; bei einem Subjekt im Singular ist informell auch „was“ häufig.";I wish offshore wind ___ easier to permit. (be);"were — preferred in careful/standard hypothetical English after “wish”; with a singular subject, “was” is also common informally.";0;wish_were
128;4;G128-V4;English Grammar – Wish, Would Rather & It's Time;I wish electricity prices ___ more stable. (be);"were — in sorgfältigem/standardsprachlichem hypothetischem Englisch nach „wish“ bevorzugt; bei einem Subjekt im Singular ist informell auch „was“ häufig.";I wish electricity prices ___ more stable. (be);"were — in sorgfältigem/standardsprachlichem hypothetischem Englisch nach „wish“ bevorzugt; bei einem Subjekt im Singular ist informell auch „was“ häufig.";I wish electricity prices ___ more stable. (be);"were — preferred in careful/standard hypothetical English after “wish”; with a singular subject, “was” is also common informally.";0;wish_were
128;5;G128-V5;English Grammar – Wish, Would Rather & It's Time;I wish the grid ___ more flexible. (be);"were — in sorgfältigem/standardsprachlichem hypothetischem Englisch nach „wish“ bevorzugt; bei einem Subjekt im Singular ist informell auch „was“ häufig.";I wish the grid ___ more flexible. (be);"were — in sorgfältigem/standardsprachlichem hypothetischem Englisch nach „wish“ bevorzugt; bei einem Subjekt im Singular ist informell auch „was“ häufig.";I wish the grid ___ more flexible. (be);"were — preferred in careful/standard hypothetical English after “wish”; with a singular subject, “was” is also common informally.";0;wish_were
129;1;G129-V1;English Grammar – Wish, Would Rather & It's Time;I wish we ___ more battery storage. (have);had — Wunsch über die Gegenwart.;I wish we ___ more battery storage. (have);had — Wunsch über die Gegenwart.;I wish we ___ more battery storage. (have);had — wish about the present.;0;wish_had
129;2;G129-V2;English Grammar – Wish, Would Rather & It's Time;I wish we ___ more transmission capacity. (have);had — Wunsch über eine gegenwärtige Situation.;I wish we ___ more transmission capacity. (have);had — Wunsch über eine gegenwärtige Situation.;I wish we ___ more transmission capacity. (have);had — wish about a present situation.;0;wish_had
129;3;G129-V3;English Grammar – Wish, Would Rather & It's Time;I wish the region ___ more battery storage. (have);had — Wunsch über eine gegenwärtige Situation.;I wish the region ___ more battery storage. (have);had — Wunsch über eine gegenwärtige Situation.;I wish the region ___ more battery storage. (have);had — wish about a present situation.;0;wish_had
129;4;G129-V4;English Grammar – Wish, Would Rather & It's Time;I wish the project ___ a larger budget. (have);had — Wunsch über eine gegenwärtige Situation.;I wish the project ___ a larger budget. (have);had — Wunsch über eine gegenwärtige Situation.;I wish the project ___ a larger budget. (have);had — wish about a present situation.;0;wish_had
129;5;G129-V5;English Grammar – Wish, Would Rather & It's Time;I wish the control room ___ better software. (have);had — Wunsch über eine gegenwärtige Situation.;I wish the control room ___ better software. (have);had — Wunsch über eine gegenwärtige Situation.;I wish the control room ___ better software. (have);had — wish about a present situation.;0;wish_had
130;1;G130-V1;English Grammar – Wish, Would Rather & It's Time;I wish the company ___ the grid earlier. (expand);had expanded — Wunsch/Bedauern über die Vergangenheit.;I wish the company ___ the grid earlier. (expand);had expanded — Wunsch/Bedauern über die Vergangenheit.;I wish the company ___ the grid earlier. (expand);had expanded — regret about the past.;0;wish_pastperfect
130;2;G130-V2;English Grammar – Wish, Would Rather & It's Time;I wish we ___ the cable earlier. (replace);had replaced — I wish we had replaced the cable earlier.;I wish we ___ the cable earlier. (replace);had replaced — I wish we had replaced the cable earlier.;I wish we ___ the cable earlier. (replace);had replaced — I wish we had replaced the cable earlier.;0;wish_pastperfect
130;3;G130-V3;English Grammar – Wish, Would Rather & It's Time;I wish the operator ___ the warning sooner. (notice);had noticed — I wish the operator had noticed the warning sooner.;I wish the operator ___ the warning sooner. (notice);had noticed — I wish the operator had noticed the warning sooner.;I wish the operator ___ the warning sooner. (notice);had noticed — I wish the operator had noticed the warning sooner.;0;wish_pastperfect
130;4;G130-V4;English Grammar – Wish, Would Rather & It's Time;I wish the company ___ more storage last year. (build);had built — I wish the company had built more storage last year.;I wish the company ___ more storage last year. (build);had built — I wish the company had built more storage last year.;I wish the company ___ more storage last year. (build);had built — I wish the company had built more storage last year.;0;wish_pastperfect
130;5;G130-V5;English Grammar – Wish, Would Rather & It's Time;I wish the forecast ___ the storm correctly. (predict);had predicted — I wish the forecast had predicted the storm correctly.;I wish the forecast ___ the storm correctly. (predict);had predicted — I wish the forecast had predicted the storm correctly.;I wish the forecast ___ the storm correctly. (predict);had predicted — I wish the forecast had predicted the storm correctly.;0;wish_pastperfect
131;1;G131-V1;English Grammar – Wish, Would Rather & It's Time;I wish the wind ___ blowing so strongly. (stop);would stop — Wunsch nach einer Veränderung.;I wish the wind ___ blowing so strongly. (stop);would stop — Wunsch nach einer Veränderung.;I wish the wind ___ blowing so strongly. (stop);would stop — wish for a change.;0;wish_would
131;2;G131-V2;English Grammar – Wish, Would Rather & It's Time;I wish the wind ___ down. (die);would die — I wish the wind would die down.;I wish the wind ___ down. (die);would die — I wish the wind would die down.;I wish the wind ___ down. (die);would die — I wish the wind would die down.;0;wish_would
131;3;G131-V3;English Grammar – Wish, Would Rather & It's Time;I wish electricity prices ___ falling so sharply. (stop);would stop — I wish electricity prices would stop falling so sharply.;I wish electricity prices ___ falling so sharply. (stop);would stop — I wish electricity prices would stop falling so sharply.;I wish electricity prices ___ falling so sharply. (stop);would stop — I wish electricity prices would stop falling so sharply.;0;wish_would
131;4;G131-V4;English Grammar – Wish, Would Rather & It's Time;I wish the turbine ___ making that noise. (stop);would stop — I wish the turbine would stop making that noise.;I wish the turbine ___ making that noise. (stop);would stop — I wish the turbine would stop making that noise.;I wish the turbine ___ making that noise. (stop);would stop — I wish the turbine would stop making that noise.;0;wish_would
131;5;G131-V5;English Grammar – Wish, Would Rather & It's Time;I wish the approval process ___ faster. (move);would move — I wish the approval process would move faster.;I wish the approval process ___ faster. (move);would move — I wish the approval process would move faster.;I wish the approval process ___ faster. (move);would move — I wish the approval process would move faster.;0;wish_would
132;1;G132-V1;English Grammar – Wish, Would Rather & It's Time;Welche Form folgt bei einem unrealistischen Wunsch in der Gegenwart auf „I wish“?;Past Simple: „I wish we had more storage.“;Welche Form folgt bei einem unrealistischen Wunsch in der Gegenwart auf „I wish“?;Past Simple: „I wish we had more storage.“;Which form follows “I wish” for an unreal present situation?;Past Simple: “I wish we had more storage.”;0;rule_wish_present
132;2;G132-V2;English Grammar – Wish, Would Rather & It's Time;Welche Zeitform folgt nach „I wish“ bei einem unrealistischen Wunsch über die Gegenwart?;Bei unrealistischen Wünschen über die Gegenwart: wish + Past Simple.;Welche Zeitform folgt nach „I wish“ bei einem unrealistischen Wunsch über die Gegenwart?;Bei unrealistischen Wünschen über die Gegenwart: wish + Past Simple.;Which tense follows “I wish” for an unreal wish about the present?;For unreal wishes about the present: wish + Past Simple.;0;rule_wish_present
132;3;G132-V3;English Grammar – Wish, Would Rather & It's Time;Wie bildet man einen gegenwärtigen Wunsch: „I wish + ...“?;Bei unrealistischen Wünschen über die Gegenwart: wish + Past Simple.;Wie bildet man einen gegenwärtigen Wunsch: „I wish + ...“?;Bei unrealistischen Wünschen über die Gegenwart: wish + Past Simple.;How do you form a present unreal wish: “I wish + ...”?;For unreal wishes about the present: wish + Past Simple.;0;rule_wish_present
132;4;G132-V4;English Grammar – Wish, Would Rather & It's Time;Warum steht in „I wish we had more storage“ Past Simple?;Bei unrealistischen Wünschen über die Gegenwart: wish + Past Simple.;Warum steht in „I wish we had more storage“ Past Simple?;Bei unrealistischen Wünschen über die Gegenwart: wish + Past Simple.;Why is Past Simple used in “I wish we had more storage”?;For unreal wishes about the present: wish + Past Simple.;0;rule_wish_present
132;5;G132-V5;English Grammar – Wish, Would Rather & It's Time;Which is the standard hypothetical form: “I wish electricity is cheaper” or “I wish electricity were cheaper”?;"„I wish electricity were cheaper.“ Für einen irrealen Wunsch in der Gegenwart nutzt man eine Vergangenheitsform; „were“ ist die standardsprachliche hypothetische Form.";Which is the standard hypothetical form: “I wish electricity is cheaper” or “I wish electricity were cheaper”?;"„I wish electricity were cheaper.“ Für einen irrealen Wunsch in der Gegenwart nutzt man eine Vergangenheitsform; „were“ ist die standardsprachliche hypothetische Form.";Which is the standard hypothetical form: “I wish electricity is cheaper” or “I wish electricity were cheaper”?;"“I wish electricity were cheaper.” For an unreal present wish, use a past form; “were” is the standard hypothetical form.";0;rule_wish_present
133;1;G133-V1;English Grammar – Wish, Would Rather & It's Time;Welche Form nutzt man für Bedauern über die Vergangenheit nach „I wish“?;Past Perfect: „I wish we had built the line earlier.“;Welche Form nutzt man für Bedauern über die Vergangenheit nach „I wish“?;Past Perfect: „I wish we had built the line earlier.“;Which form expresses past regret after “I wish”?;Past Perfect: “I wish we had built the line earlier.”;0;rule_wish_past
133;2;G133-V2;English Grammar – Wish, Would Rather & It's Time;Welche Zeitform folgt nach „I wish“ bei Bedauern über die Vergangenheit?;Bei Bedauern über die Vergangenheit: wish + Past Perfect.;Welche Zeitform folgt nach „I wish“ bei Bedauern über die Vergangenheit?;Bei Bedauern über die Vergangenheit: wish + Past Perfect.;Which tense follows “I wish” for regret about the past?;For regret about the past: wish + Past Perfect.;0;rule_wish_past
133;3;G133-V3;English Grammar – Wish, Would Rather & It's Time;Wie bildet man „Ich wünschte, wir hätten die Leitung früher gebaut“ mit „I wish“?;Bei Bedauern über die Vergangenheit: wish + Past Perfect.;Wie bildet man „Ich wünschte, wir hätten die Leitung früher gebaut“ mit „I wish“?;Bei Bedauern über die Vergangenheit: wish + Past Perfect.;How do you form “I wish we had built the line earlier”?;For regret about the past: wish + Past Perfect.;0;rule_wish_past
133;4;G133-V4;English Grammar – Wish, Would Rather & It's Time;Warum steht in „I wish we had acted earlier“ Past Perfect?;Bei Bedauern über die Vergangenheit: wish + Past Perfect.;Warum steht in „I wish we had acted earlier“ Past Perfect?;Bei Bedauern über die Vergangenheit: wish + Past Perfect.;Why is Past Perfect used in “I wish we had acted earlier”?;For regret about the past: wish + Past Perfect.;0;rule_wish_past
133;5;G133-V5;English Grammar – Wish, Would Rather & It's Time;Welche Struktur zeigt einen unerfüllten Wunsch über die Vergangenheit: Past Simple oder Past Perfect?;Bei Bedauern über die Vergangenheit: wish + Past Perfect.;Welche Struktur zeigt einen unerfüllten Wunsch über die Vergangenheit: Past Simple oder Past Perfect?;Bei Bedauern über die Vergangenheit: wish + Past Perfect.;Which structure shows an unreal wish about the past: Past Simple or Past Perfect?;For regret about the past: wish + Past Perfect.;0;rule_wish_past
134;1;G134-V1;English Grammar – Wish, Would Rather & It's Time;I'd rather ___ solar power than coal. (use);use — would rather + Infinitiv ohne „to“.;I'd rather ___ solar power than coal. (use);use — would rather + Infinitiv ohne „to“.;I'd rather ___ solar power than coal. (use);use — would rather + infinitive without “to”.;0;would_rather_inf
134;2;G134-V2;English Grammar – Wish, Would Rather & It's Time;I'd rather ___ wind power than coal. (use);use — I'd rather use wind power than coal.;I'd rather ___ wind power than coal. (use);use — I'd rather use wind power than coal.;I'd rather ___ wind power than coal. (use);use — I'd rather use wind power than coal.;0;would_rather_inf
134;3;G134-V3;English Grammar – Wish, Would Rather & It's Time;I'd rather ___ the battery during low-price hours. (charge);charge — I'd rather charge the battery during low-price hours.;I'd rather ___ the battery during low-price hours. (charge);charge — I'd rather charge the battery during low-price hours.;I'd rather ___ the battery during low-price hours. (charge);charge — I'd rather charge the battery during low-price hours.;0;would_rather_inf
134;4;G134-V4;English Grammar – Wish, Would Rather & It's Time;I'd rather ___ the grid than curtail renewable energy. (expand);expand — I'd rather expand the grid than curtail renewable energy.;I'd rather ___ the grid than curtail renewable energy. (expand);expand — I'd rather expand the grid than curtail renewable energy.;I'd rather ___ the grid than curtail renewable energy. (expand);expand — I'd rather expand the grid than curtail renewable energy.;0;would_rather_inf
134;5;G134-V5;English Grammar – Wish, Would Rather & It's Time;I'd rather ___ the data before making a decision. (check);check — I'd rather check the data before making a decision.;I'd rather ___ the data before making a decision. (check);check — I'd rather check the data before making a decision.;I'd rather ___ the data before making a decision. (check);check — I'd rather check the data before making a decision.;0;would_rather_inf
135;1;G135-V1;English Grammar – Wish, Would Rather & It's Time;I'd rather ___ the data myself. (analyse);analyse — nach „would rather“ kein „to“.;I'd rather ___ the data myself. (analyse);analyse — nach „would rather“ kein „to“.;I'd rather ___ the data myself. (analyse);analyse — no “to” after “would rather”.;0;would_rather_inf
135;2;G135-V2;English Grammar – Wish, Would Rather & It's Time;I'd rather ___ the substation than build a temporary workaround. (upgrade);upgrade — nach „would rather“ steht die Grundform ohne „to“.;I'd rather ___ the substation than build a temporary workaround. (upgrade);upgrade — nach „would rather“ steht die Grundform ohne „to“.;I'd rather ___ the substation than build a temporary workaround. (upgrade);upgrade — “would rather” is followed by the base form without “to”.;0;would_rather_inf
135;3;G135-V3;English Grammar – Wish, Would Rather & It's Time;I'd rather ___ the measurements before changing the model. (verify);verify — nach „would rather“ steht die Grundform ohne „to“.;I'd rather ___ the measurements before changing the model. (verify);verify — nach „would rather“ steht die Grundform ohne „to“.;I'd rather ___ the measurements before changing the model. (verify);verify — “would rather” is followed by the base form without “to”.;0;would_rather_inf
135;4;G135-V4;English Grammar – Wish, Would Rather & It's Time;I'd rather ___ offshore wind in suitable areas. (build);build — I'd rather build offshore wind in suitable areas.;I'd rather ___ offshore wind in suitable areas. (build);build — I'd rather build offshore wind in suitable areas.;I'd rather ___ offshore wind in suitable areas. (build);build — I'd rather build offshore wind in suitable areas.;0;would_rather_inf
135;5;G135-V5;English Grammar – Wish, Would Rather & It's Time;I'd rather ___ electricity locally when possible. (use);use — I'd rather use electricity locally when possible.;I'd rather ___ electricity locally when possible. (use);use — I'd rather use electricity locally when possible.;I'd rather ___ electricity locally when possible. (use);use — I'd rather use electricity locally when possible.;0;would_rather_inf
136;1;G136-V1;English Grammar – Wish, Would Rather & It's Time;I'd rather you ___ the forecast again. (check);checked — would rather + Person + Past Simple.;I'd rather you ___ the forecast again. (check);checked — would rather + Person + Past Simple.;I'd rather you ___ the forecast again. (check);checked — would rather + person + Past Simple.;0;would_rather_person_past
136;2;G136-V2;English Grammar – Wish, Would Rather & It's Time;I'd rather you ___ the measurements again. (check);checked — I'd rather you checked the measurements again.;I'd rather you ___ the measurements again. (check);checked — I'd rather you checked the measurements again.;I'd rather you ___ the measurements again. (check);checked — I'd rather you checked the measurements again.;0;would_rather_person_past
136;3;G136-V3;English Grammar – Wish, Would Rather & It's Time;I'd rather the operator ___ the forecast first. (review);reviewed — I'd rather the operator reviewed the forecast first.;I'd rather the operator ___ the forecast first. (review);reviewed — I'd rather the operator reviewed the forecast first.;I'd rather the operator ___ the forecast first. (review);reviewed — I'd rather the operator reviewed the forecast first.;0;would_rather_person_past
136;4;G136-V4;English Grammar – Wish, Would Rather & It's Time;I'd rather the company ___ the cable route. (change);changed — I'd rather the company changed the cable route.;I'd rather the company ___ the cable route. (change);changed — I'd rather the company changed the cable route.;I'd rather the company ___ the cable route. (change);changed — I'd rather the company changed the cable route.;0;would_rather_person_past
136;5;G136-V5;English Grammar – Wish, Would Rather & It's Time;I'd rather we ___ the battery before the evening peak. (charge);charged — I'd rather we charged the battery before the evening peak.;I'd rather we ___ the battery before the evening peak. (charge);charged — I'd rather we charged the battery before the evening peak.;I'd rather we ___ the battery before the evening peak. (charge);charged — I'd rather we charged the battery before the evening peak.;0;would_rather_person_past
137;1;G137-V1;English Grammar – Wish, Would Rather & It's Time;It's time we ___ the electricity grid. (expand);expanded — It's time + Subjekt + Past Simple.;It's time we ___ the electricity grid. (expand);expanded — It's time + Subjekt + Past Simple.;It's time we ___ the electricity grid. (expand);expanded — It’s time + subject + Past Simple.;0;itstime_past
137;2;G137-V2;English Grammar – Wish, Would Rather & It's Time;It's time we ___ more storage. (build);built — It's time we built more storage.;It's time we ___ more storage. (build);built — It's time we built more storage.;It's time we ___ more storage. (build);built — It's time we built more storage.;0;itstime_past
137;3;G137-V3;English Grammar – Wish, Would Rather & It's Time;It's time the operator ___ the old transformer. (replace);replaced — It's time the operator replaced the old transformer.;It's time the operator ___ the old transformer. (replace);replaced — It's time the operator replaced the old transformer.;It's time the operator ___ the old transformer. (replace);replaced — It's time the operator replaced the old transformer.;0;itstime_past
137;4;G137-V4;English Grammar – Wish, Would Rather & It's Time;It's time we ___ the grid connection. (upgrade);upgraded — It's time we upgraded the grid connection.;It's time we ___ the grid connection. (upgrade);upgraded — It's time we upgraded the grid connection.;It's time we ___ the grid connection. (upgrade);upgraded — It's time we upgraded the grid connection.;0;itstime_past
137;5;G137-V5;English Grammar – Wish, Would Rather & It's Time;It's time the project ___ to the next phase. (move);moved — It's time the project moved to the next phase.;It's time the project ___ to the next phase. (move);moved — It's time the project moved to the next phase.;It's time the project ___ to the next phase. (move);moved — It's time the project moved to the next phase.;0;itstime_past
138;1;G138-V1;English Grammar – Wish, Would Rather & It's Time;It's time ___ the old transformer. (replace);to replace — It's time + to-infinitive ist ebenfalls möglich.;It's time ___ the old transformer. (replace);to replace — It's time + to-infinitive ist ebenfalls möglich.;It's time ___ the old transformer. (replace);to replace — “It’s time + to-infinitive” is also possible.;0;itstime_to
138;2;G138-V2;English Grammar – Wish, Would Rather & It's Time;It's time ___ the battery system. (upgrade);to upgrade — It's time to upgrade the battery system.;It's time ___ the battery system. (upgrade);to upgrade — It's time to upgrade the battery system.;It's time ___ the battery system. (upgrade);to upgrade — It's time to upgrade the battery system.;0;itstime_to
138;3;G138-V3;English Grammar – Wish, Would Rather & It's Time;It's time ___ the old cable. (replace);to replace — It's time to replace the old cable.;It's time ___ the old cable. (replace);to replace — It's time to replace the old cable.;It's time ___ the old cable. (replace);to replace — It's time to replace the old cable.;0;itstime_to
138;4;G138-V4;English Grammar – Wish, Would Rather & It's Time;It's time ___ the final grid study. (start);to start — It's time to start the final grid study.;It's time ___ the final grid study. (start);to start — It's time to start the final grid study.;It's time ___ the final grid study. (start);to start — It's time to start the final grid study.;0;itstime_to
138;5;G138-V5;English Grammar – Wish, Would Rather & It's Time;It's time ___ the results. (publish);to publish — It's time to publish the results.;It's time ___ the results. (publish);to publish — It's time to publish the results.;It's time ___ the results. (publish);to publish — It's time to publish the results.;0;itstime_to
139;1;G139-V1;English Grammar – Wish, Would Rather & It's Time;I'd rather the battery ___ charged before the evening peak. (be);"was / were — nach „would rather + anderes Subjekt“ steht eine Vergangenheitsform; „were“ ist formeller/hypothetischer, „was“ bei Singular im Alltag häufig.";I'd rather the battery ___ charged before the evening peak. (be);"was / were — nach „would rather + anderes Subjekt“ steht eine Vergangenheitsform; „were“ ist formeller/hypothetischer, „was“ bei Singular im Alltag häufig.";I'd rather the battery ___ charged before the evening peak. (be);"was / were — after “would rather + different subject”, use a past form; “were” is more formal/hypothetical, while “was” is common with singular subjects.";0;would_rather_be_past
139;2;G139-V2;English Grammar – Wish, Would Rather & It's Time;I'd rather the line ___ ready before winter. (be);"was / were — nach „would rather + anderes Subjekt“ steht eine Vergangenheitsform; „were“ ist formeller/hypothetischer, „was“ bei Singular im Alltag häufig.";I'd rather the line ___ ready before winter. (be);"was / were — nach „would rather + anderes Subjekt“ steht eine Vergangenheitsform; „were“ ist formeller/hypothetischer, „was“ bei Singular im Alltag häufig.";I'd rather the line ___ ready before winter. (be);"was / were — after “would rather + different subject”, use a past form; “were” is more formal/hypothetical, while “was” is common with singular subjects.";0;would_rather_be_past
139;3;G139-V3;English Grammar – Wish, Would Rather & It's Time;I'd rather the battery ___ fully charged before 6 p.m. (be);"was / were — nach „would rather + anderes Subjekt“ steht eine Vergangenheitsform; „were“ ist formeller/hypothetischer, „was“ bei Singular im Alltag häufig.";I'd rather the battery ___ fully charged before 6 p.m. (be);"was / were — nach „would rather + anderes Subjekt“ steht eine Vergangenheitsform; „were“ ist formeller/hypothetischer, „was“ bei Singular im Alltag häufig.";I'd rather the battery ___ fully charged before 6 p.m. (be);"was / were — after “would rather + different subject”, use a past form; “were” is more formal/hypothetical, while “was” is common with singular subjects.";0;would_rather_be_past
139;4;G139-V4;English Grammar – Wish, Would Rather & It's Time;I'd rather the project ___ completed before next winter. (be);"was / were — nach „would rather + anderes Subjekt“ steht eine Vergangenheitsform; „were“ ist formeller/hypothetischer, „was“ bei Singular im Alltag häufig.";I'd rather the project ___ completed before next winter. (be);"was / were — nach „would rather + anderes Subjekt“ steht eine Vergangenheitsform; „were“ ist formeller/hypothetischer, „was“ bei Singular im Alltag häufig.";I'd rather the project ___ completed before next winter. (be);"was / were — after “would rather + different subject”, use a past form; “were” is more formal/hypothetical, while “was” is common with singular subjects.";0;would_rather_be_past
139;5;G139-V5;English Grammar – Wish, Would Rather & It's Time;I'd rather the forecast ___ available earlier. (be);"was / were — nach „would rather + anderes Subjekt“ steht eine Vergangenheitsform; „were“ ist formeller/hypothetischer, „was“ bei Singular im Alltag häufig.";I'd rather the forecast ___ available earlier. (be);"was / were — nach „would rather + anderes Subjekt“ steht eine Vergangenheitsform; „were“ ist formeller/hypothetischer, „was“ bei Singular im Alltag häufig.";I'd rather the forecast ___ available earlier. (be);"was / were — after “would rather + different subject”, use a past form; “were” is more formal/hypothetical, while “was” is common with singular subjects.";0;would_rather_be_past
140;1;G140-V1;English Grammar – Inversion & Advanced Structures;Not only ___ wind power reduce emissions, but it also reduces fuel imports.;"does — „Not only“ am Satzanfang löst Subjekt-Hilfsverb-Inversion aus; bei diesem Singularsubjekt steht „does“.";Not only ___ wind power reduce emissions, but it also reduces fuel imports.;"does — „Not only“ am Satzanfang löst Subjekt-Hilfsverb-Inversion aus; bei diesem Singularsubjekt steht „does“.";Not only ___ wind power reduce emissions, but it also reduces fuel imports.;does — sentence-initial “Not only” triggers subject–auxiliary inversion with the singular subject.;0;inv_notonly_does
140;2;G140-V2;English Grammar – Inversion & Advanced Structures;Not only ___ solar power reduce emissions, but it can also lower fuel imports.;"does — „Not only“ am Satzanfang löst Subjekt-Hilfsverb-Inversion aus; bei diesem Singularsubjekt steht „does“.";Not only ___ solar power reduce emissions, but it can also lower fuel imports.;"does — „Not only“ am Satzanfang löst Subjekt-Hilfsverb-Inversion aus; bei diesem Singularsubjekt steht „does“.";Not only ___ solar power reduce emissions, but it can also lower fuel imports.;does — sentence-initial “Not only” triggers subject–auxiliary inversion with the singular subject.;0;inv_notonly_does
140;3;G140-V3;English Grammar – Inversion & Advanced Structures;Not only ___ storage improve flexibility, but it can also support frequency control.;"does — „Not only“ am Satzanfang löst Subjekt-Hilfsverb-Inversion aus; bei diesem Singularsubjekt steht „does“.";Not only ___ storage improve flexibility, but it can also support frequency control.;"does — „Not only“ am Satzanfang löst Subjekt-Hilfsverb-Inversion aus; bei diesem Singularsubjekt steht „does“.";Not only ___ storage improve flexibility, but it can also support frequency control.;does — sentence-initial “Not only” triggers subject–auxiliary inversion with the singular subject.;0;inv_notonly_does
140;4;G140-V4;English Grammar – Inversion & Advanced Structures;Not only ___ the new line reduce congestion, but it also improves security.;"does — „Not only“ am Satzanfang löst Subjekt-Hilfsverb-Inversion aus; bei diesem Singularsubjekt steht „does“.";Not only ___ the new line reduce congestion, but it also improves security.;"does — „Not only“ am Satzanfang löst Subjekt-Hilfsverb-Inversion aus; bei diesem Singularsubjekt steht „does“.";Not only ___ the new line reduce congestion, but it also improves security.;does — sentence-initial “Not only” triggers subject–auxiliary inversion with the singular subject.;0;inv_notonly_does
140;5;G140-V5;English Grammar – Inversion & Advanced Structures;Not only ___ better forecasts reduce errors, but they also lower balancing needs.;"do — „Not only“ am Satzanfang löst Inversion aus; zum Pluralsubjekt „better forecasts“ gehört „do“.";Not only ___ better forecasts reduce errors, but they also lower balancing needs.;"do — „Not only“ am Satzanfang löst Inversion aus; zum Pluralsubjekt „better forecasts“ gehört „do“.";Not only ___ better forecasts reduce errors, but they also lower balancing needs.;"do — sentence-initial “Not only” triggers inversion; the plural subject “better forecasts” takes “do”.";0;inv_notonly_does
141;1;G141-V1;English Grammar – Inversion & Advanced Structures;Not only ___ the battery efficient, but it is also fast.;is — Hilfsverb/„be“ steht vor dem Subjekt.;Not only ___ the battery efficient, but it is also fast.;is — Hilfsverb/„be“ steht vor dem Subjekt.;Not only ___ the battery efficient, but it is also fast.;is — the auxiliary or “be” comes before the subject.;0;inv_notonly_is
141;2;G141-V2;English Grammar – Inversion & Advanced Structures;Not only ___ the new inverter efficient, but it is also compact.;is — bei „be“ steht das Verb vor dem Subjekt.;Not only ___ the new inverter efficient, but it is also compact.;is — bei „be“ steht das Verb vor dem Subjekt.;Not only ___ the new inverter efficient, but it is also compact.;is — with “be”, the verb comes before the subject.;0;inv_notonly_is
141;3;G141-V3;English Grammar – Inversion & Advanced Structures;Not only ___ offshore wind powerful, but it is also relatively steady.;is — bei „be“ steht das Verb vor dem Subjekt.;Not only ___ offshore wind powerful, but it is also relatively steady.;is — bei „be“ steht das Verb vor dem Subjekt.;Not only ___ offshore wind powerful, but it is also relatively steady.;is — with “be”, the verb comes before the subject.;0;inv_notonly_is
141;4;G141-V4;English Grammar – Inversion & Advanced Structures;Not only ___ the battery fast, but it is also reliable.;is — bei „be“ steht das Verb vor dem Subjekt.;Not only ___ the battery fast, but it is also reliable.;is — bei „be“ steht das Verb vor dem Subjekt.;Not only ___ the battery fast, but it is also reliable.;is — with “be”, the verb comes before the subject.;0;inv_notonly_is
141;5;G141-V5;English Grammar – Inversion & Advanced Structures;Not only ___ the grid connection expensive, but it is also difficult to permit.;is — bei „be“ steht das Verb vor dem Subjekt.;Not only ___ the grid connection expensive, but it is also difficult to permit.;is — bei „be“ steht das Verb vor dem Subjekt.;Not only ___ the grid connection expensive, but it is also difficult to permit.;is — with “be”, the verb comes before the subject.;0;inv_notonly_is
142;1;G142-V1;English Grammar – Inversion & Advanced Structures;Rarely ___ electricity prices been this low.;have — „Rarely“ am Satzanfang löst Inversion aus.;Rarely ___ electricity prices been this low.;have — „Rarely“ am Satzanfang löst Inversion aus.;Rarely ___ electricity prices been this low.;have — sentence-initial “Rarely” triggers inversion.;0;inv_rarely_have
142;2;G142-V2;English Grammar – Inversion & Advanced Structures;Rarely ___ day-ahead electricity prices been this low.;have — Inversion nach „Rarely“ am Satzanfang.;Rarely ___ day-ahead electricity prices been this low.;have — Inversion nach „Rarely“ am Satzanfang.;Rarely ___ day-ahead electricity prices been this low.;have — inversion after sentence-initial “Rarely”.;0;inv_rarely_have
142;3;G142-V3;English Grammar – Inversion & Advanced Structures;Rarely ___ balancing costs been so high.;have — Inversion nach „Rarely“ am Satzanfang.;Rarely ___ balancing costs been so high.;have — Inversion nach „Rarely“ am Satzanfang.;Rarely ___ balancing costs been so high.;have — inversion after sentence-initial “Rarely”.;0;inv_rarely_have
142;4;G142-V4;English Grammar – Inversion & Advanced Structures;Rarely ___ offshore conditions been this favourable.;have — Inversion nach „Rarely“ am Satzanfang.;Rarely ___ offshore conditions been this favourable.;have — Inversion nach „Rarely“ am Satzanfang.;Rarely ___ offshore conditions been this favourable.;have — inversion after sentence-initial “Rarely”.;0;inv_rarely_have
142;5;G142-V5;English Grammar – Inversion & Advanced Structures;Rarely ___ electricity imports been this large.;have — Inversion nach „Rarely“ am Satzanfang.;Rarely ___ electricity imports been this large.;have — Inversion nach „Rarely“ am Satzanfang.;Rarely ___ electricity imports been this large.;have — inversion after sentence-initial “Rarely”.;0;inv_rarely_have
143;1;G143-V1;English Grammar – Inversion & Advanced Structures;Never ___ the country generated so much solar power before.;has — Inversion nach „Never“ am Satzanfang.;Never ___ the country generated so much solar power before.;has — Inversion nach „Never“ am Satzanfang.;Never ___ the country generated so much solar power before.;has — inversion after sentence-initial “Never”.;0;inv_never_has
143;2;G143-V2;English Grammar – Inversion & Advanced Structures;Never ___ the region produced so much wind power before.;has — Inversion nach „Never“ am Satzanfang.;Never ___ the region produced so much wind power before.;has — Inversion nach „Never“ am Satzanfang.;Never ___ the region produced so much wind power before.;has — inversion after sentence-initial “Never”.;0;inv_never_has
143;3;G143-V3;English Grammar – Inversion & Advanced Structures;Never ___ the battery market grown this quickly before.;has — Inversion nach „Never“ am Satzanfang.;Never ___ the battery market grown this quickly before.;has — Inversion nach „Never“ am Satzanfang.;Never ___ the battery market grown this quickly before.;has — inversion after sentence-initial “Never”.;0;inv_never_has
143;4;G143-V4;English Grammar – Inversion & Advanced Structures;Never ___ the grid faced such high solar feed-in before.;has — Inversion nach „Never“ am Satzanfang.;Never ___ the grid faced such high solar feed-in before.;has — Inversion nach „Never“ am Satzanfang.;Never ___ the grid faced such high solar feed-in before.;has — inversion after sentence-initial “Never”.;0;inv_never_has
143;5;G143-V5;English Grammar – Inversion & Advanced Structures;Never ___ the company built such a large offshore project before.;has — Inversion nach „Never“ am Satzanfang.;Never ___ the company built such a large offshore project before.;has — Inversion nach „Never“ am Satzanfang.;Never ___ the company built such a large offshore project before.;has — inversion after sentence-initial “Never”.;0;inv_never_has
144;1;G144-V1;English Grammar – Inversion & Advanced Structures;If I had known about the outage, I would have charged the battery. → ohne „if“;Had I known about the outage, I would have charged the battery.;If I had known about the outage, I would have charged the battery. → ohne „if“;Had I known about the outage, I would have charged the battery.;If I had known about the outage, I would have charged the battery. → without “if”;Had I known about the outage, I would have charged the battery.;0;inv_if_to_had
144;2;G144-V2;English Grammar – Inversion & Advanced Structures;If we had known about the fault, we would have reacted earlier. → ohne „if“;Had we known about the fault, we would have reacted earlier.;If we had known about the fault, we would have reacted earlier. → ohne „if“;Had we known about the fault, we would have reacted earlier.;If we had known about the fault, we would have reacted earlier. → without “if”;Had we known about the fault, we would have reacted earlier.;0;inv_if_to_had
144;3;G144-V3;English Grammar – Inversion & Advanced Structures;If the operator had seen the warning, the outage might have been avoided. → ohne „if“;Had the operator seen the warning, the outage might have been avoided.;If the operator had seen the warning, the outage might have been avoided. → ohne „if“;Had the operator seen the warning, the outage might have been avoided.;If the operator had seen the warning, the outage might have been avoided. → without “if”;Had the operator seen the warning, the outage might have been avoided.;0;inv_if_to_had
144;4;G144-V4;English Grammar – Inversion & Advanced Structures;If the battery had been charged, it could have supported the grid. → ohne „if“;Had the battery been charged, it could have supported the grid.;If the battery had been charged, it could have supported the grid. → ohne „if“;Had the battery been charged, it could have supported the grid.;If the battery had been charged, it could have supported the grid. → without “if”;Had the battery been charged, it could have supported the grid.;0;inv_if_to_had
144;5;G144-V5;English Grammar – Inversion & Advanced Structures;If we had built the line earlier, congestion would have been lower. → ohne „if“;Had we built the line earlier, congestion would have been lower.;If we had built the line earlier, congestion would have been lower. → ohne „if“;Had we built the line earlier, congestion would have been lower.;If we had built the line earlier, congestion would have been lower. → without “if”;Had we built the line earlier, congestion would have been lower.;0;inv_if_to_had
145;1;G145-V1;English Grammar – Inversion & Advanced Structures;Had we built more storage, less renewable energy would have been curtailed. = ?;If we had built more storage, less renewable energy would have been curtailed.;Had we built more storage, less renewable energy would have been curtailed. = ?;If we had built more storage, less renewable energy would have been curtailed.;Had we built more storage, less renewable energy would have been curtailed. = ?;If we had built more storage, less renewable energy would have been curtailed.;0;inv_had_to_if
145;2;G145-V2;English Grammar – Inversion & Advanced Structures;Had the operator seen the warning, the outage might have been avoided. → mit „if“;If the operator had seen the warning, the outage might have been avoided.;Had the operator seen the warning, the outage might have been avoided. → mit „if“;If the operator had seen the warning, the outage might have been avoided.;Had the operator seen the warning, the outage might have been avoided. → rewrite with “if”;If the operator had seen the warning, the outage might have been avoided.;0;inv_had_to_if
145;3;G145-V3;English Grammar – Inversion & Advanced Structures;Had the battery been charged, it could have supported the grid. → mit „if“;If the battery had been charged, it could have supported the grid.;Had the battery been charged, it could have supported the grid. → mit „if“;If the battery had been charged, it could have supported the grid.;Had the battery been charged, it could have supported the grid. → rewrite with “if”;If the battery had been charged, it could have supported the grid.;0;inv_had_to_if
145;4;G145-V4;English Grammar – Inversion & Advanced Structures;Had we upgraded the line, congestion would have been lower. → mit „if“;If we had upgraded the line, congestion would have been lower.;Had we upgraded the line, congestion would have been lower. → mit „if“;If we had upgraded the line, congestion would have been lower.;Had we upgraded the line, congestion would have been lower. → rewrite with “if”;If we had upgraded the line, congestion would have been lower.;0;inv_had_to_if
145;5;G145-V5;English Grammar – Inversion & Advanced Structures;Had the forecast been accurate, the imbalance would have been smaller. → mit „if“;If the forecast had been accurate, the imbalance would have been smaller.;Had the forecast been accurate, the imbalance would have been smaller. → mit „if“;If the forecast had been accurate, the imbalance would have been smaller.;Had the forecast been accurate, the imbalance would have been smaller. → rewrite with “if”;If the forecast had been accurate, the imbalance would have been smaller.;0;inv_had_to_if
146;1;G146-V1;English Grammar – Inversion & Advanced Structures;Only then ___ the engineers understand the cause of the fault.;did — Inversion nach „Only then“.;Only then ___ the engineers understand the cause of the fault.;did — Inversion nach „Only then“.;Only then ___ the engineers understand the cause of the fault.;did — inversion after “Only then”.;0;inv_onlythen_did
146;2;G146-V2;English Grammar – Inversion & Advanced Structures;Only then ___ the operator notice the forecasting error.;did — Inversion nach „Only then“ bei Past Simple.;Only then ___ the operator notice the forecasting error.;did — Inversion nach „Only then“ bei Past Simple.;Only then ___ the operator notice the forecasting error.;did — inversion after “Only then” with Past Simple.;0;inv_onlythen_did
146;3;G146-V3;English Grammar – Inversion & Advanced Structures;Only then ___ the team understand the cause of the outage.;did — Inversion nach „Only then“ bei Past Simple.;Only then ___ the team understand the cause of the outage.;did — Inversion nach „Only then“ bei Past Simple.;Only then ___ the team understand the cause of the outage.;did — inversion after “Only then” with Past Simple.;0;inv_onlythen_did
146;4;G146-V4;English Grammar – Inversion & Advanced Structures;Only then ___ engineers realise that the sensor was faulty.;did — Inversion nach „Only then“ bei Past Simple.;Only then ___ engineers realise that the sensor was faulty.;did — Inversion nach „Only then“ bei Past Simple.;Only then ___ engineers realise that the sensor was faulty.;did — inversion after “Only then” with Past Simple.;0;inv_onlythen_did
146;5;G146-V5;English Grammar – Inversion & Advanced Structures;Only then ___ the company change the cable route.;did — Inversion nach „Only then“ bei Past Simple.;Only then ___ the company change the cable route.;did — Inversion nach „Only then“ bei Past Simple.;Only then ___ the company change the cable route.;did — inversion after “Only then” with Past Simple.;0;inv_onlythen_did
147;1;G147-V1;English Grammar – Inversion & Advanced Structures;Only after analysing the data ___ they find the forecasting error.;did — „Only after ...“ am Satzanfang löst Inversion im Hauptsatz aus.;Only after analysing the data ___ they find the forecasting error.;did — „Only after ...“ am Satzanfang löst Inversion im Hauptsatz aus.;Only after analysing the data ___ they find the forecasting error.;did — sentence-initial “Only after ...” triggers inversion in the main clause.;0;inv_onlyafter_did
147;2;G147-V2;English Grammar – Inversion & Advanced Structures;Only after checking the sensor ___ they discover the fault.;did — „Only after ...“ am Satzanfang löst Inversion im Hauptsatz aus.;Only after checking the sensor ___ they discover the fault.;did — „Only after ...“ am Satzanfang löst Inversion im Hauptsatz aus.;Only after checking the sensor ___ they discover the fault.;did — sentence-initial “Only after ...” triggers inversion in the main clause.;0;inv_onlyafter_did
147;3;G147-V3;English Grammar – Inversion & Advanced Structures;Only after reviewing the forecast ___ the operator notice the error.;did — „Only after ...“ am Satzanfang löst Inversion im Hauptsatz aus.;Only after reviewing the forecast ___ the operator notice the error.;did — „Only after ...“ am Satzanfang löst Inversion im Hauptsatz aus.;Only after reviewing the forecast ___ the operator notice the error.;did — sentence-initial “Only after ...” triggers inversion in the main clause.;0;inv_onlyafter_did
147;4;G147-V4;English Grammar – Inversion & Advanced Structures;Only after replacing the inverter ___ the system work normally again.;did — „Only after ...“ am Satzanfang löst Inversion im Hauptsatz aus.;Only after replacing the inverter ___ the system work normally again.;did — „Only after ...“ am Satzanfang löst Inversion im Hauptsatz aus.;Only after replacing the inverter ___ the system work normally again.;did — sentence-initial “Only after ...” triggers inversion in the main clause.;0;inv_onlyafter_did
147;5;G147-V5;English Grammar – Inversion & Advanced Structures;Only after analysing the outage data ___ engineers find the cause.;did — „Only after ...“ am Satzanfang löst Inversion im Hauptsatz aus.;Only after analysing the outage data ___ engineers find the cause.;did — „Only after ...“ am Satzanfang löst Inversion im Hauptsatz aus.;Only after analysing the outage data ___ engineers find the cause.;did — sentence-initial “Only after ...” triggers inversion in the main clause.;0;inv_onlyafter_did
148;1;G148-V1;English Grammar – Inversion & Advanced Structures;Under no circumstances ___ you touch a damaged cable.;should — Inversion nach negativer Wendung.;Under no circumstances ___ you touch a damaged cable.;should — Inversion nach negativer Wendung.;Under no circumstances ___ you touch a damaged cable.;should — inversion after a negative expression.;0;inv_underno_should
148;2;G148-V2;English Grammar – Inversion & Advanced Structures;Under no circumstances ___ visitors enter the high-voltage area.;should — Inversion nach negativer Wendung am Satzanfang.;Under no circumstances ___ visitors enter the high-voltage area.;should — Inversion nach negativer Wendung am Satzanfang.;Under no circumstances ___ visitors enter the high-voltage area.;should — inversion after a negative expression at the beginning.;0;inv_underno_should
148;3;G148-V3;English Grammar – Inversion & Advanced Structures;Under no circumstances ___ technicians bypass the protection system.;should — Inversion nach negativer Wendung am Satzanfang.;Under no circumstances ___ technicians bypass the protection system.;should — Inversion nach negativer Wendung am Satzanfang.;Under no circumstances ___ technicians bypass the protection system.;should — inversion after a negative expression at the beginning.;0;inv_underno_should
148;4;G148-V4;English Grammar – Inversion & Advanced Structures;Under no circumstances ___ you work on an energised cable without authorisation.;should — nach einem negativen Ausdruck am Satzanfang folgt Inversion.;Under no circumstances ___ you work on an energised cable without authorisation.;should — nach einem negativen Ausdruck am Satzanfang folgt Inversion.;Under no circumstances ___ you work on an energised cable without authorisation.;should — inversion after a negative expression at the beginning.;0;inv_underno_should
148;5;G148-V5;English Grammar – Inversion & Advanced Structures;Under no circumstances ___ the safety procedure be ignored.;should — Inversion nach negativer Wendung am Satzanfang.;Under no circumstances ___ the safety procedure be ignored.;should — Inversion nach negativer Wendung am Satzanfang.;Under no circumstances ___ the safety procedure be ignored.;should — inversion after a negative expression at the beginning.;0;inv_underno_should
149;1;G149-V1;English Grammar – Inversion & Advanced Structures;Seldom ___ the grid faced such a rapid change in generation.;has — Inversion nach „Seldom“ am Satzanfang.;Seldom ___ the grid faced such a rapid change in generation.;has — Inversion nach „Seldom“ am Satzanfang.;Seldom ___ the grid faced such a rapid change in generation.;has — inversion after sentence-initial “Seldom”.;0;inv_seldom_has
149;2;G149-V2;English Grammar – Inversion & Advanced Structures;Seldom ___ the region experienced such high electricity demand.;has — Inversion nach „Seldom“ am Satzanfang.;Seldom ___ the region experienced such high electricity demand.;has — Inversion nach „Seldom“ am Satzanfang.;Seldom ___ the region experienced such high electricity demand.;has — inversion after sentence-initial “Seldom”.;0;inv_seldom_has
149;3;G149-V3;English Grammar – Inversion & Advanced Structures;Seldom ___ the grid faced such low wind generation.;has — Inversion nach „Seldom“ am Satzanfang.;Seldom ___ the grid faced such low wind generation.;has — Inversion nach „Seldom“ am Satzanfang.;Seldom ___ the grid faced such low wind generation.;has — inversion after sentence-initial “Seldom”.;0;inv_seldom_has
149;4;G149-V4;English Grammar – Inversion & Advanced Structures;Seldom ___ the market seen prices change this quickly.;has — Inversion nach „Seldom“ am Satzanfang.;Seldom ___ the market seen prices change this quickly.;has — Inversion nach „Seldom“ am Satzanfang.;Seldom ___ the market seen prices change this quickly.;has — inversion after sentence-initial “Seldom”.;0;inv_seldom_has
149;5;G149-V5;English Grammar – Inversion & Advanced Structures;Seldom ___ the operator dealt with such a large imbalance.;has — Inversion nach „Seldom“ am Satzanfang.;Seldom ___ the operator dealt with such a large imbalance.;has — Inversion nach „Seldom“ am Satzanfang.;Seldom ___ the operator dealt with such a large imbalance.;has — inversion after sentence-initial “Seldom”.;0;inv_seldom_has
150;1;G150-V1;English Grammar – Inversion & Advanced Structures;No sooner ___ the plant restarted than another fault occurred.;had — feste Struktur: „No sooner had ... than ...“;No sooner ___ the plant restarted than another fault occurred.;had — feste Struktur: „No sooner had ... than ...“;No sooner ___ the plant restarted than another fault occurred.;had — fixed structure: “No sooner had ... than ...”;0;inv_nosooner_had
150;2;G150-V2;English Grammar – Inversion & Advanced Structures;No sooner ___ the battery started charging than the power failed.;had — feste Struktur: „No sooner had ... than ...“.;No sooner ___ the battery started charging than the power failed.;had — feste Struktur: „No sooner had ... than ...“.;No sooner ___ the battery started charging than the power failed.;had — fixed structure: “No sooner had ... than ...”.;0;inv_nosooner_had
150;3;G150-V3;English Grammar – Inversion & Advanced Structures;No sooner ___ the line returned to service than another fault appeared.;had — feste Struktur: „No sooner had ... than ...“.;No sooner ___ the line returned to service than another fault appeared.;had — feste Struktur: „No sooner had ... than ...“.;No sooner ___ the line returned to service than another fault appeared.;had — fixed structure: “No sooner had ... than ...”.;0;inv_nosooner_had
150;4;G150-V4;English Grammar – Inversion & Advanced Structures;No sooner ___ the turbine restarted than the alarm sounded.;had — feste Struktur: „No sooner had ... than ...“.;No sooner ___ the turbine restarted than the alarm sounded.;had — feste Struktur: „No sooner had ... than ...“.;No sooner ___ the turbine restarted than the alarm sounded.;had — fixed structure: “No sooner had ... than ...”.;0;inv_nosooner_had
150;5;G150-V5;English Grammar – Inversion & Advanced Structures;No sooner ___ the market opened than prices began to fall.;had — feste Struktur: „No sooner had ... than ...“.;No sooner ___ the market opened than prices began to fall.;had — feste Struktur: „No sooner had ... than ...“.;No sooner ___ the market opened than prices began to fall.;had — fixed structure: “No sooner had ... than ...”.;0;inv_nosooner_had
