parent_category;subcategory;front_de;back_de;front_en;back_en;is_bidirectional
Energie;Strom und Elektrotechnik;Was ist elektrischer Strom?;Elektrischer Strom ist die gerichtete Bewegung elektrischer Ladung. Die Stromstärke beschreibt, wie viel Ladung pro Zeit durch einen Leiter fließt.;What is electric current?;Electric current is the directed movement of electric charge. Current strength describes how much charge flows through a conductor per unit of time.;0
Energie;Strom und Elektrotechnik;Was bedeutet die Stromstärke I?;Die Stromstärke I gibt an, wie viel elektrische Ladung pro Zeit fließt. Ihre Einheit ist Ampere. Ein Ampere entspricht einem Coulomb pro Sekunde.;What does current strength I mean?;Current strength I indicates how much electric charge flows per unit of time. Its unit is the ampere. One ampere equals one coulomb per second.;0
Energie;Strom und Elektrotechnik;Was ist elektrische Spannung?;Elektrische Spannung U ist eine Potentialdifferenz zwischen zwei Punkten. Sie beschreibt, wie viel Energie pro Ladung übertragen werden kann. Die Einheit ist Volt.;What is electric voltage?;Electric voltage U is a potential difference between two points. It describes how much energy per charge can be transferred. Its unit is the volt.;0
Energie;Strom und Elektrotechnik;Was ist elektrischer Widerstand?;Der Widerstand R beschreibt, wie stark ein Bauteil den Stromfluss begrenzt. Die Einheit ist Ohm.;What is electrical resistance?;Resistance R describes how strongly a component limits current flow. Its unit is the ohm.;0
Energie;Strom und Elektrotechnik;Wie lautet das Ohmsche Gesetz?;Das Ohmsche Gesetz lautet U = R · I. Daraus folgen I = U / R und R = U / I.;What is Ohm's law?;Ohm's law states U = R · I. From this follow I = U / R and R = U / I.;0
Energie;Strom und Elektrotechnik;Was ist elektrische Leistung?;Leistung P beschreibt, wie schnell elektrische Energie umgesetzt oder übertragen wird. Bei Gleichstrom und rein ohmschen Lasten gilt P = U · I. Die Einheit ist Watt.;What is electric power?;Power P describes how quickly electrical energy is converted or transferred. For direct current and purely resistive loads, P = U · I. Its unit is the watt.;0
Energie;Strom und Elektrotechnik;Was ist elektrische Energie?;Elektrische Energie ist die über eine Zeit übertragene oder umgesetzte Energiemenge. Bei konstanter Leistung gilt E = P · t.;What is electrical energy?;Electrical energy is the amount of energy transferred or converted over a period of time. At constant power, E = P · t.;0
Energie;Strom und Elektrotechnik;Was ist der Unterschied zwischen Leistung und Energie?;Leistung beschreibt eine Rate und wird in Watt gemessen. Energie beschreibt eine Menge über einen Zeitraum und wird zum Beispiel in Wattstunden oder Joule gemessen.;What is the difference between power and energy?;Power describes a rate and is measured in watts. Energy describes an amount over a period of time and is measured, for example, in watt-hours or joules.;0
Energie;Strom und Elektrotechnik;Was ist ein Leiter?;Ein Leiter ist ein Material, in dem sich elektrische Ladungsträger vergleichsweise leicht bewegen können. Kupfer und Aluminium sind typische Leiter.;What is a conductor?;A conductor is a material in which electric charge carriers can move comparatively easily. Copper and aluminium are typical conductors.;0
Energie;Strom und Elektrotechnik;Was ist ein Isolator?;Ein Isolator leitet elektrischen Strom sehr schlecht. Beispiele sind Glas, Kunststoff und Keramik.;What is an insulator?;An insulator conducts electric current very poorly. Examples are glass, plastic and ceramics.;0
Energie;Strom und Elektrotechnik;Was ist Gleichstrom?;Bei Gleichstrom bleibt die Stromrichtung grundsätzlich gleich. Batterien und Photovoltaikmodule erzeugen zunächst Gleichstrom.;What is direct current?;With direct current, the direction of flow stays fundamentally the same. Batteries and photovoltaic modules initially produce direct current.;0
Energie;Strom und Elektrotechnik;Was ist Wechselstrom?;Bei Wechselstrom ändern sich Stromrichtung und Spannung periodisch. Das öffentliche Stromnetz arbeitet mit Wechselspannung.;What is alternating current?;With alternating current, direction and voltage change periodically. The public power grid runs on alternating voltage.;0
Energie;Strom und Elektrotechnik;Was bedeutet 50 Hz im Stromnetz?;50 Hz bedeutet, dass sich die Wechselgröße 50-mal pro Sekunde wiederholt. Die Frequenz zeigt außerdem, ob Erzeugung und Verbrauch kurzfristig im Gleichgewicht sind.;What does 50 Hz mean in the power grid?;50 Hz means the alternating quantity repeats 50 times per second. The frequency also shows whether generation and consumption are briefly in balance.;0
Energie;Strom und Elektrotechnik;Was ist Drehstrom?;Drehstrom besteht aus drei Wechselspannungen, die zeitlich um 120 Grad verschoben sind. Er wird in Stromnetzen und elektrischen Maschinen verwendet.;What is three-phase current?;Three-phase current consists of three alternating voltages shifted by 120 degrees in time. It is used in power grids and electrical machines.;0
Energie;Strom und Elektrotechnik;Was macht ein Transformator?;Ein Transformator überträgt Wechselstromenergie zwischen Stromkreisen und verändert dabei meist die Spannung. Er kann Spannung erhöhen oder verringern.;What does a transformer do?;A transformer transfers AC energy between circuits and usually changes the voltage in the process. It can step voltage up or down.;0
Energie;Strom und Elektrotechnik;Was bedeutet kilo?;Kilo bedeutet 1.000 oder 10³. 1 kW entspricht 1.000 W.;What does kilo mean?;Kilo means 1,000 or 10³. 1 kW equals 1,000 W.;0
Energie;Strom und Elektrotechnik;Was bedeutet mega und giga?;Mega bedeutet 10⁶ und Giga 10⁹. 1 MW entspricht 1.000 kW und 1 GW entspricht 1.000 MW.;What do mega and giga mean?;Mega means 10⁶ and giga means 10⁹. 1 MW equals 1,000 kW, and 1 GW equals 1,000 MW.;0
Energie;Strom und Elektrotechnik;Was ist der Unterschied zwischen kW und kWh?;Kilowatt ist eine Leistungseinheit. Kilowattstunde ist eine Energieeinheit. Ein Gerät mit 1 kW Leistung verbraucht in einer Stunde 1 kWh.;What is the difference between kW and kWh?;Kilowatt is a unit of power. Kilowatt-hour is a unit of energy. A device with 1 kW of power consumes 1 kWh in one hour.;0
Energie;Strom und Elektrotechnik;Welche Einheiten sind für das Stromsystem besonders wichtig?;Spannung wird in V oder kV gemessen. Stromstärke wird in A gemessen. Leistung wird in W, kW oder MW angegeben. Energie wird in Wh, kWh oder MWh angegeben. Frequenz wird in Hz gemessen.;Which units matter most for the power system?;Voltage is measured in V or kV. Current is measured in A. Power is given in W, kW or MW. Energy is given in Wh, kWh or MWh. Frequency is measured in Hz.;0
Energie;Strom und Elektrotechnik;Wie berechnet man elektrische Energie?;Bei konstanter Leistung gilt E = P · t. Mit P in kW und t in Stunden erhält man E in kWh.;How do you calculate electrical energy?;At constant power, E = P · t. With P in kW and t in hours, you get E in kWh.;0
Energie;Strom und Elektrotechnik;Was ist ein Wirkungsgrad?;Der Wirkungsgrad ist das Verhältnis von nutzbarer abgegebener Energie zur zugeführten Energie. Er wird häufig als Prozentwert angegeben.;What is efficiency?;Efficiency is the ratio of usable output energy to input energy. It is often given as a percentage.;0
Energie;Strom und Elektrotechnik;Was sind Volllaststunden?;Volllaststunden sind der Jahresertrag geteilt durch die Nennleistung. Sie zeigen, wie lange eine Anlage rechnerisch mit voller Leistung hätte laufen müssen, um ihren tatsächlichen Ertrag zu erzeugen.;What are full-load hours?;Full-load hours are the annual yield divided by the rated power. They show how long a plant would have had to run at full power to produce its actual yield.;0
Energie;Strom und Elektrotechnik;Was ist der Kapazitätsfaktor?;Der Kapazitätsfaktor ist das Verhältnis des tatsächlichen Ertrags zum theoretischen Ertrag bei durchgehender Nennleistung im betrachteten Zeitraum.;What is the capacity factor?;The capacity factor is the ratio of actual output to the theoretical output if the plant ran at rated power the whole time.;0
Energie;Strom und Elektrotechnik;Was ist eine prozentuale Abweichung?;Eine prozentuale Abweichung vergleicht die Differenz zwischen Istwert und Vergleichswert mit dem Vergleichswert: (Istwert − Vergleichswert) / Vergleichswert · 100.;What is a percentage deviation?;A percentage deviation compares the difference between an actual value and a reference value with the reference value: (actual value − reference value) / reference value · 100.;0
Energie;Strom und Elektrotechnik;Wann addiert man Viertelstundenwerte?;Energiemengen über mehrere Zeitintervalle werden normalerweise addiert. Leistungswerte oder Preise werden je nach Fragestellung gemittelt oder zeitlich gewichtet.;When do you add up quarter-hour values?;Amounts of energy over several time intervals are usually added up. Power values or prices are averaged or time-weighted depending on the question.;0
Energie;Strom und Elektrotechnik;Was bedeutet 1 kW?;1 kW sind 1.000 W. kW ist eine Einheit der Leistung und sagt, wie schnell Energie umgesetzt oder übertragen wird.;What does 1 kW mean?;1 kW is 1,000 W. kW is a unit of power and shows how quickly energy is converted or transferred.;0
Energie;Strom und Elektrotechnik;Wie hängen W, kW, MW und GW zusammen?;1 kW = 1.000 W, 1 MW = 1.000 kW und 1 GW = 1.000 MW. Jede Stufe ist tausendmal größer als die vorherige.;How do W, kW, MW and GW relate to each other?;1 kW = 1,000 W, 1 MW = 1,000 kW and 1 GW = 1,000 MW. Each step is a thousand times larger than the one before.;0
Energie;Strom und Elektrotechnik;Wie hängen Wh, kWh, MWh, GWh und TWh zusammen?;1 kWh = 1.000 Wh, 1 MWh = 1.000 kWh, 1 GWh = 1.000 MWh und 1 TWh = 1.000 GWh. Diese Einheiten messen Energiemengen.;How do Wh, kWh, MWh, GWh and TWh relate to each other?;1 kWh = 1,000 Wh, 1 MWh = 1,000 kWh, 1 GWh = 1,000 MWh and 1 TWh = 1,000 GWh. These units measure amounts of energy.;0
Energie;Strom und Elektrotechnik;Warum ist kW/h nicht dasselbe wie kWh?;kWh ist eine Energiemenge. kW/h beschreibt dagegen eine Änderung der Leistung pro Zeit und wird im normalen Stromverbrauch fast nie gebraucht. Für Verbrauch ist kWh die richtige Einheit.;Why is kW/h not the same as kWh?;kWh is an amount of energy. kW/h, by contrast, describes a change in power per time and is almost never needed for everyday electricity use. kWh is the right unit for consumption.;0
Energie;Strom und Elektrotechnik;Was kann man sich unter 1 kWh vorstellen?;Ein Heizgerät mit 1 kW kann eine Stunde laufen. Ein Wasserkocher mit 2 kW verbraucht bei 30 Minuten Laufzeit ungefähr 1 kWh. Eine LED-Lampe mit 10 W könnte theoretisch 100 Stunden leuchten.;What can you picture as 1 kWh?;A 1 kW heater can run for one hour. A 2 kW kettle uses roughly 1 kWh in 30 minutes. A 10 W LED lamp could theoretically shine for 100 hours.;0
Energie;Strom und Elektrotechnik;Wie viel Energie entspricht 100 Euro pro MWh?;100 €/MWh entsprechen 10 ct/kWh. Eine MWh enthält 1.000 kWh, deshalb wird der Euro-pro-MWh-Wert durch 100 geteilt, wenn man ihn in ct/kWh umrechnet.;How much energy does 100 euros per MWh correspond to?;100 €/MWh equals 10 ct/kWh. One MWh contains 1,000 kWh, so the euro-per-MWh value is divided by 100 to convert it to ct/kWh.;0
Energie;Strom und Elektrotechnik;Was ist eine durchschnittliche Leistung?;Sie entsteht, wenn man eine Energiemenge durch die Zeit teilt. Ein Haushalt mit 3.500 kWh Jahresverbrauch hat im Jahresmittel ungefähr 0,4 kW Leistung, obwohl einzelne Geräte viel mehr Leistung benötigen können.;What is average power?;It results from dividing an amount of energy by time. A household with 3,500 kWh of annual consumption has on average about 0.4 kW of power, even though individual appliances can need far more power.;0
Energie;Strom und Elektrotechnik;Was sagt der Wirkungsgrad einer Kraftwerkstechnik aus?;Der Wirkungsgrad sagt, wie viel von der eingesetzten Energie am Ende als Nutzenergie herauskommt. Bei 40 Prozent Wirkungsgrad werden aus 100 Einheiten Brennstoff 40 Einheiten Strom, der Rest geht meist als Wärme verloren. Je höher der Wirkungsgrad, desto weniger Brennstoff braucht man für die gleiche Strommenge.;What does the efficiency of a power technology tell you?;Efficiency tells you how much of the energy you put in comes out as useful energy. At 40 percent efficiency, 100 units of fuel become 40 units of electricity and the rest is usually lost as heat. The higher the efficiency, the less fuel you need for the same amount of electricity.;0
Energie;Strom und Elektrotechnik;Wie ordnet man die Wirkungsgrade der wichtigsten Stromtechnologien grob ein?;Grobe Faustwerte für die Umwandlung in Strom: Gas-und-Dampf-Kraftwerk rund 55 bis 63 Prozent, modernes Kohlekraftwerk rund 40 bis 46 Prozent, Kernkraftwerk rund 33 bis 37 Prozent, einfache Gasturbine rund 35 bis 42 Prozent. Photovoltaik-Module rund 20 Prozent, Windkraft real rund 40 bis 50 Prozent der theoretischen Grenze. Wasserkraft ist mit rund 90 Prozent Spitzenreiter.;How can you roughly rank the efficiencies of the main power technologies?;Rough rules of thumb for converting to electricity: combined-cycle gas plant about 55 to 63 percent, modern coal plant about 40 to 46 percent, nuclear plant about 33 to 37 percent, simple gas turbine about 35 to 42 percent. Solar PV modules about 20 percent, wind about 40 to 50 percent of the theoretical limit in practice. Hydropower is the leader at about 90 percent.;0
Energie;Strom und Elektrotechnik;Warum haben thermische Kraftwerke selten mehr als 60 Prozent Wirkungsgrad?;Kraftwerke, die Wärme in Strom umwandeln, sind an ein physikalisches Gesetz gebunden: Nur der Temperaturunterschied zwischen heißem Dampf und kühler Umgebung lässt sich nutzen. Ein großer Teil der Wärme muss immer ungenutzt abgegeben werden. Deshalb ist bei rund 60 Prozent auch mit bester Technik meist Schluss.;Why do thermal power plants rarely exceed 60 percent efficiency?;Plants that turn heat into electricity are bound by a law of physics: only the temperature difference between hot steam and the cool surroundings can be used. A large share of the heat must always be released unused. That is why even the best technology usually tops out at around 60 percent.;0
Energie;Strom und Elektrotechnik;Was ist Energiedichte und warum ist sie wichtig?;Die Energiedichte sagt, wie viel Energie in einer bestimmten Menge eines Stoffes steckt, zum Beispiel pro Kilogramm. Benzin und Diesel haben eine sehr hohe Energiedichte, deshalb kommt man mit einem kleinen Tank weit. Batterien speichern pro Kilogramm viel weniger Energie, deshalb sind sie schwer. Wasserstoff hat pro Kilogramm viel Energie, braucht aber viel Volumen.;What is energy density and why does it matter?;Energy density tells you how much energy is stored in a given amount of a substance, for example per kilogram. Petrol and diesel have a very high energy density, which is why a small tank takes you far. Batteries store far less energy per kilogram, which is why they are heavy. Hydrogen holds a lot of energy per kilogram but needs a lot of volume.;0
Energie;Strom und Elektrotechnik;Was ist Wirkleistung?;Wirkleistung ist der Teil der elektrischen Leistung, der tatsächlich Arbeit verrichtet, also Geräte antreibt, heizt oder Licht erzeugt. Sie wird in Watt gemessen, im Netz meist in Megawatt. Wenn im Alltag von Stromverbrauch die Rede ist, ist die Wirkleistung gemeint.;What is active power?;Active power is the part of electrical power that actually does work, meaning it drives devices, produces heat or makes light. It is measured in watts, in the grid usually in megawatts. When everyday language talks about electricity consumption, it means active power.;0
Energie;Strom und Elektrotechnik;Was ist Blindleistung?;Blindleistung entsteht bei Wechselstrom durch Bauteile wie Motoren, Transformatoren oder Kabel, die Energie kurzzeitig speichern und wieder abgeben. Sie verrichtet keine echte Arbeit, pendelt aber im Netz hin und her und belastet die Leitungen. Man braucht Blindleistung trotzdem, weil sie hilft, die Spannung im Netz stabil zu halten. Sie wird in var gemessen.;What is reactive power?;Reactive power arises in alternating current from components such as motors, transformers or cables that briefly store energy and release it again. It does no real work, but it swings back and forth in the grid and loads the lines. Reactive power is still needed because it helps keep the voltage in the grid stable. It is measured in var.;0
Energie;Strom und Elektrotechnik;Was ist Scheinleistung und wie hängt sie mit Wirk- und Blindleistung zusammen?;Scheinleistung ist die gesamte Leistung, die eine Leitung transportieren muss, also die Kombination aus Wirk- und Blindleistung. Sie wird in Voltampere gemessen. Man kann es sich wie ein Bier vorstellen: Die Wirkleistung ist die Flüssigkeit, die Blindleistung der Schaum, und die Scheinleistung ist das ganze Glas. Leitungen und Transformatoren müssen für die Scheinleistung ausgelegt sein.;What is apparent power and how does it relate to active and reactive power?;Apparent power is the total power a line has to carry, that is the combination of active and reactive power. It is measured in volt-amperes. Think of a glass of beer: active power is the liquid, reactive power is the foam, and apparent power is the whole glass. Lines and transformers must be sized for the apparent power.;0
Energie;Strom und Elektrotechnik;Was bedeutet der Leistungsfaktor (cos phi)?;Der Leistungsfaktor sagt, welcher Anteil der transportierten Scheinleistung wirklich als nutzbare Wirkleistung ankommt. Ein Wert nahe 1 ist gut, dann fließt fast nur Wirkleistung. Ein niedriger Wert bedeutet viel Blindleistung und damit unnötige Belastung der Leitungen. Deshalb versucht man, den Leistungsfaktor nahe 1 zu halten.;What does the power factor (cos phi) mean?;The power factor tells you what share of the transported apparent power actually arrives as usable active power. A value close to 1 is good, because then almost only active power flows. A low value means a lot of reactive power and therefore needless loading of the lines. That is why one tries to keep the power factor close to 1.;0
Energie;Energieträger und Stromerzeugung;Was ist ein Energieträger?;Ein Energieträger ist ein Stoff oder eine Energieform, aus der Energie gewonnen, übertragen oder genutzt werden kann. Beispiele sind Kohle, Erdgas, Uran, Wind, Sonne und Wasser.;What is an energy source?;An energy source is a substance or form of energy from which energy can be obtained, transferred or used. Examples are coal, natural gas, uranium, wind, sun and water.;0
Energie;Energieträger und Stromerzeugung;Was ist der Unterschied zwischen Primärenergie und Strom?;Primärenergie steht in natürlichen Quellen oder Energieträgern zur Verfügung. Strom ist ein sekundärer Energieträger, der durch Umwandlung erzeugt wird.;What is the difference between primary energy and electricity?;Primary energy is available in natural sources or energy carriers. Electricity is a secondary energy carrier produced through conversion.;0
Energie;Energieträger und Stromerzeugung;Was sind fossile Energieträger?;Kohle, Erdöl und Erdgas sind fossile Energieträger. Sie entstanden aus organischem Material über geologische Zeiträume und sind auf menschlichen Zeitskalen nicht erneuerbar.;What are fossil fuels?;Coal, oil and natural gas are fossil fuels. They formed from organic material over geological timescales and are not renewable on human timescales.;0
Energie;Energieträger und Stromerzeugung;Wie entstehen Kohle, Erdöl und Erdgas?;Sie entstanden überwiegend aus organischem Material, das unter Druck, Wärme und teilweise ohne Sauerstoff über Millionen Jahre umgewandelt wurde.;How do coal, oil and natural gas form?;They mostly formed from organic material that was transformed over millions of years under pressure, heat and, in part, without oxygen.;0
Energie;Energieträger und Stromerzeugung;Was sind erneuerbare Energien?;Erneuerbare Energien stammen aus Quellen, die sich auf menschlichen Zeitskalen erneuern oder dauerhaft verfügbar sind. Dazu gehören Sonne, Wind, Wasser, Biomasse und Geothermie.;What are renewable energies?;Renewable energies come from sources that renew themselves on human timescales or are permanently available. These include sun, wind, water, biomass and geothermal energy.;0
Energie;Energieträger und Stromerzeugung;Was ist Photovoltaik?;Photovoltaik wandelt Licht mithilfe von Solarzellen direkt in elektrische Energie um. Die Leistung hängt unter anderem von Einstrahlung, Temperatur, Ausrichtung und Anlagengröße ab.;What is photovoltaics?;Photovoltaics converts light directly into electrical energy using solar cells. Output depends, among other things, on irradiance, temperature, orientation and system size.;0
Energie;Energieträger und Stromerzeugung;Was ist Windenergie?;Windenergie nutzt die Bewegungsenergie der Luft. Rotorblätter treiben über eine Welle und meist einen Generator eine elektrische Maschine an.;What is wind energy?;Wind energy uses the kinetic energy of moving air. Rotor blades drive an electrical machine, usually a generator, via a shaft.;0
Energie;Energieträger und Stromerzeugung;Warum schwankt die Leistung von Wind- und Solaranlagen?;Wind und Sonneneinstrahlung sind zeitlich und örtlich veränderlich. Deshalb schwankt die erzeugte Leistung und muss im Stromsystem ausgeglichen werden.;Why does the output of wind and solar plants fluctuate?;Wind and solar irradiance vary over time and place. That is why the electricity generated fluctuates and has to be balanced within the power system.;0
Energie;Energieträger und Stromerzeugung;Was ist der Unterschied zwischen Leistung und Ertrag einer Anlage?;Leistung ist die momentane Abgabeleistung. Ertrag ist die über einen Zeitraum erzeugte Energiemenge, zum Beispiel die Jahresproduktion in MWh.;What is the difference between a plant's power and its yield?;Power is the instantaneous output. Yield is the amount of energy generated over a period, for example annual production in MWh.;0
Energie;Energieträger und Stromerzeugung;Warum kann Biomasse erneuerbar sein?;Biomasse kann erneuerbar sein, wenn sie nachhaltig nachwächst und nicht schneller verbraucht wird, als sie sich regeneriert. Die Klimabilanz hängt von Anbau, Transport und Nutzung ab.;Why can biomass be renewable?;Biomass can be renewable if it regrows sustainably and is not used up faster than it regenerates. Its climate footprint depends on cultivation, transport and use.;0
Energie;Energieträger und Stromerzeugung;Was ist Geothermie?;Geothermie nutzt die Wärme aus dem Erdinneren. Sie kann direkt zum Heizen oder über geeignete Kraftwerke zur Stromerzeugung genutzt werden.;What is geothermal energy?;Geothermal energy uses heat from inside the Earth. It can be used directly for heating or, via suitable plants, to generate electricity.;0
Energie;Energieträger und Stromerzeugung;Was macht ein Generator?;Ein Generator wandelt mechanische Energie in elektrische Energie um. Turbinen oder Windrotoren können den Generator antreiben.;What does a generator do?;A generator converts mechanical energy into electrical energy. Turbines or wind rotors can drive the generator.;0
Energie;Energieträger und Stromerzeugung;Was ist ein Kraftwerk?;Ein Kraftwerk wandelt eine Energieform in elektrische Energie um. Die Energie kann aus Brennstoffen, Kernenergie, Wasser, Wind oder Sonne stammen.;What is a power plant?;A power plant converts a form of energy into electrical energy. That energy can come from fuels, nuclear energy, water, wind or sun.;0
Energie;Energieträger und Stromerzeugung;Was ist der Unterschied zwischen installierter Leistung und Erzeugung?;Installierte Leistung ist die maximal vorgesehene Leistung einer Anlage. Erzeugung ist die tatsächlich produzierte Energiemenge über einen Zeitraum.;What is the difference between installed capacity and generation?;Installed capacity is the maximum power a plant is designed for. Generation is the amount of energy actually produced over a period.;0
Energie;Energieträger und Stromerzeugung;Was bedeutet Nennleistung?;Die Nennleistung ist die Leistung, für die eine Anlage oder ein Gerät ausgelegt und spezifiziert ist. Sie ist nicht automatisch die dauerhaft tatsächlich erzeugte Leistung.;What does rated power mean?;Rated power is the power a plant or device is designed and specified for. It is not automatically the power actually produced continuously.;0
Energie;Energieträger und Stromerzeugung;Was ist ein Batteriespeicher?;Ein Batteriespeicher nimmt elektrische Energie elektrochemisch auf und gibt sie später wieder ab. Beim Laden und Entladen entstehen Umwandlungsverluste.;What is a battery storage system?;A battery storage system absorbs electrical energy electrochemically and releases it again later. Conversion losses occur during both charging and discharging.;0
Energie;Energieträger und Stromerzeugung;Warum braucht ein Stromsystem Flexibilität?;Flexibilität ermöglicht es, Erzeugung, Verbrauch oder Speicherung zeitlich anzupassen. Sie hilft, Schwankungen und Prognosefehler auszugleichen.;Why does a power system need flexibility?;Flexibility makes it possible to adjust generation, consumption or storage over time. It helps balance fluctuations and forecast errors.;0
Energie;Energieträger und Stromerzeugung;Was ist Residuallast?;Residuallast ist die verbleibende Last nach Abzug der Einspeisung ausgewählter erneuerbarer Anlagen, insbesondere Wind und Photovoltaik.;What is residual load?;Residual load is the remaining load after subtracting the feed-in of selected renewable plants, especially wind and photovoltaics.;0
Energie;Energieträger und Stromerzeugung;Was bedeutet Abregelung?;Abregelung bedeutet, dass eine Anlage weniger Leistung einspeist, als sie unter den aktuellen Bedingungen erzeugen könnte. Gründe können Netzengpässe oder ein Überangebot sein.;What does curtailment mean?;Curtailment means a plant feeds in less power than it could generate under current conditions. Reasons can include grid bottlenecks or oversupply.;0
Energie;Energieträger und Stromerzeugung;Wie viel Strom verbraucht ein durchschnittlicher Haushalt in Deutschland?;Als grober Lernwert gelten etwa 3.000 bis 4.000 kWh pro Jahr für einen Haushalt ohne elektrische Raumheizung. Die tatsächliche Menge hängt vor allem von Haushaltsgröße, Wohnfläche, Warmwasser, Heizung und Elektroauto ab. Das ist ein Richtwert, kein fester amtlicher Einzelwert.;How much electricity does an average household in Germany use?;A rough rule of thumb is about 3,000 to 4,000 kWh per year for a household without electric space heating. The actual amount depends mainly on household size, living area, hot water, heating and an electric car. This is a guideline, not a fixed official single value.;0
Energie;Energieträger und Stromerzeugung;Wie viel sind 3.500 kWh im Monat und pro Tag?;3.500 kWh pro Jahr entsprechen im Mittel rund 292 kWh pro Monat oder 9,6 kWh pro Tag. Der echte Verbrauch schwankt: Kühlschrank und Stand-by laufen ständig, Kochen und Waschen fallen zu bestimmten Zeiten an.;How much is 3,500 kWh per month and per day?;3,500 kWh per year equals on average about 292 kWh per month or 9.6 kWh per day. Real consumption fluctuates: the fridge and standby devices run constantly, while cooking and laundry happen at certain times.;0
Energie;Energieträger und Stromerzeugung;Was ist der Unterschied zwischen Haushaltsverbrauch und dem Stromverbrauch Deutschlands?;Ein Haushalt ist nur ein Teil des Systems. Deutschland umfasst zusätzlich Industrie, Gewerbe, Verkehr, öffentliche Einrichtungen, Netzverluste sowie Importe und Exporte. Deshalb kann man Haushaltswerte nicht einfach mit dem nationalen Stromwert gleichsetzen.;What is the difference between household consumption and Germany's electricity consumption?;A household is only one part of the system. Germany also includes industry, commerce, transport, public facilities, grid losses, plus imports and exports. That is why household figures cannot simply be equated with the national electricity figure.;0
Energie;Energieträger und Stromerzeugung;Wie groß war die deutsche Stromerzeugung 2025 ungefähr?;Die Bundesnetzagentur meldete für 2025 rund 437,6 TWh tatsächliche Netto-Stromerzeugung. Das ist eine Systemgröße und nicht der Verbrauch eines einzelnen Haushalts. Die Definition von SMARD berücksichtigt unter anderem nicht jede private Eigenversorgung.;Roughly how large was German electricity generation in 2025?;The Bundesnetzagentur reported about 437.6 TWh of actual net electricity generation for 2025. That is a system-wide figure, not the consumption of a single household. SMARD's definition does not, among other things, capture every form of private self-supply.;0
Energie;Energieträger und Stromerzeugung;Wie viel sind 437,6 TWh in kWh?;437,6 TWh entsprechen 437,6 Milliarden kWh. Eine TWh enthält eine Milliarde kWh. Die Größenordnung zeigt, warum nationale Strommengen in TWh und nicht in kWh angegeben werden.;How much is 437.6 TWh in kWh?;437.6 TWh equals 437.6 billion kWh. One TWh contains one billion kWh. This scale shows why national electricity volumes are given in TWh rather than kWh.;0
Energie;Energieträger und Stromerzeugung;Wie kann man die deutsche Strommenge pro Kopf grob vergleichen?;Teilt man 437,6 TWh rechnerisch durch rund 84 Millionen Einwohner, erhält man etwa 5.200 kWh pro Person und Jahr. Das ist ein Wert der nationalen Stromerzeugung pro Kopf, nicht der persönliche Haushaltsverbrauch.;How can you roughly compare Germany's electricity volume per capita?;Dividing 437.6 TWh by roughly 84 million residents gives about 5,200 kWh per person per year. This is a figure for national electricity generation per capita, not personal household consumption.;0
Energie;Energieträger und Stromerzeugung;Was bedeuteten die SMARD-Zahlen zur Stromerzeugung 2025?;SMARD beziehungsweise die Bundesnetzagentur meldeten für 2025 rund 257,5 TWh erneuerbare Erzeugung und einen Anteil von 58,8 % an der dort definierten Netto-Erzeugung. Die Bezugsgröße und der Datenstand müssen immer mitgelesen werden.;What did the SMARD figures on 2025 electricity generation show?;SMARD, via the Bundesnetzagentur, reported about 257.5 TWh of renewable generation for 2025 and a share of 58.8% of the net generation as defined there. The reference basis and data status always need to be read alongside the figure.;0
Energie;Energieträger und Stromerzeugung;Was ist der Unterschied zwischen einer Leistung von 1 GW und einer Energie von 1 GWh?;1 GW beschreibt eine Leistung. Wenn diese Leistung eine Stunde lang abgegeben wird, entstehen 1 GWh Energie. Läuft eine Anlage mit 1 GW rechnerisch ein ganzes Jahr durch, wären es 8,76 TWh.;What is the difference between a power of 1 GW and an energy of 1 GWh?;1 GW describes a power. If that power is delivered for one hour, 1 GWh of energy results. If a plant ran at 1 GW continuously for a whole year, that would be 8.76 TWh.;0
Energie;Energieträger und Stromerzeugung;Was ist Kohle und wie ist sie entstanden?;Kohle ist ein fester fossiler Brennstoff aus versteinerten Pflanzenresten. Vor vielen Millionen Jahren versanken Pflanzen in Sümpfen, wurden von Schichten bedeckt und unter Druck und Hitze langsam zu Kohle. Man unterscheidet vor allem energiereiche Steinkohle und feuchtere, energieärmere Braunkohle.;What is coal and how did it form?;Coal is a solid fossil fuel made from fossilised plant remains. Many millions of years ago, plants sank into swamps, were buried under layers and slowly turned into coal under pressure and heat. The main types are energy-rich hard coal and moister, lower-energy lignite (brown coal).;0
Energie;Energieträger und Stromerzeugung;Wie wird Kohle gewonnen und wie lange nutzt der Mensch sie schon?;Kohle wird im Tagebau nahe der Oberfläche oder im Bergbau tief unter der Erde abgebaut. In großem Maßstab nutzt der Mensch sie seit der Industrialisierung im 18. und 19. Jahrhundert, als Dampfmaschinen viel Brennstoff brauchten. Weltweit gibt es noch große Kohlevorräte, sie gilt aber als besonders klimaschädlich.;How is coal extracted and how long have humans used it?;Coal is mined in open pits near the surface or deep underground. Humans have used it on a large scale since industrialisation in the 18th and 19th centuries, when steam engines needed a lot of fuel. Large coal reserves still exist worldwide, but coal is considered especially harmful to the climate.;0
Energie;Energieträger und Stromerzeugung;Was ist Erdöl und wie ist es entstanden?;Erdöl ist eine fossile Flüssigkeit aus winzigen Meereslebewesen, die vor Millionen Jahren am Meeresgrund versanken. Unter Schichten, Druck und Hitze wurden sie langsam zu Öl. Aus Erdöl macht man Kraftstoffe wie Benzin und Diesel, aber auch Kunststoffe.;What is crude oil and how did it form?;Crude oil is a fossil liquid made from tiny sea creatures that sank to the seabed millions of years ago. Under layers, pressure and heat they slowly turned into oil. Crude oil is used to make fuels such as petrol and diesel, but also plastics.;0
Energie;Energieträger und Stromerzeugung;Wie wird Erdöl gewonnen und wie knapp ist es?;Erdöl wird über Bohrungen an Land und im Meer gefördert und dann in Raffinerien in verschiedene Produkte getrennt. Es ist begrenzt und ungleich über die Welt verteilt, weshalb es politisch und wirtschaftlich sehr wichtig ist. In großem Maßstab wird es seit dem späten 19. Jahrhundert genutzt.;How is crude oil extracted and how scarce is it?;Crude oil is produced through wells on land and at sea and then separated into different products in refineries. It is limited and unevenly distributed around the world, which makes it politically and economically very important. It has been used on a large scale since the late 19th century.;0
Energie;Energieträger und Stromerzeugung;Was ist Erdgas und wofür wird es genutzt?;Erdgas ist ein fossiler Brennstoff, der vor allem aus Methan besteht. Es entstand ähnlich wie Erdöl aus abgestorbenen Lebewesen. Man nutzt es zum Heizen, für Industrieprozesse und in Kraftwerken zur Stromerzeugung. Beim Verbrennen entsteht weniger CO2 als bei Kohle, es bleibt aber ein fossiler Energieträger.;What is natural gas and what is it used for?;Natural gas is a fossil fuel made mainly of methane. It formed much like crude oil from dead organisms. It is used for heating, for industrial processes and in power plants to generate electricity. Burning it produces less CO2 than coal, but it is still a fossil fuel.;0
Energie;Energieträger und Stromerzeugung;Was ist LNG und warum spielt es eine Rolle?;LNG steht für verflüssigtes Erdgas. Gas wird auf etwa minus 162 Grad Celsius abgekühlt, dadurch wird es flüssig und schrumpft stark im Volumen. So lässt es sich mit Schiffen über weite Strecken transportieren, statt nur durch Pipelines. Für Deutschland wurde LNG wichtig, um Gas aus verschiedenen Ländern zu beziehen.;What is LNG and why does it matter?;LNG stands for liquefied natural gas. Gas is cooled to about minus 162 degrees Celsius, which turns it liquid and shrinks its volume dramatically. This lets it be shipped over long distances instead of only through pipelines. LNG became important for Germany as a way to source gas from various countries.;0
Energie;Energieträger und Stromerzeugung;Was ist Kernenergie und wie entsteht daraus Strom?;Bei der Kernenergie werden Atomkerne des Brennstoffs Uran gespalten. Dabei wird sehr viel Wärme frei. Diese Wärme erzeugt Dampf, der eine Turbine und einen Generator antreibt, ganz ähnlich wie in einem Kohlekraftwerk, nur ohne Verbrennung. Im Betrieb entsteht dabei fast kein CO2, aber radioaktiver Abfall.;What is nuclear energy and how does it make electricity?;In nuclear energy, the nuclei of the fuel uranium are split. This releases a great deal of heat. The heat produces steam that drives a turbine and a generator, much like in a coal plant but without combustion. During operation almost no CO2 is produced, but radioactive waste is.;0
Energie;Energieträger und Stromerzeugung;Was ist Uran, wie selten ist es und seit wann nutzt man Kernkraft?;Uran ist ein schweres, natürlich vorkommendes Metall, das in geringer Konzentration in Gestein steckt und bergmännisch gewonnen wird. Nur ein kleiner Teil des natürlichen Urans ist gut spaltbar und muss angereichert werden. Zur Stromerzeugung wird Kernkraft seit den 1950er-Jahren genutzt. Ein Vorteil ist die sehr hohe Energiedichte: Eine kleine Menge Uran liefert sehr viel Energie.;What is uranium, how rare is it, and since when has nuclear power been used?;Uranium is a heavy, naturally occurring metal found in low concentrations in rock and extracted by mining. Only a small part of natural uranium splits easily and must be enriched. Nuclear power has been used to generate electricity since the 1950s. One advantage is its very high energy density: a small amount of uranium delivers a great deal of energy.;0
Energie;Energieträger und Stromerzeugung;Was ist Wasserkraft und warum ist ihr Wirkungsgrad so hoch?;Wasserkraft nutzt bewegtes Wasser, das eine Turbine antreibt. Weil das Wasser die Turbine direkt mechanisch bewegt und keine Wärme im Spiel ist, gelten hier die Verluste der Wärmekraftwerke nicht. Deshalb erreicht Wasserkraft Wirkungsgrade von rund 90 Prozent. Sie ist erneuerbar und gut regelbar, aber an geeignete Flüsse und Höhenunterschiede gebunden.;What is hydropower and why is its efficiency so high?;Hydropower uses moving water to drive a turbine. Because the water moves the turbine directly and no heat is involved, the losses of thermal power plants do not apply. That is why hydropower reaches efficiencies of around 90 percent. It is renewable and easy to control, but tied to suitable rivers and differences in height.;0
Energie;Energieträger und Stromerzeugung;Was ist Biogas und wie wird es gewonnen?;Biogas entsteht, wenn Mikroorganismen organisches Material wie Gülle, Mist oder Pflanzenreste ohne Sauerstoff abbauen. Dabei bildet sich vor allem Methan, das man wie Erdgas zum Heizen oder zur Stromerzeugung nutzen kann. Biogas gilt als erneuerbar, weil die Pflanzen beim Wachsen vorher CO2 aufgenommen haben.;What is biogas and how is it produced?;Biogas forms when microorganisms break down organic material such as slurry, manure or plant residues without oxygen. This mainly produces methane, which can be used like natural gas for heating or generating electricity. Biogas is considered renewable because the plants absorbed CO2 while growing.;0
Energie;Energieträger und Stromerzeugung;Was ist Wasserstoff als Energieträger?;Wasserstoff ist das leichteste Gas und dient als Energiespeicher, nicht als Energiequelle. Man muss ihn erst mit Energie herstellen, meist aus Wasser. Verbrennt oder verstromt man ihn wieder, entsteht als Abgas nur Wasser. Wasserstoff ist interessant, weil man mit ihm Energie speichern und transportieren kann, wenn gerade viel Strom aus Wind und Sonne da ist.;What is hydrogen as an energy carrier?;Hydrogen is the lightest gas and serves as an energy store, not an energy source. You first have to make it using energy, usually from water. When it is burned or converted back to electricity, the only exhaust is water. Hydrogen is interesting because it lets you store and transport energy when there is a lot of wind and solar power available.;0
Energie;Energieträger und Stromerzeugung;Was ist Elektrolyse?;Elektrolyse ist ein Verfahren, das mit elektrischem Strom Wasser in seine Bestandteile Wasserstoff und Sauerstoff zerlegt. Nutzt man dafür Strom aus Wind oder Sonne, spricht man von grünem Wasserstoff. So kann überschüssiger Ökostrom in einen speicherbaren Brennstoff umgewandelt werden.;What is electrolysis?;Electrolysis is a process that uses electric current to split water into its parts, hydrogen and oxygen. If the electricity comes from wind or sun, the result is called green hydrogen. This lets surplus renewable electricity be turned into a storable fuel.;0
Energie;Energieträger und Stromerzeugung;Was sind E-Fuels?;E-Fuels sind künstlich hergestellte Kraftstoffe. Man gewinnt zuerst Wasserstoff durch Elektrolyse und verbindet ihn mit CO2 zu flüssigen Kraftstoffen, die Benzin oder Diesel ähneln. Der Vorteil ist, dass man sie in vorhandenen Motoren und Tanks nutzen kann. Der Nachteil ist, dass viel Strom nötig ist und dadurch der Gesamtwirkungsgrad niedrig ausfällt.;What are e-fuels?;E-fuels are synthetically produced fuels. First hydrogen is obtained through electrolysis, then combined with CO2 to make liquid fuels similar to petrol or diesel. The advantage is that they work in existing engines and tanks. The drawback is that a lot of electricity is needed, which makes the overall efficiency low.;0
Energie;Energieträger und Stromerzeugung;Warum ist der Wirkungsgrad von Wasserstoff und E-Fuels ein Thema?;Bei jeder Umwandlung geht Energie verloren. Bei grünem Wasserstoff kommt am Ende oft nur rund die Hälfte der eingesetzten Stromenergie an, bei E-Fuels häufig nur ein Fünftel bis ein Viertel. Ein Elektroauto nutzt den Strom viel direkter. Deshalb setzt man Wasserstoff und E-Fuels vor allem dort ein, wo Batterien schlecht passen, etwa in Industrie, Schiffen oder Flugzeugen.;Why is the efficiency of hydrogen and e-fuels an issue?;"Energy is lost at every conversion step. With green hydrogen, often only about half of the electricity used arrives in the end; with e-fuels frequently only a fifth to a quarter. An electric car uses the electricity far more directly. That is why hydrogen and e-fuels are used mainly where batteries fit poorly, such as in industry, ships or aircraft.";0
Energie;Energieträger und Stromerzeugung;Was ist eine Brennstoffzelle?;Eine Brennstoffzelle wandelt Wasserstoff direkt in Strom um, ohne ihn zu verbrennen. Sie ist gewissermaßen das Gegenstück zur Elektrolyse. Als Abgas entsteht nur Wasser. Brennstoffzellen werden zum Beispiel in manchen Fahrzeugen und zur Notstromversorgung eingesetzt.;What is a fuel cell?;A fuel cell converts hydrogen directly into electricity without burning it. It is in effect the reverse of electrolysis. The only exhaust is water. Fuel cells are used, for example, in some vehicles and for backup power.;0
Energie;Energieträger und Stromerzeugung;Was bedeuten die Farben bei Wasserstoff, etwa grün und grau?;Die Farben beschreiben, wie der Wasserstoff hergestellt wurde. Grüner Wasserstoff entsteht per Elektrolyse mit Strom aus erneuerbaren Quellen. Grauer Wasserstoff wird aus Erdgas gewonnen und setzt dabei CO2 frei. Blauer Wasserstoff stammt ebenfalls aus Erdgas, das CO2 wird aber abgeschieden und gespeichert. Die Farbe sagt also etwas über die Klimawirkung.;What do the colours of hydrogen mean, such as green and grey?;The colours describe how the hydrogen was produced. Green hydrogen is made by electrolysis using electricity from renewable sources. Grey hydrogen is made from natural gas and releases CO2 in the process. Blue hydrogen also comes from natural gas, but the CO2 is captured and stored. So the colour says something about the climate impact.;0
Energie;Energieträger und Stromerzeugung;Was ist ein Pumpspeicherkraftwerk?;Ein Pumpspeicherkraftwerk speichert Energie mit Wasser. Bei Stromüberschuss pumpt es Wasser in ein höher gelegenes Becken. Wird Strom gebraucht, lässt man das Wasser wieder nach unten durch eine Turbine fließen. Es ist heute die wichtigste großtechnische Möglichkeit, größere Mengen Strom zu speichern, und ergänzt Batteriespeicher.;What is a pumped-storage power plant?;A pumped-storage plant stores energy using water. When there is surplus electricity, it pumps water up into a higher reservoir. When electricity is needed, the water is released back down through a turbine. Today it is the most important large-scale way to store larger amounts of electricity, complementing battery storage.;0
Energie;Energieträger und Stromerzeugung;Wie kann man fossile, erneuerbare und nukleare Energieträger grob einordnen?;Fossile Energieträger wie Kohle, Erdöl und Erdgas sind gespeicherte Sonnenenergie aus der Urzeit, gut speicherbar, aber begrenzt und klimaschädlich. Erneuerbare wie Wind, Sonne und Wasser sind praktisch unerschöpflich und klimafreundlich, dafür teils schwankend. Kernenergie liefert im Betrieb fast CO2-frei viel Strom, erzeugt aber radioaktiven Abfall. Diese drei Gruppen unterscheiden sich in Verfügbarkeit, Klimawirkung und Steuerbarkeit.;How can you roughly classify fossil, renewable and nuclear energy sources?;Fossil fuels such as coal, oil and gas are stored solar energy from ancient times, easy to store but limited and harmful to the climate. Renewables such as wind, sun and water are practically inexhaustible and climate-friendly, but partly variable. Nuclear energy delivers a lot of electricity with almost no CO2 during operation, but produces radioactive waste. These three groups differ in availability, climate impact and controllability.;0
Energie;Energieträger und Stromerzeugung;Was bedeutet grundlastfähig und welche Energieträger sind es?;Grundlastfähig heißt, dass eine Anlage rund um die Uhr eine gleichmäßige Leistung liefern kann, unabhängig vom Wetter. Kohle-, Gas-, Kern- und Wasserkraftwerke können das grundsätzlich. Wind und Sonne sind es nicht, weil sie vom Wetter abhängen. Deshalb braucht ein System mit viel Wind und Sonne zusätzlich Speicher und flexible Kraftwerke.;What does baseload-capable mean and which sources are?;Baseload-capable means a plant can deliver steady output around the clock, regardless of the weather. Coal, gas, nuclear and hydro plants can generally do this. Wind and sun cannot, because they depend on the weather. That is why a system with a lot of wind and sun also needs storage and flexible power plants.;0
Energie;Stromnetz und Übertragungsnetz;Welche Hauptbereiche hat ein Stromsystem?;Ein Stromsystem umfasst Erzeugung, Übertragung, Verteilung und Verbrauch. Zusätzlich gehören Messung, Marktprozesse, Systemführung und Regelung dazu.;What are the main parts of a power system?;A power system covers generation, transmission, distribution and consumption. It also includes metering, market processes, system operation and control.;0
Energie;Stromnetz und Übertragungsnetz;Was ist ein Übertragungsnetz?;Das Übertragungsnetz transportiert große elektrische Leistungen über weite Entfernungen. Es arbeitet mit sehr hohen Spannungen und verbindet Regionen, Erzeugungszentren und Nachbarländer.;What is a transmission grid?;The transmission grid carries large amounts of electrical power over long distances. It operates at very high voltages and connects regions, generation centres and neighbouring countries.;0
Energie;Stromnetz und Übertragungsnetz;Was ist ein Verteilnetz?;Das Verteilnetz verteilt elektrische Energie von Umspannwerken zu Gewerbe, Industrie und Haushalten.;What is a distribution grid?;The distribution grid distributes electrical energy from substations to commerce, industry and households.;0
Energie;Stromnetz und Übertragungsnetz;Welche Spannungsebenen gibt es?;Man unterscheidet grundsätzlich Höchstspannung, Hochspannung, Mittelspannung und Niederspannung. Die genauen Spannungswerte können je nach Netz und Anwendung variieren.;What voltage levels are there?;The basic distinction is between extra-high, high, medium and low voltage. The exact voltage values can vary depending on the grid and application.;0
Energie;Stromnetz und Übertragungsnetz;Was ist ein Freileitungsmast?;Ein Freileitungsmast trägt Leiterseile und hält sie mit ausreichendem Abstand zu Boden und anderen Bauteilen.;What is an overhead line pylon?;An overhead line pylon carries conductor cables and keeps them at a safe distance from the ground and other structures.;0
Energie;Stromnetz und Übertragungsnetz;Was ist ein Leiterseil?;Ein Leiterseil führt den elektrischen Strom einer Freileitung. Es besteht häufig aus Aluminium oder Aluminiumlegierungen und kann mechanisch verstärkt sein.;What is a conductor cable?;A conductor cable carries the electric current of an overhead line. It is often made of aluminium or aluminium alloys and can be mechanically reinforced.;0
Energie;Stromnetz und Übertragungsnetz;Was machen Isolatoren?;Isolatoren halten Leiterseile am Mast und isolieren sie elektrisch vom Mast. Dadurch wird ein Stromfluss zur Erde verhindert.;What do insulators do?;Insulators hold conductor cables on the pylon and electrically insulate them from it, preventing current from flowing to the ground.;0
Energie;Stromnetz und Übertragungsnetz;Was ist ein Erdkabel?;Ein Erdkabel führt elektrische Energie unterirdisch. Es benötigt Isolation, mechanischen Schutz und ausreichende Wärmeabfuhr.;What is an underground cable?;An underground cable carries electrical energy below ground. It needs insulation, mechanical protection and sufficient heat dissipation.;0
Energie;Stromnetz und Übertragungsnetz;Was ist ein Umspannwerk?;Ein Umspannwerk verbindet Netzebenen oder Leitungen. Dort kann die Spannung verändert, geschaltet, gemessen und geschützt werden.;What is a substation?;A substation connects grid levels or lines. There, voltage can be changed, switched, measured and protected.;0
Energie;Stromnetz und Übertragungsnetz;Was ist eine Schaltanlage?;Eine Schaltanlage verbindet, schützt und schaltet elektrische Betriebsmittel. Dazu gehören unter anderem Sammelschienen, Leistungsschalter und Messwandler.;What is a switchgear installation?;A switchgear installation connects, protects and switches electrical equipment. This includes busbars, circuit breakers and instrument transformers, among other things.;0
Energie;Stromnetz und Übertragungsnetz;Was macht ein Leistungsschalter?;Ein Leistungsschalter kann Stromkreise im Normalbetrieb und bei Fehlern schalten. Bei einem Kurzschluss kann er den Fehlerstrom sicher unterbrechen.;What does a circuit breaker do?;A circuit breaker can switch circuits during normal operation and during faults. In the event of a short circuit, it can safely interrupt the fault current.;0
Energie;Stromnetz und Übertragungsnetz;Was macht ein Schutzrelais?;Ein Schutzrelais überwacht elektrische Größen und erkennt unzulässige Zustände. Es kann einen Leistungsschalter auslösen und den Fehler begrenzen.;What does a protection relay do?;A protection relay monitors electrical quantities and detects impermissible conditions. It can trip a circuit breaker and limit the fault.;0
Energie;Stromnetz und Übertragungsnetz;Was ist eine Sammelschiene?;Eine Sammelschiene ist ein leitfähiger Verbindungspunkt in einer Schaltanlage. Über sie werden mehrere Leitungen oder Betriebsmittel verbunden.;What is a busbar?;A busbar is a conductive connection point in a switchgear installation. Several lines or pieces of equipment are connected through it.;0
Energie;Stromnetz und Übertragungsnetz;Warum wird Spannung für den Transport erhöht?;Bei gleicher Leistung führt eine höhere Spannung zu einem kleineren Strom. Dadurch sinken die ohmschen Leitungsverluste, die ungefähr mit I² · R wachsen.;Why is voltage raised for transport?;For the same power, a higher voltage results in a lower current. This reduces resistive line losses, which grow roughly with I² · R.;0
Energie;Stromnetz und Übertragungsnetz;Was ist ein Messwandler?;Ein Messwandler bildet hohe Spannungen oder Ströme auf kleinere messbare Werte ab. So können Mess- und Schutzgeräte sicher angeschlossen werden.;What is an instrument transformer?;An instrument transformer scales down high voltages or currents to smaller, measurable values, so metering and protection devices can be connected safely.;0
Energie;Stromnetz und Übertragungsnetz;Was macht ein Übertragungsnetzbetreiber?;Ein Übertragungsnetzbetreiber betreibt das Höchstspannungsnetz, hält die Systemsicherheit aufrecht, koordiniert Stromflüsse und sorgt für den Ausgleich von Erzeugung und Verbrauch.;What does a transmission system operator do?;A transmission system operator runs the extra-high-voltage grid, maintains system security, coordinates power flows and helps balance generation and consumption.;0
Energie;Stromnetz und Übertragungsnetz;Was macht TenneT grundsätzlich?;TenneT ist ein Übertragungsnetzbetreiber. TenneT betreibt Übertragungsnetze, überwacht den Systemzustand und koordiniert Maßnahmen für einen sicheren Netzbetrieb.;What does TenneT do, in general terms?;TenneT is a transmission system operator. TenneT operates transmission grids, monitors the state of the system and coordinates measures for secure grid operation.;0
Energie;Stromnetz und Übertragungsnetz;Was macht 50Hertz grundsätzlich?;50Hertz ist ein Übertragungsnetzbetreiber. Das Unternehmen betreibt einen Teil des deutschen Übertragungsnetzes und koordiniert Maßnahmen für einen sicheren Stromtransport.;What does 50Hertz do, in general terms?;50Hertz is a transmission system operator. The company operates part of the German transmission grid and coordinates measures for secure power transport.;0
Energie;Stromnetz und Übertragungsnetz;Was bedeutet das N-1-Prinzip?;Das N-1-Prinzip bedeutet, dass der Ausfall eines einzelnen wichtigen Betriebsmittels beherrschbar sein soll, ohne dass die Systemsicherheit verloren geht.;What does the N-1 principle mean?;The N-1 principle means that the failure of a single important piece of equipment should be manageable without losing system security.;0
Energie;Stromnetz und Übertragungsnetz;Was ist ein Netzengpass?;Ein Netzengpass liegt vor, wenn eine Leitung oder ein anderes Betriebsmittel seine thermischen, elektrischen oder stabilitätsbedingten Grenzen erreicht.;What is a grid bottleneck?;A grid bottleneck occurs when a line or other piece of equipment reaches its thermal, electrical or stability-related limits.;0
Energie;Stromnetz und Übertragungsnetz;Was passiert bei zu wenig Erzeugungsleistung?;Bei zu wenig Erzeugungsleistung sinkt die Netzfrequenz tendenziell. Regelreserven müssen zusätzliche Leistung bereitstellen oder Verbrauch muss angepasst werden.;What happens when there is too little generation capacity?;When generation capacity is too low, the grid frequency tends to drop. Control reserves must supply additional power, or consumption must be adjusted.;0
Energie;Stromnetz und Übertragungsnetz;Was ist Systemführung?;Systemführung umfasst die Überwachung, Bewertung und Steuerung des Stromnetzes. Dazu gehören Messungen, Prognosen, Schalthandlungen und Sicherheitsmaßnahmen.;What is system operation?;System operation covers the monitoring, assessment and control of the power grid. This includes measurements, forecasts, switching actions and safety measures.;0
Energie;Stromnetz und Übertragungsnetz;Was ist HGÜ?;HGÜ bedeutet Hochspannungs-Gleichstrom-Übertragung. Sie wird für große Leistungen über lange Entfernungen oder für bestimmte Seekabelverbindungen eingesetzt.;What is HVDC?;HVDC stands for High-Voltage Direct Current. It is used for large amounts of power over long distances or for certain submarine cable connections.;0
Energie;Stromnetz und Übertragungsnetz;Was ist ein Konverter bei einer HGÜ-Verbindung?;Ein Konverter wandelt Wechselstrom in Gleichstrom oder Gleichstrom in Wechselstrom um. Dadurch kann die HGÜ-Verbindung an Wechselstromnetze angeschlossen werden.;What is a converter in an HVDC link?;A converter turns alternating current into direct current, or direct current into alternating current. This lets the HVDC link connect to AC grids.;0
Energie;Stromnetz und Übertragungsnetz;Was ist ein Offshore-Netz?;Ein Offshore-Netz verbindet Erzeugungsanlagen auf See mit dem Land und kann mehrere Netzbereiche miteinander verbinden.;What is an offshore grid?;An offshore grid connects generation plants at sea to land and can link several grid areas together.;0
Energie;Stromnetz und Übertragungsnetz;Was ist Blindleistungskompensation und warum braucht man sie?;Weil Blindleistung die Leitungen belastet und die Spannung beeinflusst, wird sie möglichst dort erzeugt oder aufgenommen, wo sie gebraucht wird. Dafür nutzt man Geräte wie Kondensatoren, Drosseln oder moderne Anlagen wie STATCOM. Netzbetreiber setzen sie ein, um die Spannung im vorgeschriebenen Bereich zu halten und Leitungen zu entlasten.;What is reactive power compensation and why is it needed?;Because reactive power loads the lines and affects the voltage, it is generated or absorbed as close as possible to where it is needed. This is done with devices such as capacitors, reactors or modern equipment like STATCOM. Grid operators use them to keep the voltage within the required range and to relieve the lines.;0
Energie;Stromnetz und Übertragungsnetz;Was ist Spannungshaltung im Stromnetz?;Spannungshaltung bedeutet, die Spannung an jedem Punkt des Netzes in einem engen erlaubten Bereich zu halten. Wird zu viel oder zu wenig Leistung übertragen, kann die Spannung steigen oder sinken. Netzbetreiber gleichen das unter anderem mit Blindleistung, Transformatorstufen und Kompensationsanlagen aus. Stabile Spannung schützt Geräte und Netz.;What is voltage control in the power grid?;Voltage control means keeping the voltage at every point of the grid within a narrow permitted range. If too much or too little power is transmitted, the voltage can rise or fall. Grid operators balance this using reactive power, transformer tap changers and compensation equipment, among other things. Stable voltage protects both devices and the grid.;0
Energie;Stromnetz und Übertragungsnetz;Was ist ein Trennschalter und wie unterscheidet er sich vom Leistungsschalter?;Ein Leistungsschalter kann einen Stromkreis auch unter Last und im Fehlerfall schnell und sicher unterbrechen. Ein Trennschalter dagegen wird nur geschaltet, wenn kein Strom fließt, und stellt eine sichtbare, sichere Trennung her, etwa für Wartungsarbeiten. Beide zusammen sorgen für sicheres Schalten in Umspannwerken.;What is a disconnector and how does it differ from a circuit breaker?;A circuit breaker can interrupt a circuit quickly and safely even under load and during a fault. A disconnector, by contrast, is only operated when no current flows and creates a visible, safe separation, for example for maintenance work. Together they allow safe switching in substations.;0
Energie;Stromnetz und Übertragungsnetz;Was ist Schwarzstartfähigkeit?;Schwarzstartfähig ist ein Kraftwerk, das nach einem großflächigen Stromausfall ohne Strom von außen wieder anlaufen kann. Solche Kraftwerke sind wichtig, um nach einem Blackout Schritt für Schritt das Netz wieder aufzubauen. Nicht jedes Kraftwerk kann das, denn viele brauchen selbst erst Strom, um zu starten.;What is black-start capability?;A black-start-capable power plant can restart after a widespread blackout without electricity from outside. Such plants are important for rebuilding the grid step by step after a blackout. Not every plant can do this, because many need electricity themselves in order to start.;0
Energie;Strommarkt und Marktkommunikation;Was ist der Day-Ahead-Markt?;Am Day-Ahead-Markt werden Strommengen für den folgenden Tag gehandelt. Die Gebote werden vor dem Lieferzeitpunkt zusammengeführt.;What is the day-ahead market?;On the day-ahead market, electricity volumes are traded for the following day. Bids are matched before the delivery time.;0
Energie;Strommarkt und Marktkommunikation;Was ist der Intraday-Markt?;Am Intraday-Markt können Marktteilnehmer ihre Positionen näher am Lieferzeitpunkt anpassen. Das ist bei veränderten Prognosen besonders wichtig.;What is the intraday market?;On the intraday market, participants can adjust their positions closer to delivery time. This is especially important when forecasts change.;0
Energie;Strommarkt und Marktkommunikation;Was ist die Merit-Order?;Die Merit-Order ordnet verfügbare Kraftwerke nach ihren kurzfristigen Grenzkosten. Günstigere Angebote werden grundsätzlich zuerst berücksichtigt.;What is the merit order?;The merit order ranks available power plants by their short-term marginal costs. Cheaper offers are generally used first.;0
Energie;Strommarkt und Marktkommunikation;Warum kann der Strompreis steigen?;Der Preis kann steigen, wenn die Nachfrage hoch ist, günstige Erzeugung fehlt oder Brennstoff- und CO₂-Kosten steigen.;Why can the electricity price rise?;The price can rise when demand is high, cheap generation is unavailable, or fuel and CO₂ costs increase.;0
Energie;Strommarkt und Marktkommunikation;Warum können negative Strompreise entstehen?;Negative Preise können entstehen, wenn viel Strom angeboten wird, die Nachfrage gering ist und Anlagen oder Marktteilnehmer nicht kurzfristig reagieren können.;Why can negative electricity prices occur?;Negative prices can occur when a lot of electricity is on offer, demand is low, and plants or market participants cannot react quickly.;0
Energie;Strommarkt und Marktkommunikation;Was ist ein Bilanzkreis?;Ein Bilanzkreis ist eine virtuelle energiewirtschaftliche Einheit, in der Einspeisungen, Entnahmen und Handelsgeschäfte bilanziell zusammengefasst werden.;What is a balancing group?;A balancing group is a virtual energy-industry unit in which feed-in, withdrawal and trading transactions are combined for balancing purposes.;0
Energie;Strommarkt und Marktkommunikation;Was macht ein Bilanzkreisverantwortlicher?;Er plant und verantwortet die Fahrpläne seines Bilanzkreises. Abweichungen zwischen Planung und tatsächlicher Einspeisung oder Entnahme werden bilanziell ausgeglichen.;What does a balancing group manager do?;They plan and are responsible for their balancing group's schedules. Deviations between planned and actual feed-in or withdrawal are settled through balancing.;0
Energie;Strommarkt und Marktkommunikation;Was macht ein Stromlieferant?;Ein Stromlieferant verkauft Strom an Kunden und übernimmt die energiewirtschaftliche Belieferung. Er ist nicht automatisch Betreiber des lokalen Netzes.;What does an electricity supplier do?;An electricity supplier sells electricity to customers and takes on the commercial side of supply. It is not automatically the operator of the local grid.;0
Energie;Strommarkt und Marktkommunikation;Was ist ein Fahrplan?;Ein Fahrplan beschreibt, welche Leistung oder Energiemenge zu bestimmten Zeitpunkten voraussichtlich erzeugt, verbraucht oder ausgetauscht wird.;What is a schedule?;A schedule describes what power or amount of energy is expected to be generated, consumed or exchanged at particular times.;0
Energie;Strommarkt und Marktkommunikation;Was ist eine Regelzone?;Eine Regelzone ist ein abgegrenzter Netzbereich, für dessen Bilanz zwischen Erzeugung und Verbrauch ein Übertragungsnetzbetreiber verantwortlich ist.;What is a control area?;A control area is a defined grid region for whose balance between generation and consumption a transmission system operator is responsible.;0
Energie;Strommarkt und Marktkommunikation;Was bedeutet Marktkommunikation?;Marktkommunikation ist der standardisierte Austausch von Stammdaten, Messwerten, Lieferinformationen, Fahrplänen und Abrechnungsdaten zwischen Marktteilnehmern.;What does market communication mean?;Market communication is the standardised exchange of master data, meter readings, delivery information, schedules and billing data between market participants.;0
Energie;Strommarkt und Marktkommunikation;Warum braucht der Strommarkt standardisierte Prozesse?;Standardisierte Prozesse sorgen dafür, dass viele Marktteilnehmer Daten einheitlich austauschen und Lieferantenwechsel, Messung, Bilanzierung und Abrechnung nachvollziehbar ablaufen.;Why does the electricity market need standardised processes?;Standardised processes let many market participants exchange data consistently and make supplier switching, metering, balancing and billing traceable.;0
Energie;Strommarkt und Marktkommunikation;Was bedeutet MaBiS?;MaBiS steht für Marktprozesse für die Bilanzkreisabrechnung Strom. Die Prozesse regeln unter anderem die Zuordnung und den Austausch relevanter Energiemengen für die Bilanzkreisabrechnung.;What does MaBiS mean?;MaBiS stands for market processes for electricity balancing group settlement. Among other things, these processes govern the allocation and exchange of energy volumes relevant to balancing group settlement.;0
Energie;Strommarkt und Marktkommunikation;Was bedeutet GPKE?;GPKE steht für Geschäftsprozesse zur Kundenbelieferung mit Elektrizität. Die Prozesse beschreiben unter anderem Abläufe bei Belieferung und Lieferantenwechsel.;What does GPKE mean?;GPKE stands for business processes for supplying customers with electricity. Among other things, these processes describe procedures for supply and switching suppliers.;0
Energie;Strommarkt und Marktkommunikation;Was bedeutet WiM?;WiM steht für Wechselprozesse im Messwesen. Die Prozesse betreffen unter anderem den Wechsel oder die Zuordnung von Messstellenbetreibern.;What does WiM mean?;WiM stands for switching processes in metering. Among other things, these processes concern switching or assigning metering point operators.;0
Energie;Strommarkt und Marktkommunikation;Was ist eine Messlokation?;Eine Messlokation ist der Ort, an dem Energie gemessen wird. Die Messwerte werden Marktprozessen und Abrechnungen zugeordnet.;What is a metering location?;A metering location is the point where energy is measured. The readings are assigned to market processes and billing.;0
Energie;Strommarkt und Marktkommunikation;Was ist eine Marktlokation?;Eine Marktlokation ist eine Einheit, für die Energiemengen bilanziell oder vertraglich einem Marktpartner zugeordnet werden. Sie ist nicht dasselbe wie ein physischer Zähler.;What is a market location?;A market location is a unit to which amounts of energy are allocated, for balancing or contractual purposes, to a market partner. It is not the same as a physical meter.;0
Energie;Strommarkt und Marktkommunikation;Was sind Stammdaten?;Stammdaten sind relativ stabile Informationen über Marktobjekte, zum Beispiel eine Marktlokation, einen Netzanschluss oder einen Vertragspartner.;What is master data?;Master data is relatively stable information about market objects, for example a market location, a grid connection or a contract partner.;0
Energie;Strommarkt und Marktkommunikation;Warum sind Viertelstundenwerte wichtig?;Viertelstundenwerte bilden zeitliche Veränderungen von Erzeugung und Verbrauch genauer ab. Sie werden für Prognosen, Bilanzierung und bestimmte Abrechnungsprozesse verwendet.;Why do quarter-hour values matter?;Quarter-hour values capture changes in generation and consumption over time more precisely. They are used for forecasting, balancing and certain billing processes.;0
Energie;Strommarkt und Marktkommunikation;Was bedeutet Bilanzierung?;Bilanzierung vergleicht geplante und tatsächliche Energiemengen. Ziel ist, Abweichungen zwischen Einspeisung und Entnahme festzustellen und auszugleichen.;What does balancing mean here?;Balancing compares planned and actual amounts of energy. The aim is to identify and settle deviations between feed-in and withdrawal.;0
Energie;Strommarkt und Marktkommunikation;Wie setzt sich der Strompreis für Haushalte grundsätzlich zusammen?;Er besteht aus Beschaffung und Vertrieb, Netzentgelten, Steuern, Abgaben und Umlagen sowie der Umsatzsteuer. Zusätzlich kann ein Grundpreis anfallen. Die Anteile verändern sich mit Tarif, Region und Jahr.;What does a household electricity price basically consist of?;It consists of procurement and sales, grid charges, taxes, levies and surcharges, plus VAT. A base fee may also apply. The shares change with the tariff, region and year.;0
Energie;Strommarkt und Marktkommunikation;Warum kann Strom in Deutschland für Haushalte teuer sein?;Der Endpreis enthält mehr als den Börsenpreis: Beschaffung und Vertrieb, Netzentgelte, staatliche Preisbestandteile und Umsatzsteuer. Außerdem wirken Brennstoffpreise, CO₂-Kosten, Knappheit, Netzausbau und regionale Kosten auf den Preis.;Why can electricity be expensive for households in Germany?;The final price contains more than the exchange price: procurement and sales, grid charges, government price components and VAT. Fuel prices, CO₂ costs, scarcity, grid expansion and regional costs also affect the price.;0
Energie;Strommarkt und Marktkommunikation;Wie hoch war ein durchschnittlicher Haushaltsstrompreis 2026 ungefähr?;Die BDEW-Strompreisanalyse Herbst 2026 nennt bisher durchschnittlich 37,0 ct/kWh. Davon entfielen dort 15,2 ct auf Beschaffung und Vertrieb, 9,2 ct auf Netzentgelte und 12,6 ct auf Steuern, Abgaben und Umlagen. Das ist ein Tarifdurchschnitt und keine bundesweit identische Rechnung.;Roughly how high was an average household electricity price in 2026?;The BDEW electricity price analysis for autumn 2026 states an average of 37.0 ct/kWh so far. Of that, 15.2 ct was for procurement and sales, 9.2 ct for grid charges, and 12.6 ct for taxes, levies and surcharges. This is a tariff average, not an identical nationwide calculation.;0
Energie;Strommarkt und Marktkommunikation;Warum ist der Börsenpreis nicht gleich dem Preis auf der Stromrechnung?;Der Börsenpreis betrifft die Beschaffung für bestimmte Zeitintervalle. Auf der Rechnung kommen unter anderem Vertrieb, Netznutzung, Steuern, Abgaben, Umlagen, Umsatzsteuer und häufig ein Grundpreis hinzu.;Why is the exchange price not the same as the price on the electricity bill?;The exchange price concerns procurement for particular time intervals. The bill also adds, among other things, sales, grid use, taxes, levies, surcharges, VAT and often a base fee.;0
Energie;Strommarkt und Marktkommunikation;Was sind Netzentgelte?;Netzentgelte sind Entgelte für die Nutzung der Stromnetze. Sie finanzieren unter anderem Betrieb, Wartung, Messung, Verluste und den Ausbau der Netzinfrastruktur. Sie sind weder der reine Energiepreis noch eine allgemeine Steuer.;What are grid charges?;Grid charges are fees for using the power grids. They fund, among other things, operation, maintenance, metering, losses and the expansion of grid infrastructure. They are neither the pure energy price nor a general tax.;0
Energie;Strommarkt und Marktkommunikation;Warum können Netzentgelte regional unterschiedlich und hoch sein?;Netze unterscheiden sich in Länge, Spannungsebene, Auslastung, Instandhaltungsbedarf und notwendigem Ausbau. Kosten werden nach gesetzlichen Regeln auf Netznutzer verteilt. Deshalb sind Netzentgelte je nach Netzgebiet und Kundengruppe unterschiedlich.;Why can grid charges differ regionally and be high?;Grids differ in length, voltage level, utilisation, maintenance needs and required expansion. Costs are allocated to grid users according to statutory rules. That is why grid charges vary by grid area and customer group.;0
Energie;Strommarkt und Marktkommunikation;Wer kontrolliert die Netzentgelte?;Die Bundesnetzagentur und je nach Zuständigkeit Landesregulierungsbehörden überwachen die Regulierung der Netze und die zulässigen Erlöse. Netzbetreiber dürfen Entgelte nicht beliebig festlegen.;Who oversees grid charges?;The Bundesnetzagentur, and depending on jurisdiction the state regulatory authorities, oversee the regulation of the grids and the permitted revenues. Grid operators may not set charges freely.;0
Energie;Strommarkt und Marktkommunikation;Was ist die Bundesnetzagentur im Energiesystem?;Die Bundesnetzagentur ist eine unabhängige Bundesbehörde. Im Energiesektor reguliert und überwacht sie unter anderem Netze und Wettbewerb, begleitet Netzausbau und veröffentlicht Marktdaten. Sie erzeugt den Strom aber nicht selbst.;What is the Bundesnetzagentur's role in the energy system?;The Bundesnetzagentur is an independent federal authority. In the energy sector it regulates and oversees grids and competition, among other things, supports grid expansion and publishes market data. It does not generate electricity itself.;0
Energie;Strommarkt und Marktkommunikation;Was ist das EEG?;Das Erneuerbare-Energien-Gesetz regelt den Ausbau und die Förderung erneuerbarer Stromerzeugung. Es legt unter anderem Fördermechanismen, Anschluss- und Abnahmeregeln sowie Bedingungen für die Vermarktung fest.;What is the EEG?;The Renewable Energy Sources Act (EEG) governs the expansion and support of renewable electricity generation. It sets out, among other things, funding mechanisms, connection and offtake rules, and marketing conditions.;0
Energie;Strommarkt und Marktkommunikation;Wird die EEG-Umlage heute noch auf jeder Stromrechnung erhoben?;Nein. Die EEG-Umlage wurde für Letztverbraucher ab Juli 2022 auf null gesetzt. Seit 2023 wird die Finanzierung der EEG-Förderung im Wesentlichen aus Bundesmitteln organisiert. Das EEG selbst besteht trotzdem weiter.;Is the EEG surcharge still charged on every electricity bill today?;No. The EEG surcharge was reduced to zero for end consumers from July 2022. Since 2023, EEG funding has mainly been financed from federal funds. The EEG itself, however, still exists.;0
Energie;Strommarkt und Marktkommunikation;Warum bedeutet ein hoher Anteil erneuerbarer Energien nicht automatisch einen niedrigen Haushaltsstrompreis?;Erneuerbare Anlagen können günstigen Strom erzeugen, aber der Endpreis enthält zusätzlich Netzkosten, Vertrieb, Steuern, Abgaben, Umlagen und Umsatzsteuer. Außerdem müssen Netze, Speicher, Reserven und Flexibilität finanziert werden.;Why doesn't a high share of renewables automatically mean a low household electricity price?;Renewable plants can generate cheap electricity, but the final price also contains grid costs, sales, taxes, levies, surcharges and VAT. Grids, storage, reserves and flexibility also have to be financed.;0
Energie;Strommarkt und Marktkommunikation;Warum kann ein negativer Börsenpreis trotzdem zu einer positiven Stromrechnung führen?;Der negative Preis gilt für den Großhandel in bestimmten Zeiträumen. Die Rechnung eines Haushalts enthält aber weitere Preisbestandteile, zum Beispiel Netzentgelte, Steuern, Abgaben, Vertrieb und Umsatzsteuer.;Why can a negative exchange price still lead to a positive electricity bill?;The negative price applies to the wholesale market during particular periods. A household's bill, however, contains further price components, such as grid charges, taxes, levies, sales and VAT.;0
Energie;Strommarkt und Marktkommunikation;Was ist die Stromsteuer?;Die Stromsteuer ist eine staatliche Verbrauchsteuer auf elektrischen Strom. Sie ist nur ein Teil des Endpreises und nicht dasselbe wie Netzentgelt oder EEG-Förderung.;What is the electricity tax?;The electricity tax is a government excise duty on electric power. It is only one part of the final price and is not the same as the grid charge or EEG funding.;0
Energie;Strommarkt und Marktkommunikation;Was ist die Konzessionsabgabe?;Die Konzessionsabgabe ist eine Zahlung von Energieversorgern an Kommunen für das Recht, öffentliche Wege und Straßen für Leitungen zu nutzen. Sie kann als Bestandteil des Strompreises weitergegeben werden.;What is the concession fee?;The concession fee is a payment from energy suppliers to municipalities for the right to use public paths and roads for lines. It can be passed on as part of the electricity price.;0
Energie;Strommarkt und Marktkommunikation;Was ist Ausgleichsenergie?;Jeder Bilanzkreis soll im Voraus so planen, dass Einspeisung und Entnahme sich decken. Weicht die Wirklichkeit vom Plan ab, gleicht der Netzbetreiber die Differenz mit Regelenergie aus. Diese Differenz wird dem Bilanzkreis als Ausgleichsenergie in Rechnung gestellt oder vergütet. Das schafft einen Anreiz, möglichst genau zu planen.;What is balancing energy?;Every balancing group is supposed to plan in advance so that feed-in and withdrawal match. If reality deviates from the plan, the grid operator makes up the difference with control energy. This difference is charged to or paid to the balancing group as balancing energy. This creates an incentive to plan as accurately as possible.;0
Energie;Strommarkt und Marktkommunikation;Welche wichtigen Marktrollen gibt es im Strommarkt?;Zu den zentralen Rollen gehören der Netzbetreiber, der das Netz betreibt, der Stromlieferant, der Kunden beliefert, der Bilanzkreisverantwortliche, der die Mengen plant und ausgleicht, und der Messstellenbetreiber, der die Zähler betreibt und die Messwerte liefert. Diese Rollen tauschen nach festen Regeln Daten aus. Ein Unternehmen kann mehrere Rollen zugleich ausfüllen.;What are the important market roles in the electricity market?;The central roles include the grid operator, who runs the network, the electricity supplier, who serves customers, the balancing group manager, who plans and balances the volumes, and the metering point operator, who runs the meters and provides the readings. These roles exchange data according to fixed rules. One company can fill several roles at once.;0
Energie;Strommarkt und Marktkommunikation;Was ist ein Messstellenbetreiber (MSB)?;Der Messstellenbetreiber ist dafür zuständig, den Stromzähler einzubauen, zu betreiben und die Messwerte zu erfassen und weiterzugeben. Diese Werte sind die Grundlage für Abrechnung und Bilanzierung. Es gibt den grundzuständigen Messstellenbetreiber und wettbewerbliche Anbieter, zwischen denen Kunden wählen können.;What is a metering point operator (MSB)?;The metering point operator is responsible for installing and operating the electricity meter and for recording and passing on the readings. These readings are the basis for billing and balancing. There is a default metering point operator and competitive providers, between which customers can choose.;0
Energie;Strommarkt und Marktkommunikation;Was ist der Unterschied zwischen Marktlokation (MaLo) und Messlokation (MeLo)?;Die Marktlokation ist der Ort, an dem Strom aus Marktsicht entnommen oder eingespeist wird, also die Einheit, die im Markt bilanziert und abgerechnet wird. Die Messlokation ist der konkrete Ort, an dem gemessen wird, also wo der Zähler sitzt. Meist gehört zu einer Marktlokation eine Messlokation, es können aber auch mehrere sein.;What is the difference between a market location (MaLo) and a metering location (MeLo)?;The market location is the point where electricity is withdrawn or fed in from a market perspective, that is the unit that is balanced and billed in the market. The metering location is the specific point where measurement takes place, that is where the meter sits. Usually one market location has one metering location, but there can be several.;0
Energie;Strommarkt und Marktkommunikation;Was ist ein Standardlastprofil (SLP)?;Kleine Verbraucher wie Haushalte haben keinen Zähler, der viertelstündlich misst. Für sie nutzt man Standardlastprofile, also typische Verbrauchsverläufe über den Tag, die stellvertretend angesetzt werden. So kann der Verbrauch bilanziert werden, obwohl er nicht laufend einzeln gemessen wird.;What is a standard load profile (SLP)?;Small consumers such as households do not have a meter that measures every quarter hour. For them, standard load profiles are used, that is typical consumption patterns over the day that stand in for the real one. This allows their consumption to be balanced even though it is not measured continuously on an individual basis.;0
Energie;Strommarkt und Marktkommunikation;Was ist eine registrierende Leistungsmessung (RLM)?;Große Verbraucher werden nicht über ein Standardprofil abgebildet, sondern laufend gemessen, meist in Viertelstundenwerten. Diese registrierende Leistungsmessung liefert einen echten Lastgang, also den tatsächlichen Verlauf über die Zeit. Sie ist genauer und wird für Kunden ab einer bestimmten Verbrauchsgröße vorgeschrieben.;What is interval metering (RLM)?;Large consumers are not represented by a standard profile but measured continuously, usually in quarter-hour values. This interval metering provides a real load curve, that is the actual profile over time. It is more accurate and is required for customers above a certain consumption size.;0
Energie;Strommarkt und Marktkommunikation;Was ist EDIFACT und welche Rolle spielt es in der Marktkommunikation?;EDIFACT ist ein internationaler Standard für den elektronischen Austausch von Geschäftsdaten. Im deutschen Strommarkt tauschen die Marktpartner ihre Nachrichten in festgelegten EDIFACT-Formaten aus, damit die Systeme sie automatisch verarbeiten können. Bekannte Nachrichtentypen sind zum Beispiel UTILMD für Stammdaten und MSCONS für Messwerte.;What is EDIFACT and what role does it play in market communication?;EDIFACT is an international standard for the electronic exchange of business data. In the German electricity market, market partners exchange their messages in defined EDIFACT formats so that the systems can process them automatically. Well-known message types include UTILMD for master data and MSCONS for meter readings.;0
Energie;Strommarkt und Marktkommunikation;Was ist der Unterschied zwischen Spotmarkt und Terminmarkt?;Am Spotmarkt wird Strom für die sehr nahe Zukunft gehandelt, also für den nächsten Tag oder noch am selben Tag. Am Terminmarkt kauft und verkauft man Strom für Wochen, Monate oder Jahre im Voraus, um sich gegen Preisschwankungen abzusichern. Der Spotmarkt bildet die aktuelle Knappheit ab, der Terminmarkt die langfristige Erwartung.;What is the difference between the spot market and the forward market?;On the spot market, electricity is traded for the very near future, that is for the next day or even the same day. On the forward market, electricity is bought and sold for weeks, months or years in advance, to hedge against price swings. The spot market reflects current scarcity, the forward market the long-term expectation.;0
Energie;Strommarkt und Marktkommunikation;Was ist eine Strombörse und was ist die EPEX SPOT?;Eine Strombörse ist ein Marktplatz, auf dem Strom standardisiert und transparent gehandelt wird. Für den kurzfristigen Handel in Deutschland und mehreren Nachbarländern ist die EPEX SPOT die zentrale Börse. Dort entstehen die viel zitierten Day-Ahead- und Intraday-Preise, an denen sich der ganze Markt orientiert.;What is a power exchange and what is EPEX SPOT?;A power exchange is a marketplace where electricity is traded in a standardised and transparent way. For short-term trading in Germany and several neighbouring countries, EPEX SPOT is the central exchange. This is where the widely cited day-ahead and intraday prices are formed, which the whole market takes its bearings from.;0
Energie;Strommarkt und Marktkommunikation;Was bedeutet GeLi Gas im Vergleich zu GPKE?;GPKE regelt die einheitlichen Geschäftsprozesse für die Belieferung mit Strom, zum Beispiel den Lieferantenwechsel. GeLi Gas ist das Gegenstück für den Gasmarkt. Beide sorgen dafür, dass alle Marktpartner Wechsel und Abrechnung nach den gleichen Regeln und Fristen abwickeln, nur eben für Strom beziehungsweise Gas.;What does GeLi Gas mean compared with GPKE?;GPKE defines the uniform business processes for supplying electricity, for example switching suppliers. GeLi Gas is the counterpart for the gas market. Both ensure that all market partners handle switching and billing according to the same rules and deadlines, just for electricity and gas respectively.;0
Energie;Systembetrieb, Regelenergie und Redispatch;Warum müssen Erzeugung und Verbrauch ständig ausgeglichen werden?;Elektrische Energie lässt sich im Netz nicht in beliebiger Menge direkt speichern. Deshalb muss die erzeugte Leistung laufend an die verbrauchte Leistung angepasst werden.;Why must generation and consumption be balanced constantly?;Electrical energy cannot be directly stored in the grid in unlimited amounts. That is why the power generated must be continuously matched to the power consumed.;0
Energie;Systembetrieb, Regelenergie und Redispatch;Was ist Regelenergie?;Regelenergie ist Energie, die zur kurzfristigen Anpassung von Erzeugung oder Verbrauch aktiviert wird, damit das Stromsystem im Gleichgewicht bleibt.;What is control energy (regelenergie)?;Control energy is energy activated to adjust generation or consumption at short notice, so the power system stays in balance.;0
Energie;Systembetrieb, Regelenergie und Redispatch;Was ist Primärregelreserve?;Primärregelreserve reagiert automatisch und sehr schnell auf Frequenzabweichungen. Sie stabilisiert die Frequenz zunächst, ersetzt aber nicht dauerhaft fehlende Energie.;What is primary control reserve?;Primary control reserve reacts automatically and very quickly to frequency deviations. It initially stabilises the frequency, but does not permanently replace missing energy.;0
Energie;Systembetrieb, Regelenergie und Redispatch;Was ist Sekundärregelreserve?;Sekundärregelreserve wird automatisch aktiviert, um Frequenz und Austauschprogramme wieder in Richtung ihrer Sollwerte zu führen.;What is secondary control reserve?;Secondary control reserve is activated automatically to bring the frequency and exchange programmes back towards their target values.;0
Energie;Systembetrieb, Regelenergie und Redispatch;Was ist Minutenreserve?;Minutenreserve ist eine Regelreserve, die innerhalb eines definierten Zeitraums aktiviert wird. Sie ersetzt zuvor aktivierte Reserven und unterstützt den weiteren Ausgleich.;What is minute reserve?;Minute reserve is a control reserve activated within a defined time frame. It replaces previously activated reserves and supports further balancing.;0
Energie;Systembetrieb, Regelenergie und Redispatch;Was ist der Unterschied zwischen Regelkapazität und Regelarbeit?;Regelkapazität beschreibt die vorgehaltene abrufbare Leistung. Regelarbeit beschreibt die tatsächlich aktivierte Energiemenge.;What is the difference between control capacity and control energy delivered?;Control capacity describes the reserved, callable power. Control energy delivered describes the amount of energy actually activated.;0
Energie;Systembetrieb, Regelenergie und Redispatch;Was ist Redispatch?;Redispatch ist die gezielte Änderung geplanter Einspeisung, um Netzengpässe zu vermeiden oder zu beseitigen. Eine Anlage wird heruntergeregelt und eine andere kann an anderer Stelle hochgeregelt werden.;What is redispatch?;Redispatch is the deliberate change of planned feed-in to avoid or resolve grid bottlenecks. One plant is turned down while another is turned up elsewhere.;0
Energie;Systembetrieb, Regelenergie und Redispatch;Was ist der Unterschied zwischen Regelenergie und Redispatch?;Regelenergie gleicht vor allem zeitliche Leistungsabweichungen und Frequenzprobleme aus. Redispatch verändert gezielt die räumliche Einspeisung, um Netzengpässe zu lösen.;What is the difference between control energy and redispatch?;Control energy mainly balances short-term power deviations and frequency problems. Redispatch specifically changes where feed-in happens, in order to resolve grid bottlenecks.;0
Energie;Systembetrieb, Regelenergie und Redispatch;Was ist präventiver Redispatch?;Präventiver Redispatch wird durchgeführt, bevor ein erwarteter Engpass tatsächlich auftritt. Dadurch soll die Belastung rechtzeitig begrenzt werden.;What is preventive redispatch?;Preventive redispatch is carried out before an expected bottleneck actually occurs, so the load can be limited in good time.;0
Energie;Systembetrieb, Regelenergie und Redispatch;Was ist kurativer Redispatch?;Kurative Maßnahmen werden eingesetzt, wenn ein Engpass bereits eingetreten ist oder unmittelbar droht. Sie reagieren auf einen konkreten Betriebszustand.;What is curative redispatch?;Curative measures are used once a bottleneck has already occurred or is immediately imminent. They react to a specific operating situation.;0
Energie;Systembetrieb, Regelenergie und Redispatch;Was bedeutet Redispatch 2.0?;Redispatch 2.0 bezieht neben konventionellen Kraftwerken auch viele erneuerbare Erzeugungsanlagen, KWK-Anlagen und Speicher in das Engpassmanagement ein.;What does redispatch 2.0 mean?;Redispatch 2.0 brings many renewable generation plants, CHP plants and storage systems into bottleneck management, alongside conventional power plants.;0
Energie;Systembetrieb, Regelenergie und Redispatch;Warum kann trotz ausreichender Erzeugung ein Netzengpass entstehen?;Strom muss über konkrete Leitungen transportiert werden. Wenn eine Leitung ihre Belastungsgrenze erreicht, kann lokal ein Engpass entstehen, obwohl insgesamt genügend Strom vorhanden ist.;Why can a grid bottleneck occur even with enough generation overall?;Electricity has to be transported over specific lines. If a line reaches its loading limit, a local bottleneck can occur even though there is enough electricity overall.;0
Energie;Systembetrieb, Regelenergie und Redispatch;Was bedeutet SCADA?;SCADA steht für Supervisory Control and Data Acquisition. Es bezeichnet Systeme zur Überwachung und teilweise Steuerung technischer Anlagen und Netze.;What does SCADA mean?;SCADA stands for Supervisory Control and Data Acquisition. It refers to systems for monitoring, and partly controlling, technical plants and grids.;0
Energie;Systembetrieb, Regelenergie und Redispatch;Was bedeutet EMS?;EMS steht für Energy Management System. Es unterstützt die Überwachung, Analyse und Betriebsführung eines Energiesystems.;What does EMS mean?;EMS stands for Energy Management System. It supports the monitoring, analysis and operational control of an energy system.;0
Energie;Systembetrieb, Regelenergie und Redispatch;Was ist State Estimation?;State Estimation ist die rechnerische Schätzung des aktuellen Netzzustands aus Messwerten, Netzmodell und Plausibilitätsprüfungen.;What is state estimation?;State estimation is the computational estimate of the current grid state, based on measurements, the grid model and plausibility checks.;0
Energie;Systembetrieb, Regelenergie und Redispatch;Was ist eine Zeitreihe?;Eine Zeitreihe ist eine Folge von Mess- oder Beobachtungswerten, die Zeitpunkten oder Zeitintervallen zugeordnet sind.;What is a time series?;A time series is a sequence of measured or observed values assigned to particular times or time intervals.;0
Energie;Systembetrieb, Regelenergie und Redispatch;Was ist ein Prognosewert?;Ein Prognosewert ist eine Schätzung für einen zukünftigen oder noch nicht endgültig gemessenen Wert, zum Beispiel die erwartete Windstromerzeugung.;What is a forecast value?;A forecast value is an estimate for a future or not-yet-finally-measured value, for example expected wind power generation.;0
Energie;Systembetrieb, Regelenergie und Redispatch;Was ist ein Istwert?;Ein Istwert ist ein gemessener oder nachträglich festgestellter Wert, der die tatsächlich eingetretene Situation beschreibt.;What is an actual value?;An actual value is a measured or subsequently determined value that describes what actually happened.;0
Energie;Systembetrieb, Regelenergie und Redispatch;Was ist SMARD?;SMARD ist die Energiemarktdatenplattform der Bundesnetzagentur. Dort werden unter anderem Daten zu Stromerzeugung, Verbrauch, Handel und Preisen veröffentlicht.;What is SMARD?;SMARD is the Bundesnetzagentur's energy market data platform. Among other things, it publishes data on electricity generation, consumption, trading and prices.;0
Energie;Systembetrieb, Regelenergie und Redispatch;Was ist ENTSO-E?;ENTSO-E ist der Verband der europäischen Übertragungsnetzbetreiber. Er unterstützt unter anderem die Koordination und Veröffentlichung europäischer Stromnetzdaten.;What is ENTSO-E?;ENTSO-E is the association of European transmission system operators. Among other things, it supports the coordination and publication of European grid data.;0
Energie;Systembetrieb, Regelenergie und Redispatch;Was muss bei Energiedaten dokumentiert werden?;Quelle, Einheit, Zeitauflösung, Zeitzone, Datenstand und Berechnungsmethode müssen bekannt sein, damit Ergebnisse nachvollziehbar sind.;What has to be documented for energy data?;Source, unit, time resolution, time zone, data status and calculation method all need to be known, so results can be traced.;0
Energie;Systembetrieb, Regelenergie und Redispatch;Was ist ein typischer Fehler bei Stromdaten?;Ein häufiger Fehler ist, Leistung und Energie zu verwechseln oder Werte mit unterschiedlichen Zeitauflösungen direkt miteinander zu vergleichen.;What is a typical mistake with electricity data?;A common mistake is confusing power and energy, or comparing values with different time resolutions directly with each other.;0
Energie;Systembetrieb, Regelenergie und Redispatch;Was ist der Unterschied zwischen Stromverbrauch und Netzlast bei SMARD?;SMARD verwendet Stromverbrauch für die aktuell aus dem Netz bezogene elektrische Energie beziehungsweise Netzlast. Eigenverbrauch aus einem Akku oder einer direkt selbst genutzten Solaranlage ist nicht vollständig dasselbe wie Netzbezug und muss bei Vergleichen beachtet werden.;What is the difference between electricity consumption and grid load at SMARD?;SMARD uses electricity consumption for the electrical energy currently drawn from the grid, i.e. grid load. Self-consumption from a battery or a solar system used directly is not fully the same as grid draw and must be considered when comparing figures.;0
Energie;Systembetrieb, Regelenergie und Redispatch;Warum müssen Preis- und Verbrauchsdaten immer einen Datenstand haben?;Marktdaten können nachträglich aktualisiert, korrigiert oder methodisch verändert werden. Ohne Jahr, Zeitraum, Einheit und Definition ist ein Zahlenvergleich leicht missverständlich.;Why do price and consumption data always need a data status?;Market data can be updated, corrected or methodologically changed afterwards. Without a year, period, unit and definition, comparing figures can easily be misleading.;0
Energie;Systembetrieb, Regelenergie und Redispatch;Warum werden Netzausbaukosten und erneuerbare Einspeisung politisch gemeinsam diskutiert?;Neue Wind- und Solaranlagen entstehen nicht immer dort, wo der Verbrauch am höchsten ist. Für den Transport können Verstärkungen, neue Leitungen, Umspannwerke und zusätzliche Systemmaßnahmen nötig werden. Das ist eine Infrastrukturfrage und kein Beweis, dass erneuerbare Energie an sich keine Energie liefert.;Why are grid expansion costs and renewable feed-in discussed together politically?;New wind and solar plants do not always arise where consumption is highest. Reinforcements, new lines, substations and additional system measures can be needed for transport. This is an infrastructure question, not proof that renewable energy itself does not supply energy.;0
Energie;Systembetrieb, Regelenergie und Redispatch;Was ist die Netzfrequenz und warum sind 50 Hertz so wichtig?;Die Netzfrequenz zeigt, ob Erzeugung und Verbrauch im Gleichgewicht sind. In Europa liegt sie bei 50 Hertz. Wird mehr verbraucht als erzeugt, sinkt die Frequenz, bei Überschuss steigt sie. Schon kleine Abweichungen sind ein Alarmsignal, deshalb überwachen Netzbetreiber die Frequenz ständig und regeln gegen.;What is the grid frequency and why are 50 hertz so important?;"The grid frequency shows whether generation and consumption are in balance. In Europe it is 50 hertz. If more is consumed than generated, the frequency falls; if there is a surplus, it rises. Even small deviations are a warning sign, which is why grid operators constantly monitor the frequency and correct it.";0
Energie;Systembetrieb, Regelenergie und Redispatch;Was ist Momentanreserve (Trägheit)?;Große rotierende Generatoren in Kraftwerken speichern Bewegungsenergie in ihrer Masse. Fällt plötzlich Erzeugung aus, geben sie diese Energie sofort ab und bremsen den Frequenzabfall in den ersten Sekunden, ganz von selbst und ohne Steuerung. Das nennt man Momentanreserve oder Trägheit. Weil Wind- und Solaranlagen über Elektronik ans Netz gehen, liefern sie diese Trägheit nicht automatisch, was ein wachsendes Thema ist.;What is inertia (instantaneous reserve)?;Large rotating generators in power plants store kinetic energy in their mass. If generation suddenly drops, they release this energy immediately and slow the fall in frequency in the first seconds, all by themselves and without any control. This is called inertia or instantaneous reserve. Because wind and solar plants connect to the grid through electronics, they do not automatically provide this inertia, which is a growing issue.;0
Energie;Systembetrieb, Regelenergie und Redispatch;Was ist Primärregelreserve (FCR)?;Die Primärregelreserve, auf Englisch Frequency Containment Reserve oder FCR, ist die schnellste geregelte Reaktion auf Frequenzabweichungen. Sie greift innerhalb von Sekunden automatisch ein und stoppt das Abweichen der Frequenz, hält sie aber noch nicht auf ihren Sollwert zurück. Alle Übertragungsnetzbetreiber in Europa stellen sie gemeinsam bereit.;What is primary control reserve (FCR)?;Primary control reserve, in English Frequency Containment Reserve or FCR, is the fastest controlled response to frequency deviations. It acts automatically within seconds and stops the frequency from drifting further, though it does not yet bring it back to its target value. All transmission system operators in Europe provide it jointly.;0
Energie;Systembetrieb, Regelenergie und Redispatch;Was ist Sekundärregelreserve (aFRR)?;Die Sekundärregelreserve, englisch automatic Frequency Restoration Reserve oder aFRR, wird automatisch abgerufen und bringt die Frequenz nach einer Störung wieder genau auf 50 Hertz zurück. Sie löst die schnelle Primärregelreserve ab, damit diese wieder bereitsteht. Sie wirkt im Bereich von Sekunden bis wenigen Minuten.;What is secondary control reserve (aFRR)?;Secondary control reserve, in English automatic Frequency Restoration Reserve or aFRR, is called up automatically and brings the frequency back to exactly 50 hertz after a disturbance. It relieves the fast primary reserve so that it becomes available again. It acts over seconds to a few minutes.;0
Energie;Systembetrieb, Regelenergie und Redispatch;Was ist Minutenreserve (mFRR)?;Die Minutenreserve, englisch manual Frequency Restoration Reserve oder mFRR, wird vom Netzbetreiber gezielt abgerufen und braucht einige Minuten, bis sie voll wirkt. Sie entlastet die Sekundärregelreserve bei länger anhaltenden Ungleichgewichten. Damit gibt es drei Stufen, die immer langsamer, aber ausdauernder wirken: FCR, aFRR und mFRR.;What is minute reserve (mFRR)?;Minute reserve, in English manual Frequency Restoration Reserve or mFRR, is called up deliberately by the grid operator and needs several minutes to take full effect. It relieves the secondary reserve during longer-lasting imbalances. This gives three stages that act ever more slowly but for longer: FCR, aFRR and mFRR.;0
Energie;Systembetrieb, Regelenergie und Redispatch;Was ist der Unterschied zwischen Leistungspreis und Arbeitspreis bei Regelreserve?;Bei der Regelreserve gibt es zwei Vergütungen. Der Leistungspreis bezahlt das Bereithalten der Reserve, also die Zusage, im Bedarfsfall liefern zu können. Der Arbeitspreis bezahlt die tatsächlich abgerufene Energie. Ein Anbieter verdient also schon fürs Vorhalten und zusätzlich für den echten Einsatz.;What is the difference between capacity price and energy price for control reserve?;Control reserve has two forms of payment. The capacity price pays for keeping the reserve available, that is the commitment to be able to deliver if needed. The energy price pays for the energy actually called up. A provider therefore earns both for standing by and additionally for the real deployment.;0
Energie;Energiegeschichte, Mobilität und Energiewende;Welche Energiequellen nutzten Menschen zunächst?;Frühe Gesellschaften nutzten vor allem Muskelkraft, Feuerholz, Sonnenwärme, Wind, Wasser und später tierische Arbeitskraft.;What energy sources did people use first?;Early societies mainly used muscle power, firewood, solar heat, wind, water and, later, animal labour.;0
Energie;Energiegeschichte, Mobilität und Energiewende;Warum war die Nutzung von Feuer eine Energierevolution?;Feuer ermöglichte Wärme, Licht, Kochen, Materialverarbeitung und später Metallurgie. Menschen konnten dadurch Energie außerhalb ihrer eigenen Muskelkraft nutzen.;Why was the use of fire an energy revolution?;Fire enabled warmth, light, cooking, material processing and later metallurgy. It let people use energy beyond their own muscle power.;0
Energie;Energiegeschichte, Mobilität und Energiewende;Welche Rolle spielte die Dampfmaschine?;Die Dampfmaschine wandelte Wärmeenergie in mechanische Arbeit um. Sie unterstützte Bergbau, Produktion, Schifffahrt und Eisenbahn.;What role did the steam engine play?;The steam engine converted heat energy into mechanical work. It supported mining, manufacturing, shipping and railways.;0
Energie;Energiegeschichte, Mobilität und Energiewende;Warum war Faradays elektromagnetische Induktion wichtig?;Faradays Arbeiten zeigten, wie Bewegung und Magnetfelder elektrische Spannung erzeugen können. Dieses Prinzip ist eine Grundlage elektrischer Generatoren.;Why was Faraday's electromagnetic induction important?;Faraday's work showed how motion and magnetic fields can generate electric voltage. This principle underlies electrical generators.;0
Energie;Energiegeschichte, Mobilität und Energiewende;Warum war Wechselstromtechnik für Stromnetze wichtig?;Wechselstrom lässt sich mit Transformatoren auf höhere oder niedrigere Spannungen umwandeln. Das erleichterte die Übertragung und Verteilung elektrischer Energie.;Why was AC technology important for power grids?;Alternating current can be transformed to higher or lower voltages using transformers. This made transmitting and distributing electrical energy easier.;0
Energie;Energiegeschichte, Mobilität und Energiewende;Warum wurde Kohle im 19. Jahrhundert wichtig?;Kohle war energiereich, lagerfähig und für Dampfmaschinen, Eisenproduktion und industrielle Prozesse geeignet. Ihr Einsatz beschleunigte die Industrialisierung.;Why did coal become important in the 19th century?;Coal was energy-dense, storable and well suited to steam engines, iron production and industrial processes. Its use accelerated industrialisation.;0
Energie;Energiegeschichte, Mobilität und Energiewende;Warum wurde Erdöl für die Mobilität wichtig?;Erdöl kann zu flüssigen Kraftstoffen verarbeitet werden. Diese besitzen eine hohe Energiedichte und eignen sich für Verbrennungsmotoren.;Why did oil become important for mobility?;Crude oil can be processed into liquid fuels. These have a high energy density and are well suited to internal combustion engines.;0
Energie;Energiegeschichte, Mobilität und Energiewende;Was waren die Ölkrisen der 1970er-Jahre?;Politische Konflikte und Förderbeschränkungen führten zu starken Veränderungen und Preissteigerungen auf den Ölmärkten. Die Krisen zeigten die Abhängigkeit von Ölimporten.;What were the oil crises of the 1970s?;Political conflicts and production restrictions led to sharp changes and price rises on oil markets. The crises showed how dependent economies were on oil imports.;0
Energie;Energiegeschichte, Mobilität und Energiewende;Wie funktioniert ein Verbrennungsmotor grundsätzlich?;Ein Verbrennungsmotor wandelt die chemische Energie eines Kraftstoffs durch Verbrennung zunächst in Wärme und Druck und anschließend in mechanische Arbeit um.;How does an internal combustion engine basically work?;An internal combustion engine converts a fuel's chemical energy through combustion first into heat and pressure, and then into mechanical work.;0
Energie;Energiegeschichte, Mobilität und Energiewende;Wie funktioniert ein Elektroauto grundsätzlich?;Ein Elektroauto nutzt elektrische Energie aus einer Batterie. Ein Wechselrichter und ein Elektromotor wandeln sie in mechanische Bewegung um.;How does an electric car basically work?;An electric car uses electrical energy from a battery. An inverter and an electric motor convert it into mechanical motion.;0
Energie;Energiegeschichte, Mobilität und Energiewende;Warum sind Elektroautos lokal emissionsfrei?;Während der Fahrt stoßen sie am Fahrzeug selbst keine Abgase aus. Für die Gesamtbilanz müssen jedoch Stromerzeugung, Herstellung und Batterie berücksichtigt werden.;Why are electric cars locally emission-free?;While driving, they emit no exhaust gases from the vehicle itself. For the full picture, however, electricity generation, manufacturing and the battery also need to be taken into account.;0
Energie;Energiegeschichte, Mobilität und Energiewende;Was ist Rekuperation?;Rekuperation ist die Rückgewinnung von Bewegungsenergie beim Verzögern. Der Elektromotor arbeitet dabei als Generator und lädt die Batterie teilweise wieder auf.;What is regenerative braking (recuperation)?;Recuperation is recovering kinetic energy while decelerating. The electric motor then works as a generator and partly recharges the battery.;0
Energie;Energiegeschichte, Mobilität und Energiewende;Was ist der Unterschied zwischen Ladeleistung und Ladeenergie?;Ladeleistung wird in kW angegeben und beschreibt die Geschwindigkeit des Ladens. Ladeenergie wird in kWh angegeben und beschreibt die geladene Energiemenge.;What is the difference between charging power and charging energy?;Charging power is given in kW and describes how fast charging happens. Charging energy is given in kWh and describes the amount of energy charged.;0
Energie;Energiegeschichte, Mobilität und Energiewende;Was bedeutet Energiewende?;Energiewende bezeichnet den langfristigen Umbau des Energiesystems, insbesondere den Ausbau erneuerbarer Energien, mehr Effizienz und weniger Treibhausgasemissionen.;What does energy transition mean?;Energy transition refers to the long-term transformation of the energy system, in particular expanding renewable energy, improving efficiency and cutting greenhouse gas emissions.;0
Energie;Energiegeschichte, Mobilität und Energiewende;Warum verändert die Energiewende den Netzbetrieb?;Erzeugung wird stärker wetterabhängig, dezentraler und räumlich anders verteilt. Dadurch steigen die Anforderungen an Netze, Prognosen, Speicher, Flexibilität und Systemführung.;Why does the energy transition change grid operation?;Generation becomes more weather-dependent, more decentralised and distributed differently in space. This raises the demands on grids, forecasting, storage, flexibility and system operation.;0
Energie;Energiegeschichte, Mobilität und Energiewende;Warum müssen Elektroautos im Stromsystem mitgedacht werden?;Viele Elektroautos können gleichzeitig eine erhebliche Ladeleistung aufnehmen. Gesteuertes Laden kann Lastspitzen vermeiden und die Nutzung erneuerbarer Energie unterstützen.;Why do electric cars need to be factored into the power system?;Many electric cars can draw considerable charging power at the same time. Managed (smart) charging can avoid load peaks and support the use of renewable energy.;0
Energie;Energiegeschichte, Mobilität und Energiewende;Wie viel Energie speichert eine typische Elektroauto-Batterie ungefähr?;Viele Elektroautos liegen grob im Bereich von 40 bis 100 kWh Batteriekapazität. Die genaue Größe hängt vom Fahrzeug ab. Kapazität ist eine Energiemenge in kWh, während die Ladeleistung in kW angegeben wird.;Roughly how much energy does a typical electric car battery store?;Many electric cars roughly fall in the range of 40 to 100 kWh of battery capacity. The exact size depends on the vehicle. Capacity is an amount of energy in kWh, while charging power is given in kW.;0
Energie;Energiegeschichte, Mobilität und Energiewende;Wie vergleicht man ein Elektroauto mit einem Verbrenner beim Energieverbrauch?;Ein Elektroauto nutzt elektrische Energie aus dem Akku und hat im Antrieb meist weniger Umwandlungsverluste. Ein Verbrenner nutzt chemische Energie aus Kraftstoff und verliert viel Wärme. Ein fairer Vergleich muss Strecke, Fahrzeuggröße, Ladeverluste und die Systemgrenze nennen.;How do you compare an electric car with a combustion car in terms of energy use?;An electric car uses electrical energy from its battery and usually has fewer conversion losses in the drivetrain. A combustion car uses chemical energy from fuel and loses a lot as heat. A fair comparison must state the distance, vehicle size, charging losses and the system boundary considered.;0
Energie;Energiegeschichte, Mobilität und Energiewende;Seit wann nutzt der Mensch die wichtigsten Energieträger grob?;Feuer und Holz nutzt der Mensch seit vielen tausend Jahren. Wind- und Wasserkraft treiben seit dem Mittelalter Mühlen an. Kohle wurde mit der Industrialisierung ab dem 18. Jahrhundert entscheidend. Erdöl kam im späten 19. Jahrhundert dazu, Kernkraft ab den 1950er-Jahren. Wind und Sonne wurden ab den 1990er-Jahren im großen Maßstab zur Stromerzeugung ausgebaut.;Since when have humans roughly used the main energy sources?;Humans have used fire and wood for many thousands of years. Wind and water power have driven mills since the Middle Ages. Coal became decisive with industrialisation from the 18th century. Oil was added in the late 19th century, nuclear power from the 1950s. Wind and solar were expanded for electricity generation on a large scale from the 1990s.;0
